ISO-10303-21;
HEADER;
/* Generated by software containing ST-Developer
 * from STEP Tools, Inc. (www.steptools.com) 
 */

FILE_DESCRIPTION(
/* description */ (''),
/* implementation_level */ '2;1');

FILE_NAME(
/* name */ 'WLED_Case_5V10A_ESP32.step',
/* time_stamp */ '2026-07-28T21:24:05+02:00',
/* author */ (''),
/* organization */ (''),
/* preprocessor_version */ 'ST-DEVELOPER v20.1',
/* originating_system */ 'Autodesk Translation Framework v15.8.0.0',
/* authorisation */ '');

FILE_SCHEMA (('AUTOMOTIVE_DESIGN { 1 0 10303 214 3 1 1 }'));
ENDSEC;

DATA;
#10=MECHANICAL_DESIGN_GEOMETRIC_PRESENTATION_REPRESENTATION('',(#17,#18,
#19,#20),#15263);
#11=SHAPE_REPRESENTATION_RELATIONSHIP('SRR','None',#15270,#12);
#12=ADVANCED_BREP_SHAPE_REPRESENTATION('',(#21,#22,#23,#24),#15262);
#13=B_SPLINE_SURFACE_WITH_KNOTS('',3,3,((#14633,#14634,#14635,#14636,#14637,
#14638),(#14639,#14640,#14641,#14642,#14643,#14644),(#14645,#14646,#14647,
#14648,#14649,#14650),(#14651,#14652,#14653,#14654,#14655,#14656),(#14657,
#14658,#14659,#14660,#14661,#14662)),.UNSPECIFIED.,.F.,.F.,.F.,(4,1,4),
(4,1,1,4),(0.,0.571428571428571,1.),(-1.5707963267949,-0.897597901025655,
-0.448798950512828,4.85722573273516E-17),.UNSPECIFIED.);
#14=B_SPLINE_SURFACE_WITH_KNOTS('',3,3,((#14669,#14670,#14671,#14672,#14673,
#14674),(#14675,#14676,#14677,#14678,#14679,#14680),(#14681,#14682,#14683,
#14684,#14685,#14686),(#14687,#14688,#14689,#14690,#14691,#14692),(#14693,
#14694,#14695,#14696,#14697,#14698)),.UNSPECIFIED.,.F.,.F.,.F.,(4,1,4),
(4,1,1,4),(0.,0.571428571428571,1.),(-1.57079632679494,-0.89759790102568,
-0.44879895051284,9.71445146547041E-17),.UNSPECIFIED.);
#15=B_SPLINE_SURFACE_WITH_KNOTS('',3,3,((#14705,#14706,#14707,#14708,#14709,
#14710),(#14711,#14712,#14713,#14714,#14715,#14716),(#14717,#14718,#14719,
#14720,#14721,#14722),(#14723,#14724,#14725,#14726,#14727,#14728),(#14729,
#14730,#14731,#14732,#14733,#14734)),.UNSPECIFIED.,.F.,.F.,.F.,(4,1,4),
(4,1,1,4),(0.,0.571428571428571,1.),(-1.57079632679491,-0.897597901025663,
-0.448798950512832,-1.73472347597682E-16),.UNSPECIFIED.);
#16=B_SPLINE_SURFACE_WITH_KNOTS('',3,3,((#14741,#14742,#14743,#14744,#14745,
#14746),(#14747,#14748,#14749,#14750,#14751,#14752),(#14753,#14754,#14755,
#14756,#14757,#14758),(#14759,#14760,#14761,#14762,#14763,#14764),(#14765,
#14766,#14767,#14768,#14769,#14770)),.UNSPECIFIED.,.F.,.F.,.F.,(4,1,4),
(4,1,1,4),(0.,0.571428571428571,1.),(-1.57079632679489,-0.897597901025652,
-0.448798950512826,4.85722573273585E-17),.UNSPECIFIED.);
#17=STYLED_ITEM('',(#15279),#21);
#18=STYLED_ITEM('',(#15279),#22);
#19=STYLED_ITEM('',(#15279),#23);
#20=STYLED_ITEM('',(#15279),#24);
#21=MANIFOLD_SOLID_BREP('Bottom',#9388);
#22=MANIFOLD_SOLID_BREP('Top',#9389);
#23=MANIFOLD_SOLID_BREP('Clamp_in',#9390);
#24=MANIFOLD_SOLID_BREP('Clamp_out',#9391);
#25=TOROIDAL_SURFACE('',#9591,1.8,1.20000001490116);
#26=TOROIDAL_SURFACE('',#9597,1.8,1.20000001490116);
#27=TOROIDAL_SURFACE('',#9603,1.80000000000001,1.20000001490116);
#28=TOROIDAL_SURFACE('',#9609,1.8,1.20000001490116);
#29=TOROIDAL_SURFACE('',#9937,1.80000000000001,1.00000001490116);
#30=TOROIDAL_SURFACE('',#9945,1.8,1.00000001490116);
#31=TOROIDAL_SURFACE('',#9954,1.8,1.00000001490116);
#32=TOROIDAL_SURFACE('',#9964,1.8,1.00000001490116);
#33=B_SPLINE_CURVE_WITH_KNOTS('',3,(#13185,#13186,#13187,#13188),
 .UNSPECIFIED.,.F.,.F.,(4,4),(0.,0.257129752305719),.UNSPECIFIED.);
#34=B_SPLINE_CURVE_WITH_KNOTS('',3,(#14360,#14361,#14362,#14363),
 .UNSPECIFIED.,.F.,.F.,(4,4),(0.,0.257129752305719),.UNSPECIFIED.);
#35=ELLIPSE('',#9494,4.59619407771257,3.25);
#36=ELLIPSE('',#9496,4.59619407771257,3.25);
#37=ELLIPSE('',#9497,4.59619407771257,3.25);
#38=ELLIPSE('',#9499,4.59619407771257,3.25);
#39=ELLIPSE('',#9501,4.59619407771257,3.25);
#40=ELLIPSE('',#9503,4.59619407771257,3.25);
#41=ELLIPSE('',#9504,4.59619407771257,3.25);
#42=ELLIPSE('',#9506,4.59619407771257,3.25);
#43=ELLIPSE('',#9891,1.01980390271857,1.);
#44=ELLIPSE('',#9892,1.01980390271855,1.);
#45=ELLIPSE('',#9894,1.01980390271856,1.);
#46=ELLIPSE('',#9895,1.01980390271857,1.);
#47=ELLIPSE('',#9897,1.01980390271856,1.);
#48=ELLIPSE('',#9898,1.01980390271856,1.);
#49=ELLIPSE('',#9900,1.01980390271855,1.);
#50=ELLIPSE('',#9901,1.01980390271855,1.);
#51=FACE_BOUND('',#1090,.T.);
#52=FACE_BOUND('',#1091,.T.);
#53=FACE_BOUND('',#1092,.T.);
#54=FACE_BOUND('',#1093,.T.);
#55=FACE_BOUND('',#1119,.T.);
#56=FACE_BOUND('',#1120,.T.);
#57=FACE_BOUND('',#1121,.T.);
#58=FACE_BOUND('',#1122,.T.);
#59=FACE_BOUND('',#1123,.T.);
#60=FACE_BOUND('',#1124,.T.);
#61=FACE_BOUND('',#1125,.T.);
#62=FACE_BOUND('',#1126,.T.);
#63=FACE_BOUND('',#1127,.T.);
#64=FACE_BOUND('',#1128,.T.);
#65=FACE_BOUND('',#1129,.T.);
#66=FACE_BOUND('',#1130,.T.);
#67=FACE_BOUND('',#1131,.T.);
#68=FACE_BOUND('',#1132,.T.);
#69=FACE_BOUND('',#1133,.T.);
#70=FACE_BOUND('',#1136,.T.);
#71=FACE_BOUND('',#1137,.T.);
#72=FACE_BOUND('',#1138,.T.);
#73=FACE_BOUND('',#1139,.T.);
#74=FACE_BOUND('',#1140,.T.);
#75=FACE_BOUND('',#1143,.T.);
#76=FACE_BOUND('',#1144,.T.);
#77=FACE_BOUND('',#1146,.T.);
#78=FACE_BOUND('',#1147,.T.);
#79=FACE_BOUND('',#1148,.T.);
#80=FACE_BOUND('',#1149,.T.);
#81=FACE_BOUND('',#1150,.T.);
#82=FACE_BOUND('',#1151,.T.);
#83=FACE_BOUND('',#1157,.T.);
#84=FACE_BOUND('',#1158,.T.);
#85=FACE_BOUND('',#1178,.T.);
#86=FACE_BOUND('',#1184,.T.);
#87=FACE_BOUND('',#1201,.T.);
#88=FACE_BOUND('',#1202,.T.);
#89=FACE_BOUND('',#1255,.T.);
#90=FACE_BOUND('',#1256,.T.);
#91=FACE_BOUND('',#1257,.T.);
#92=FACE_BOUND('',#1258,.T.);
#93=FACE_BOUND('',#1259,.T.);
#94=FACE_BOUND('',#1260,.T.);
#95=FACE_BOUND('',#1261,.T.);
#96=FACE_BOUND('',#1262,.T.);
#97=FACE_BOUND('',#1263,.T.);
#98=FACE_BOUND('',#1264,.T.);
#99=FACE_BOUND('',#1265,.T.);
#100=FACE_BOUND('',#1266,.T.);
#101=FACE_BOUND('',#1267,.T.);
#102=FACE_BOUND('',#1268,.T.);
#103=FACE_BOUND('',#1269,.T.);
#104=FACE_BOUND('',#1435,.T.);
#105=FACE_BOUND('',#1441,.T.);
#106=FACE_BOUND('',#1442,.T.);
#107=FACE_BOUND('',#1445,.T.);
#108=FACE_BOUND('',#1451,.T.);
#109=FACE_BOUND('',#1490,.T.);
#110=FACE_BOUND('',#1494,.T.);
#111=FACE_BOUND('',#1498,.T.);
#112=FACE_BOUND('',#1502,.T.);
#113=FACE_BOUND('',#1503,.T.);
#114=FACE_BOUND('',#1504,.T.);
#115=FACE_BOUND('',#1505,.T.);
#116=FACE_BOUND('',#1506,.T.);
#117=FACE_BOUND('',#1507,.T.);
#118=FACE_BOUND('',#1508,.T.);
#119=FACE_BOUND('',#1509,.T.);
#120=FACE_BOUND('',#1510,.T.);
#121=FACE_BOUND('',#1511,.T.);
#122=FACE_BOUND('',#1512,.T.);
#123=FACE_BOUND('',#1513,.T.);
#124=FACE_BOUND('',#1514,.T.);
#125=FACE_BOUND('',#1515,.T.);
#126=FACE_BOUND('',#1516,.T.);
#127=FACE_BOUND('',#1519,.T.);
#128=FACE_BOUND('',#1520,.T.);
#129=FACE_BOUND('',#1521,.T.);
#130=FACE_BOUND('',#1522,.T.);
#131=FACE_BOUND('',#1523,.T.);
#132=FACE_BOUND('',#1526,.T.);
#133=FACE_BOUND('',#1527,.T.);
#134=FACE_BOUND('',#1528,.T.);
#135=FACE_BOUND('',#1529,.T.);
#136=FACE_BOUND('',#1530,.T.);
#137=FACE_BOUND('',#1531,.T.);
#138=FACE_BOUND('',#1532,.T.);
#139=FACE_BOUND('',#1533,.T.);
#140=FACE_BOUND('',#1534,.T.);
#141=FACE_BOUND('',#1535,.T.);
#142=FACE_BOUND('',#1536,.T.);
#143=FACE_BOUND('',#1537,.T.);
#144=FACE_BOUND('',#1538,.T.);
#145=FACE_BOUND('',#1539,.T.);
#146=FACE_BOUND('',#1540,.T.);
#147=FACE_BOUND('',#1543,.T.);
#148=FACE_BOUND('',#1544,.T.);
#149=FACE_BOUND('',#1545,.T.);
#150=FACE_BOUND('',#1546,.T.);
#151=FACE_BOUND('',#1547,.T.);
#152=FACE_BOUND('',#1548,.T.);
#153=FACE_BOUND('',#1549,.T.);
#154=FACE_BOUND('',#1550,.T.);
#155=FACE_BOUND('',#1551,.T.);
#156=FACE_BOUND('',#1571,.T.);
#157=FACE_BOUND('',#1603,.T.);
#158=FACE_BOUND('',#1604,.T.);
#159=FACE_BOUND('',#1616,.T.);
#160=FACE_BOUND('',#1617,.T.);
#161=FACE_BOUND('',#1633,.T.);
#162=FACE_BOUND('',#1635,.T.);
#163=FACE_BOUND('',#1647,.T.);
#164=FACE_BOUND('',#1648,.T.);
#165=FACE_BOUND('',#1660,.T.);
#166=FACE_BOUND('',#1661,.T.);
#167=FACE_BOUND('',#1669,.T.);
#168=FACE_BOUND('',#1671,.T.);
#169=PLANE('',#9411);
#170=PLANE('',#9418);
#171=PLANE('',#9425);
#172=PLANE('',#9426);
#173=PLANE('',#9430);
#174=PLANE('',#9431);
#175=PLANE('',#9432);
#176=PLANE('',#9433);
#177=PLANE('',#9434);
#178=PLANE('',#9435);
#179=PLANE('',#9436);
#180=PLANE('',#9440);
#181=PLANE('',#9441);
#182=PLANE('',#9442);
#183=PLANE('',#9443);
#184=PLANE('',#9444);
#185=PLANE('',#9445);
#186=PLANE('',#9446);
#187=PLANE('',#9447);
#188=PLANE('',#9448);
#189=PLANE('',#9449);
#190=PLANE('',#9450);
#191=PLANE('',#9451);
#192=PLANE('',#9452);
#193=PLANE('',#9453);
#194=PLANE('',#9454);
#195=PLANE('',#9455);
#196=PLANE('',#9456);
#197=PLANE('',#9457);
#198=PLANE('',#9462);
#199=PLANE('',#9469);
#200=PLANE('',#9472);
#201=PLANE('',#9484);
#202=PLANE('',#9485);
#203=PLANE('',#9486);
#204=PLANE('',#9487);
#205=PLANE('',#9488);
#206=PLANE('',#9489);
#207=PLANE('',#9492);
#208=PLANE('',#9507);
#209=PLANE('',#9508);
#210=PLANE('',#9509);
#211=PLANE('',#9510);
#212=PLANE('',#9511);
#213=PLANE('',#9512);
#214=PLANE('',#9513);
#215=PLANE('',#9514);
#216=PLANE('',#9515);
#217=PLANE('',#9516);
#218=PLANE('',#9519);
#219=PLANE('',#9520);
#220=PLANE('',#9521);
#221=PLANE('',#9522);
#222=PLANE('',#9523);
#223=PLANE('',#9534);
#224=PLANE('',#9535);
#225=PLANE('',#9536);
#226=PLANE('',#9537);
#227=PLANE('',#9538);
#228=PLANE('',#9539);
#229=PLANE('',#9540);
#230=PLANE('',#9541);
#231=PLANE('',#9542);
#232=PLANE('',#9543);
#233=PLANE('',#9544);
#234=PLANE('',#9545);
#235=PLANE('',#9546);
#236=PLANE('',#9547);
#237=PLANE('',#9548);
#238=PLANE('',#9549);
#239=PLANE('',#9550);
#240=PLANE('',#9553);
#241=PLANE('',#9558);
#242=PLANE('',#9559);
#243=PLANE('',#9560);
#244=PLANE('',#9561);
#245=PLANE('',#9562);
#246=PLANE('',#9563);
#247=PLANE('',#9564);
#248=PLANE('',#9565);
#249=PLANE('',#9566);
#250=PLANE('',#9567);
#251=PLANE('',#9568);
#252=PLANE('',#9569);
#253=PLANE('',#9570);
#254=PLANE('',#9571);
#255=PLANE('',#9572);
#256=PLANE('',#9573);
#257=PLANE('',#9574);
#258=PLANE('',#9575);
#259=PLANE('',#9576);
#260=PLANE('',#9577);
#261=PLANE('',#9578);
#262=PLANE('',#9579);
#263=PLANE('',#9580);
#264=PLANE('',#9581);
#265=PLANE('',#9582);
#266=PLANE('',#9583);
#267=PLANE('',#9584);
#268=PLANE('',#9585);
#269=PLANE('',#9586);
#270=PLANE('',#9587);
#271=PLANE('',#9588);
#272=PLANE('',#9589);
#273=PLANE('',#9590);
#274=PLANE('',#9615);
#275=PLANE('',#9616);
#276=PLANE('',#9622);
#277=PLANE('',#9623);
#278=PLANE('',#9624);
#279=PLANE('',#9627);
#280=PLANE('',#9628);
#281=PLANE('',#9629);
#282=PLANE('',#9630);
#283=PLANE('',#9631);
#284=PLANE('',#9632);
#285=PLANE('',#9633);
#286=PLANE('',#9634);
#287=PLANE('',#9635);
#288=PLANE('',#9636);
#289=PLANE('',#9637);
#290=PLANE('',#9638);
#291=PLANE('',#9639);
#292=PLANE('',#9640);
#293=PLANE('',#9641);
#294=PLANE('',#9642);
#295=PLANE('',#9643);
#296=PLANE('',#9644);
#297=PLANE('',#9645);
#298=PLANE('',#9646);
#299=PLANE('',#9647);
#300=PLANE('',#9648);
#301=PLANE('',#9649);
#302=PLANE('',#9650);
#303=PLANE('',#9651);
#304=PLANE('',#9652);
#305=PLANE('',#9653);
#306=PLANE('',#9654);
#307=PLANE('',#9655);
#308=PLANE('',#9656);
#309=PLANE('',#9657);
#310=PLANE('',#9658);
#311=PLANE('',#9659);
#312=PLANE('',#9660);
#313=PLANE('',#9661);
#314=PLANE('',#9662);
#315=PLANE('',#9663);
#316=PLANE('',#9664);
#317=PLANE('',#9665);
#318=PLANE('',#9666);
#319=PLANE('',#9667);
#320=PLANE('',#9668);
#321=PLANE('',#9669);
#322=PLANE('',#9670);
#323=PLANE('',#9671);
#324=PLANE('',#9672);
#325=PLANE('',#9673);
#326=PLANE('',#9674);
#327=PLANE('',#9675);
#328=PLANE('',#9676);
#329=PLANE('',#9677);
#330=PLANE('',#9678);
#331=PLANE('',#9679);
#332=PLANE('',#9680);
#333=PLANE('',#9681);
#334=PLANE('',#9682);
#335=PLANE('',#9683);
#336=PLANE('',#9684);
#337=PLANE('',#9685);
#338=PLANE('',#9686);
#339=PLANE('',#9687);
#340=PLANE('',#9688);
#341=PLANE('',#9689);
#342=PLANE('',#9690);
#343=PLANE('',#9691);
#344=PLANE('',#9692);
#345=PLANE('',#9693);
#346=PLANE('',#9694);
#347=PLANE('',#9695);
#348=PLANE('',#9696);
#349=PLANE('',#9697);
#350=PLANE('',#9698);
#351=PLANE('',#9699);
#352=PLANE('',#9700);
#353=PLANE('',#9701);
#354=PLANE('',#9702);
#355=PLANE('',#9703);
#356=PLANE('',#9704);
#357=PLANE('',#9705);
#358=PLANE('',#9706);
#359=PLANE('',#9707);
#360=PLANE('',#9708);
#361=PLANE('',#9709);
#362=PLANE('',#9710);
#363=PLANE('',#9711);
#364=PLANE('',#9712);
#365=PLANE('',#9713);
#366=PLANE('',#9714);
#367=PLANE('',#9715);
#368=PLANE('',#9716);
#369=PLANE('',#9717);
#370=PLANE('',#9718);
#371=PLANE('',#9719);
#372=PLANE('',#9720);
#373=PLANE('',#9721);
#374=PLANE('',#9722);
#375=PLANE('',#9723);
#376=PLANE('',#9724);
#377=PLANE('',#9725);
#378=PLANE('',#9726);
#379=PLANE('',#9727);
#380=PLANE('',#9728);
#381=PLANE('',#9729);
#382=PLANE('',#9730);
#383=PLANE('',#9731);
#384=PLANE('',#9732);
#385=PLANE('',#9733);
#386=PLANE('',#9734);
#387=PLANE('',#9735);
#388=PLANE('',#9736);
#389=PLANE('',#9737);
#390=PLANE('',#9738);
#391=PLANE('',#9739);
#392=PLANE('',#9740);
#393=PLANE('',#9741);
#394=PLANE('',#9742);
#395=PLANE('',#9743);
#396=PLANE('',#9744);
#397=PLANE('',#9745);
#398=PLANE('',#9746);
#399=PLANE('',#9747);
#400=PLANE('',#9748);
#401=PLANE('',#9749);
#402=PLANE('',#9750);
#403=PLANE('',#9751);
#404=PLANE('',#9752);
#405=PLANE('',#9753);
#406=PLANE('',#9754);
#407=PLANE('',#9755);
#408=PLANE('',#9756);
#409=PLANE('',#9757);
#410=PLANE('',#9758);
#411=PLANE('',#9759);
#412=PLANE('',#9760);
#413=PLANE('',#9761);
#414=PLANE('',#9762);
#415=PLANE('',#9763);
#416=PLANE('',#9764);
#417=PLANE('',#9765);
#418=PLANE('',#9766);
#419=PLANE('',#9767);
#420=PLANE('',#9768);
#421=PLANE('',#9769);
#422=PLANE('',#9770);
#423=PLANE('',#9771);
#424=PLANE('',#9772);
#425=PLANE('',#9773);
#426=PLANE('',#9774);
#427=PLANE('',#9775);
#428=PLANE('',#9776);
#429=PLANE('',#9777);
#430=PLANE('',#9778);
#431=PLANE('',#9779);
#432=PLANE('',#9780);
#433=PLANE('',#9781);
#434=PLANE('',#9782);
#435=PLANE('',#9783);
#436=PLANE('',#9784);
#437=PLANE('',#9785);
#438=PLANE('',#9786);
#439=PLANE('',#9787);
#440=PLANE('',#9789);
#441=PLANE('',#9797);
#442=PLANE('',#9798);
#443=PLANE('',#9799);
#444=PLANE('',#9806);
#445=PLANE('',#9807);
#446=PLANE('',#9818);
#447=PLANE('',#9819);
#448=PLANE('',#9820);
#449=PLANE('',#9821);
#450=PLANE('',#9822);
#451=PLANE('',#9823);
#452=PLANE('',#9824);
#453=PLANE('',#9825);
#454=PLANE('',#9826);
#455=PLANE('',#9827);
#456=PLANE('',#9828);
#457=PLANE('',#9829);
#458=PLANE('',#9830);
#459=PLANE('',#9831);
#460=PLANE('',#9832);
#461=PLANE('',#9833);
#462=PLANE('',#9834);
#463=PLANE('',#9835);
#464=PLANE('',#9836);
#465=PLANE('',#9837);
#466=PLANE('',#9838);
#467=PLANE('',#9839);
#468=PLANE('',#9840);
#469=PLANE('',#9841);
#470=PLANE('',#9842);
#471=PLANE('',#9843);
#472=PLANE('',#9844);
#473=PLANE('',#9845);
#474=PLANE('',#9846);
#475=PLANE('',#9847);
#476=PLANE('',#9848);
#477=PLANE('',#9849);
#478=PLANE('',#9850);
#479=PLANE('',#9851);
#480=PLANE('',#9852);
#481=PLANE('',#9853);
#482=PLANE('',#9859);
#483=PLANE('',#9865);
#484=PLANE('',#9871);
#485=PLANE('',#9872);
#486=PLANE('',#9873);
#487=PLANE('',#9874);
#488=PLANE('',#9877);
#489=PLANE('',#9880);
#490=PLANE('',#9883);
#491=PLANE('',#9886);
#492=PLANE('',#9887);
#493=PLANE('',#9888);
#494=PLANE('',#9889);
#495=PLANE('',#9906);
#496=PLANE('',#9909);
#497=PLANE('',#9912);
#498=PLANE('',#9913);
#499=PLANE('',#9924);
#500=PLANE('',#9927);
#501=PLANE('',#9930);
#502=PLANE('',#9933);
#503=PLANE('',#9934);
#504=PLANE('',#9940);
#505=PLANE('',#9947);
#506=PLANE('',#9956);
#507=PLANE('',#9957);
#508=PLANE('',#9966);
#509=PLANE('',#9967);
#510=PLANE('',#9972);
#511=PLANE('',#9980);
#512=PLANE('',#9981);
#513=PLANE('',#9982);
#514=PLANE('',#9984);
#515=PLANE('',#9985);
#516=PLANE('',#9986);
#517=PLANE('',#9987);
#518=PLANE('',#9994);
#519=PLANE('',#9995);
#520=PLANE('',#9996);
#521=PLANE('',#9997);
#522=PLANE('',#9998);
#523=PLANE('',#9999);
#524=PLANE('',#10000);
#525=PLANE('',#10001);
#526=PLANE('',#10002);
#527=PLANE('',#10003);
#528=PLANE('',#10004);
#529=PLANE('',#10005);
#530=PLANE('',#10006);
#531=PLANE('',#10007);
#532=PLANE('',#10008);
#533=PLANE('',#10009);
#534=PLANE('',#10010);
#535=PLANE('',#10011);
#536=PLANE('',#10012);
#537=PLANE('',#10019);
#538=PLANE('',#10021);
#539=PLANE('',#10022);
#540=PLANE('',#10024);
#541=PLANE('',#10028);
#542=PLANE('',#10036);
#543=PLANE('',#10037);
#544=PLANE('',#10038);
#545=PLANE('',#10040);
#546=PLANE('',#10041);
#547=PLANE('',#10042);
#548=PLANE('',#10043);
#549=PLANE('',#10048);
#550=PLANE('',#10049);
#551=PLANE('',#10050);
#552=PLANE('',#10051);
#553=PLANE('',#10052);
#554=PLANE('',#10053);
#555=PLANE('',#10054);
#556=PLANE('',#10055);
#557=PLANE('',#10056);
#558=PLANE('',#10057);
#559=PLANE('',#10058);
#560=(
BOUNDED_CURVE()
B_SPLINE_CURVE(2,(#12508,#12509,#12510),.UNSPECIFIED.,.F.,.F.)
B_SPLINE_CURVE_WITH_KNOTS((3,3),(0.,0.707106781186547),.UNSPECIFIED.)
CURVE()
GEOMETRIC_REPRESENTATION_ITEM()
RATIONAL_B_SPLINE_CURVE((1.,1.,1.))
REPRESENTATION_ITEM('')
);
#561=(
BOUNDED_CURVE()
B_SPLINE_CURVE(2,(#12534,#12535,#12536),.UNSPECIFIED.,.F.,.F.)
B_SPLINE_CURVE_WITH_KNOTS((3,3),(0.,0.707106781186563),.UNSPECIFIED.)
CURVE()
GEOMETRIC_REPRESENTATION_ITEM()
RATIONAL_B_SPLINE_CURVE((1.,1.,1.))
REPRESENTATION_ITEM('')
);
#562=(
BOUNDED_CURVE()
B_SPLINE_CURVE(2,(#12555,#12556,#12557),.UNSPECIFIED.,.F.,.F.)
B_SPLINE_CURVE_WITH_KNOTS((3,3),(0.,0.70710678118656),.UNSPECIFIED.)
CURVE()
GEOMETRIC_REPRESENTATION_ITEM()
RATIONAL_B_SPLINE_CURVE((1.,1.,1.))
REPRESENTATION_ITEM('')
);
#563=(
BOUNDED_CURVE()
B_SPLINE_CURVE(2,(#12567,#12568,#12569),.UNSPECIFIED.,.F.,.F.)
B_SPLINE_CURVE_WITH_KNOTS((3,3),(0.460638144317209,0.921276288634418),
 .UNSPECIFIED.)
CURVE()
GEOMETRIC_REPRESENTATION_ITEM()
RATIONAL_B_SPLINE_CURVE((1.,1.,1.))
REPRESENTATION_ITEM('')
);
#564=(
BOUNDED_CURVE()
B_SPLINE_CURVE(2,(#12574,#12575,#12576),.UNSPECIFIED.,.F.,.F.)
B_SPLINE_CURVE_WITH_KNOTS((3,3),(0.,0.460638144317209),.UNSPECIFIED.)
CURVE()
GEOMETRIC_REPRESENTATION_ITEM()
RATIONAL_B_SPLINE_CURVE((1.,1.,1.))
REPRESENTATION_ITEM('')
);
#565=CONICAL_SURFACE('',#9407,5.75,0.78539816339745);
#566=CONICAL_SURFACE('',#9414,5.75,0.78539816339745);
#567=CONICAL_SURFACE('',#9421,5.75,0.785398163397449);
#568=CONICAL_SURFACE('',#9458,1.25,0.785398163397448);
#569=CONICAL_SURFACE('',#9460,1.24999999999999,0.785398163397445);
#570=CONICAL_SURFACE('',#9463,1.24999999999999,0.785398163397451);
#571=CONICAL_SURFACE('',#9465,1.24999999999999,0.785398163397447);
#572=CONICAL_SURFACE('',#9474,5.7,0.785398163397444);
#573=CONICAL_SURFACE('',#9517,5.5,0.785398163397447);
#574=CONICAL_SURFACE('',#9525,2.25,0.785398163397451);
#575=CONICAL_SURFACE('',#9529,2.25,0.785398163397459);
#576=CONICAL_SURFACE('',#9554,4.25,0.785398163397451);
#577=CONICAL_SURFACE('',#9794,5.5,0.785398163397447);
#578=CONICAL_SURFACE('',#9809,2.25,0.785398163397451);
#579=CONICAL_SURFACE('',#9813,2.25,0.785398163397459);
#580=CONICAL_SURFACE('',#9854,2.35000000000001,0.785398163397455);
#581=CONICAL_SURFACE('',#9860,2.34999999999999,0.785398163397455);
#582=CONICAL_SURFACE('',#9866,2.35,0.785398163397449);
#583=CONICAL_SURFACE('',#9969,2.25,0.785398163397449);
#584=CONICAL_SURFACE('',#9976,2.25,0.785398163397449);
#585=CONICAL_SURFACE('',#10025,2.25,0.785398163397449);
#586=CONICAL_SURFACE('',#10032,2.25,0.785398163397449);
#587=FACE_OUTER_BOUND('',#1072,.T.);
#588=FACE_OUTER_BOUND('',#1073,.T.);
#589=FACE_OUTER_BOUND('',#1074,.T.);
#590=FACE_OUTER_BOUND('',#1075,.T.);
#591=FACE_OUTER_BOUND('',#1076,.T.);
#592=FACE_OUTER_BOUND('',#1077,.T.);
#593=FACE_OUTER_BOUND('',#1078,.T.);
#594=FACE_OUTER_BOUND('',#1079,.T.);
#595=FACE_OUTER_BOUND('',#1080,.T.);
#596=FACE_OUTER_BOUND('',#1081,.T.);
#597=FACE_OUTER_BOUND('',#1082,.T.);
#598=FACE_OUTER_BOUND('',#1083,.T.);
#599=FACE_OUTER_BOUND('',#1084,.T.);
#600=FACE_OUTER_BOUND('',#1085,.T.);
#601=FACE_OUTER_BOUND('',#1086,.T.);
#602=FACE_OUTER_BOUND('',#1087,.T.);
#603=FACE_OUTER_BOUND('',#1088,.T.);
#604=FACE_OUTER_BOUND('',#1089,.T.);
#605=FACE_OUTER_BOUND('',#1094,.T.);
#606=FACE_OUTER_BOUND('',#1095,.T.);
#607=FACE_OUTER_BOUND('',#1096,.T.);
#608=FACE_OUTER_BOUND('',#1097,.T.);
#609=FACE_OUTER_BOUND('',#1098,.T.);
#610=FACE_OUTER_BOUND('',#1099,.T.);
#611=FACE_OUTER_BOUND('',#1100,.T.);
#612=FACE_OUTER_BOUND('',#1101,.T.);
#613=FACE_OUTER_BOUND('',#1102,.T.);
#614=FACE_OUTER_BOUND('',#1103,.T.);
#615=FACE_OUTER_BOUND('',#1104,.T.);
#616=FACE_OUTER_BOUND('',#1105,.T.);
#617=FACE_OUTER_BOUND('',#1106,.T.);
#618=FACE_OUTER_BOUND('',#1107,.T.);
#619=FACE_OUTER_BOUND('',#1108,.T.);
#620=FACE_OUTER_BOUND('',#1109,.T.);
#621=FACE_OUTER_BOUND('',#1110,.T.);
#622=FACE_OUTER_BOUND('',#1111,.T.);
#623=FACE_OUTER_BOUND('',#1112,.T.);
#624=FACE_OUTER_BOUND('',#1113,.T.);
#625=FACE_OUTER_BOUND('',#1114,.T.);
#626=FACE_OUTER_BOUND('',#1115,.T.);
#627=FACE_OUTER_BOUND('',#1116,.T.);
#628=FACE_OUTER_BOUND('',#1117,.T.);
#629=FACE_OUTER_BOUND('',#1118,.T.);
#630=FACE_OUTER_BOUND('',#1134,.T.);
#631=FACE_OUTER_BOUND('',#1135,.T.);
#632=FACE_OUTER_BOUND('',#1141,.T.);
#633=FACE_OUTER_BOUND('',#1142,.T.);
#634=FACE_OUTER_BOUND('',#1145,.T.);
#635=FACE_OUTER_BOUND('',#1152,.T.);
#636=FACE_OUTER_BOUND('',#1153,.T.);
#637=FACE_OUTER_BOUND('',#1154,.T.);
#638=FACE_OUTER_BOUND('',#1155,.T.);
#639=FACE_OUTER_BOUND('',#1156,.T.);
#640=FACE_OUTER_BOUND('',#1159,.T.);
#641=FACE_OUTER_BOUND('',#1160,.T.);
#642=FACE_OUTER_BOUND('',#1161,.T.);
#643=FACE_OUTER_BOUND('',#1162,.T.);
#644=FACE_OUTER_BOUND('',#1163,.T.);
#645=FACE_OUTER_BOUND('',#1164,.T.);
#646=FACE_OUTER_BOUND('',#1165,.T.);
#647=FACE_OUTER_BOUND('',#1166,.T.);
#648=FACE_OUTER_BOUND('',#1167,.T.);
#649=FACE_OUTER_BOUND('',#1168,.T.);
#650=FACE_OUTER_BOUND('',#1169,.T.);
#651=FACE_OUTER_BOUND('',#1170,.T.);
#652=FACE_OUTER_BOUND('',#1171,.T.);
#653=FACE_OUTER_BOUND('',#1172,.T.);
#654=FACE_OUTER_BOUND('',#1173,.T.);
#655=FACE_OUTER_BOUND('',#1174,.T.);
#656=FACE_OUTER_BOUND('',#1175,.T.);
#657=FACE_OUTER_BOUND('',#1176,.T.);
#658=FACE_OUTER_BOUND('',#1177,.T.);
#659=FACE_OUTER_BOUND('',#1179,.T.);
#660=FACE_OUTER_BOUND('',#1180,.T.);
#661=FACE_OUTER_BOUND('',#1181,.T.);
#662=FACE_OUTER_BOUND('',#1182,.T.);
#663=FACE_OUTER_BOUND('',#1183,.T.);
#664=FACE_OUTER_BOUND('',#1185,.T.);
#665=FACE_OUTER_BOUND('',#1186,.T.);
#666=FACE_OUTER_BOUND('',#1187,.T.);
#667=FACE_OUTER_BOUND('',#1188,.T.);
#668=FACE_OUTER_BOUND('',#1189,.T.);
#669=FACE_OUTER_BOUND('',#1190,.T.);
#670=FACE_OUTER_BOUND('',#1191,.T.);
#671=FACE_OUTER_BOUND('',#1192,.T.);
#672=FACE_OUTER_BOUND('',#1193,.T.);
#673=FACE_OUTER_BOUND('',#1194,.T.);
#674=FACE_OUTER_BOUND('',#1195,.T.);
#675=FACE_OUTER_BOUND('',#1196,.T.);
#676=FACE_OUTER_BOUND('',#1197,.T.);
#677=FACE_OUTER_BOUND('',#1198,.T.);
#678=FACE_OUTER_BOUND('',#1199,.T.);
#679=FACE_OUTER_BOUND('',#1200,.T.);
#680=FACE_OUTER_BOUND('',#1203,.T.);
#681=FACE_OUTER_BOUND('',#1204,.T.);
#682=FACE_OUTER_BOUND('',#1205,.T.);
#683=FACE_OUTER_BOUND('',#1206,.T.);
#684=FACE_OUTER_BOUND('',#1207,.T.);
#685=FACE_OUTER_BOUND('',#1208,.T.);
#686=FACE_OUTER_BOUND('',#1209,.T.);
#687=FACE_OUTER_BOUND('',#1210,.T.);
#688=FACE_OUTER_BOUND('',#1211,.T.);
#689=FACE_OUTER_BOUND('',#1212,.T.);
#690=FACE_OUTER_BOUND('',#1213,.T.);
#691=FACE_OUTER_BOUND('',#1214,.T.);
#692=FACE_OUTER_BOUND('',#1215,.T.);
#693=FACE_OUTER_BOUND('',#1216,.T.);
#694=FACE_OUTER_BOUND('',#1217,.T.);
#695=FACE_OUTER_BOUND('',#1218,.T.);
#696=FACE_OUTER_BOUND('',#1219,.T.);
#697=FACE_OUTER_BOUND('',#1220,.T.);
#698=FACE_OUTER_BOUND('',#1221,.T.);
#699=FACE_OUTER_BOUND('',#1222,.T.);
#700=FACE_OUTER_BOUND('',#1223,.T.);
#701=FACE_OUTER_BOUND('',#1224,.T.);
#702=FACE_OUTER_BOUND('',#1225,.T.);
#703=FACE_OUTER_BOUND('',#1226,.T.);
#704=FACE_OUTER_BOUND('',#1227,.T.);
#705=FACE_OUTER_BOUND('',#1228,.T.);
#706=FACE_OUTER_BOUND('',#1229,.T.);
#707=FACE_OUTER_BOUND('',#1230,.T.);
#708=FACE_OUTER_BOUND('',#1231,.T.);
#709=FACE_OUTER_BOUND('',#1232,.T.);
#710=FACE_OUTER_BOUND('',#1233,.T.);
#711=FACE_OUTER_BOUND('',#1234,.T.);
#712=FACE_OUTER_BOUND('',#1235,.T.);
#713=FACE_OUTER_BOUND('',#1236,.T.);
#714=FACE_OUTER_BOUND('',#1237,.T.);
#715=FACE_OUTER_BOUND('',#1238,.T.);
#716=FACE_OUTER_BOUND('',#1239,.T.);
#717=FACE_OUTER_BOUND('',#1240,.T.);
#718=FACE_OUTER_BOUND('',#1241,.T.);
#719=FACE_OUTER_BOUND('',#1242,.T.);
#720=FACE_OUTER_BOUND('',#1243,.T.);
#721=FACE_OUTER_BOUND('',#1244,.T.);
#722=FACE_OUTER_BOUND('',#1245,.T.);
#723=FACE_OUTER_BOUND('',#1246,.T.);
#724=FACE_OUTER_BOUND('',#1247,.T.);
#725=FACE_OUTER_BOUND('',#1248,.T.);
#726=FACE_OUTER_BOUND('',#1249,.T.);
#727=FACE_OUTER_BOUND('',#1250,.T.);
#728=FACE_OUTER_BOUND('',#1251,.T.);
#729=FACE_OUTER_BOUND('',#1252,.T.);
#730=FACE_OUTER_BOUND('',#1253,.T.);
#731=FACE_OUTER_BOUND('',#1254,.T.);
#732=FACE_OUTER_BOUND('',#1270,.T.);
#733=FACE_OUTER_BOUND('',#1271,.T.);
#734=FACE_OUTER_BOUND('',#1272,.T.);
#735=FACE_OUTER_BOUND('',#1273,.T.);
#736=FACE_OUTER_BOUND('',#1274,.T.);
#737=FACE_OUTER_BOUND('',#1275,.T.);
#738=FACE_OUTER_BOUND('',#1276,.T.);
#739=FACE_OUTER_BOUND('',#1277,.T.);
#740=FACE_OUTER_BOUND('',#1278,.T.);
#741=FACE_OUTER_BOUND('',#1279,.T.);
#742=FACE_OUTER_BOUND('',#1280,.T.);
#743=FACE_OUTER_BOUND('',#1281,.T.);
#744=FACE_OUTER_BOUND('',#1282,.T.);
#745=FACE_OUTER_BOUND('',#1283,.T.);
#746=FACE_OUTER_BOUND('',#1284,.T.);
#747=FACE_OUTER_BOUND('',#1285,.T.);
#748=FACE_OUTER_BOUND('',#1286,.T.);
#749=FACE_OUTER_BOUND('',#1287,.T.);
#750=FACE_OUTER_BOUND('',#1288,.T.);
#751=FACE_OUTER_BOUND('',#1289,.T.);
#752=FACE_OUTER_BOUND('',#1290,.T.);
#753=FACE_OUTER_BOUND('',#1291,.T.);
#754=FACE_OUTER_BOUND('',#1292,.T.);
#755=FACE_OUTER_BOUND('',#1293,.T.);
#756=FACE_OUTER_BOUND('',#1294,.T.);
#757=FACE_OUTER_BOUND('',#1295,.T.);
#758=FACE_OUTER_BOUND('',#1296,.T.);
#759=FACE_OUTER_BOUND('',#1297,.T.);
#760=FACE_OUTER_BOUND('',#1298,.T.);
#761=FACE_OUTER_BOUND('',#1299,.T.);
#762=FACE_OUTER_BOUND('',#1300,.T.);
#763=FACE_OUTER_BOUND('',#1301,.T.);
#764=FACE_OUTER_BOUND('',#1302,.T.);
#765=FACE_OUTER_BOUND('',#1303,.T.);
#766=FACE_OUTER_BOUND('',#1304,.T.);
#767=FACE_OUTER_BOUND('',#1305,.T.);
#768=FACE_OUTER_BOUND('',#1306,.T.);
#769=FACE_OUTER_BOUND('',#1307,.T.);
#770=FACE_OUTER_BOUND('',#1308,.T.);
#771=FACE_OUTER_BOUND('',#1309,.T.);
#772=FACE_OUTER_BOUND('',#1310,.T.);
#773=FACE_OUTER_BOUND('',#1311,.T.);
#774=FACE_OUTER_BOUND('',#1312,.T.);
#775=FACE_OUTER_BOUND('',#1313,.T.);
#776=FACE_OUTER_BOUND('',#1314,.T.);
#777=FACE_OUTER_BOUND('',#1315,.T.);
#778=FACE_OUTER_BOUND('',#1316,.T.);
#779=FACE_OUTER_BOUND('',#1317,.T.);
#780=FACE_OUTER_BOUND('',#1318,.T.);
#781=FACE_OUTER_BOUND('',#1319,.T.);
#782=FACE_OUTER_BOUND('',#1320,.T.);
#783=FACE_OUTER_BOUND('',#1321,.T.);
#784=FACE_OUTER_BOUND('',#1322,.T.);
#785=FACE_OUTER_BOUND('',#1323,.T.);
#786=FACE_OUTER_BOUND('',#1324,.T.);
#787=FACE_OUTER_BOUND('',#1325,.T.);
#788=FACE_OUTER_BOUND('',#1326,.T.);
#789=FACE_OUTER_BOUND('',#1327,.T.);
#790=FACE_OUTER_BOUND('',#1328,.T.);
#791=FACE_OUTER_BOUND('',#1329,.T.);
#792=FACE_OUTER_BOUND('',#1330,.T.);
#793=FACE_OUTER_BOUND('',#1331,.T.);
#794=FACE_OUTER_BOUND('',#1332,.T.);
#795=FACE_OUTER_BOUND('',#1333,.T.);
#796=FACE_OUTER_BOUND('',#1334,.T.);
#797=FACE_OUTER_BOUND('',#1335,.T.);
#798=FACE_OUTER_BOUND('',#1336,.T.);
#799=FACE_OUTER_BOUND('',#1337,.T.);
#800=FACE_OUTER_BOUND('',#1338,.T.);
#801=FACE_OUTER_BOUND('',#1339,.T.);
#802=FACE_OUTER_BOUND('',#1340,.T.);
#803=FACE_OUTER_BOUND('',#1341,.T.);
#804=FACE_OUTER_BOUND('',#1342,.T.);
#805=FACE_OUTER_BOUND('',#1343,.T.);
#806=FACE_OUTER_BOUND('',#1344,.T.);
#807=FACE_OUTER_BOUND('',#1345,.T.);
#808=FACE_OUTER_BOUND('',#1346,.T.);
#809=FACE_OUTER_BOUND('',#1347,.T.);
#810=FACE_OUTER_BOUND('',#1348,.T.);
#811=FACE_OUTER_BOUND('',#1349,.T.);
#812=FACE_OUTER_BOUND('',#1350,.T.);
#813=FACE_OUTER_BOUND('',#1351,.T.);
#814=FACE_OUTER_BOUND('',#1352,.T.);
#815=FACE_OUTER_BOUND('',#1353,.T.);
#816=FACE_OUTER_BOUND('',#1354,.T.);
#817=FACE_OUTER_BOUND('',#1355,.T.);
#818=FACE_OUTER_BOUND('',#1356,.T.);
#819=FACE_OUTER_BOUND('',#1357,.T.);
#820=FACE_OUTER_BOUND('',#1358,.T.);
#821=FACE_OUTER_BOUND('',#1359,.T.);
#822=FACE_OUTER_BOUND('',#1360,.T.);
#823=FACE_OUTER_BOUND('',#1361,.T.);
#824=FACE_OUTER_BOUND('',#1362,.T.);
#825=FACE_OUTER_BOUND('',#1363,.T.);
#826=FACE_OUTER_BOUND('',#1364,.T.);
#827=FACE_OUTER_BOUND('',#1365,.T.);
#828=FACE_OUTER_BOUND('',#1366,.T.);
#829=FACE_OUTER_BOUND('',#1367,.T.);
#830=FACE_OUTER_BOUND('',#1368,.T.);
#831=FACE_OUTER_BOUND('',#1369,.T.);
#832=FACE_OUTER_BOUND('',#1370,.T.);
#833=FACE_OUTER_BOUND('',#1371,.T.);
#834=FACE_OUTER_BOUND('',#1372,.T.);
#835=FACE_OUTER_BOUND('',#1373,.T.);
#836=FACE_OUTER_BOUND('',#1374,.T.);
#837=FACE_OUTER_BOUND('',#1375,.T.);
#838=FACE_OUTER_BOUND('',#1376,.T.);
#839=FACE_OUTER_BOUND('',#1377,.T.);
#840=FACE_OUTER_BOUND('',#1378,.T.);
#841=FACE_OUTER_BOUND('',#1379,.T.);
#842=FACE_OUTER_BOUND('',#1380,.T.);
#843=FACE_OUTER_BOUND('',#1381,.T.);
#844=FACE_OUTER_BOUND('',#1382,.T.);
#845=FACE_OUTER_BOUND('',#1383,.T.);
#846=FACE_OUTER_BOUND('',#1384,.T.);
#847=FACE_OUTER_BOUND('',#1385,.T.);
#848=FACE_OUTER_BOUND('',#1386,.T.);
#849=FACE_OUTER_BOUND('',#1387,.T.);
#850=FACE_OUTER_BOUND('',#1388,.T.);
#851=FACE_OUTER_BOUND('',#1389,.T.);
#852=FACE_OUTER_BOUND('',#1390,.T.);
#853=FACE_OUTER_BOUND('',#1391,.T.);
#854=FACE_OUTER_BOUND('',#1392,.T.);
#855=FACE_OUTER_BOUND('',#1393,.T.);
#856=FACE_OUTER_BOUND('',#1394,.T.);
#857=FACE_OUTER_BOUND('',#1395,.T.);
#858=FACE_OUTER_BOUND('',#1396,.T.);
#859=FACE_OUTER_BOUND('',#1397,.T.);
#860=FACE_OUTER_BOUND('',#1398,.T.);
#861=FACE_OUTER_BOUND('',#1399,.T.);
#862=FACE_OUTER_BOUND('',#1400,.T.);
#863=FACE_OUTER_BOUND('',#1401,.T.);
#864=FACE_OUTER_BOUND('',#1402,.T.);
#865=FACE_OUTER_BOUND('',#1403,.T.);
#866=FACE_OUTER_BOUND('',#1404,.T.);
#867=FACE_OUTER_BOUND('',#1405,.T.);
#868=FACE_OUTER_BOUND('',#1406,.T.);
#869=FACE_OUTER_BOUND('',#1407,.T.);
#870=FACE_OUTER_BOUND('',#1408,.T.);
#871=FACE_OUTER_BOUND('',#1409,.T.);
#872=FACE_OUTER_BOUND('',#1410,.T.);
#873=FACE_OUTER_BOUND('',#1411,.T.);
#874=FACE_OUTER_BOUND('',#1412,.T.);
#875=FACE_OUTER_BOUND('',#1413,.T.);
#876=FACE_OUTER_BOUND('',#1414,.T.);
#877=FACE_OUTER_BOUND('',#1415,.T.);
#878=FACE_OUTER_BOUND('',#1416,.T.);
#879=FACE_OUTER_BOUND('',#1417,.T.);
#880=FACE_OUTER_BOUND('',#1418,.T.);
#881=FACE_OUTER_BOUND('',#1419,.T.);
#882=FACE_OUTER_BOUND('',#1420,.T.);
#883=FACE_OUTER_BOUND('',#1421,.T.);
#884=FACE_OUTER_BOUND('',#1422,.T.);
#885=FACE_OUTER_BOUND('',#1423,.T.);
#886=FACE_OUTER_BOUND('',#1424,.T.);
#887=FACE_OUTER_BOUND('',#1425,.T.);
#888=FACE_OUTER_BOUND('',#1426,.T.);
#889=FACE_OUTER_BOUND('',#1427,.T.);
#890=FACE_OUTER_BOUND('',#1428,.T.);
#891=FACE_OUTER_BOUND('',#1429,.T.);
#892=FACE_OUTER_BOUND('',#1430,.T.);
#893=FACE_OUTER_BOUND('',#1431,.T.);
#894=FACE_OUTER_BOUND('',#1432,.T.);
#895=FACE_OUTER_BOUND('',#1433,.T.);
#896=FACE_OUTER_BOUND('',#1434,.T.);
#897=FACE_OUTER_BOUND('',#1436,.T.);
#898=FACE_OUTER_BOUND('',#1437,.T.);
#899=FACE_OUTER_BOUND('',#1438,.T.);
#900=FACE_OUTER_BOUND('',#1439,.T.);
#901=FACE_OUTER_BOUND('',#1440,.T.);
#902=FACE_OUTER_BOUND('',#1443,.T.);
#903=FACE_OUTER_BOUND('',#1444,.T.);
#904=FACE_OUTER_BOUND('',#1446,.T.);
#905=FACE_OUTER_BOUND('',#1447,.T.);
#906=FACE_OUTER_BOUND('',#1448,.T.);
#907=FACE_OUTER_BOUND('',#1449,.T.);
#908=FACE_OUTER_BOUND('',#1450,.T.);
#909=FACE_OUTER_BOUND('',#1452,.T.);
#910=FACE_OUTER_BOUND('',#1453,.T.);
#911=FACE_OUTER_BOUND('',#1454,.T.);
#912=FACE_OUTER_BOUND('',#1455,.T.);
#913=FACE_OUTER_BOUND('',#1456,.T.);
#914=FACE_OUTER_BOUND('',#1457,.T.);
#915=FACE_OUTER_BOUND('',#1458,.T.);
#916=FACE_OUTER_BOUND('',#1459,.T.);
#917=FACE_OUTER_BOUND('',#1460,.T.);
#918=FACE_OUTER_BOUND('',#1461,.T.);
#919=FACE_OUTER_BOUND('',#1462,.T.);
#920=FACE_OUTER_BOUND('',#1463,.T.);
#921=FACE_OUTER_BOUND('',#1464,.T.);
#922=FACE_OUTER_BOUND('',#1465,.T.);
#923=FACE_OUTER_BOUND('',#1466,.T.);
#924=FACE_OUTER_BOUND('',#1467,.T.);
#925=FACE_OUTER_BOUND('',#1468,.T.);
#926=FACE_OUTER_BOUND('',#1469,.T.);
#927=FACE_OUTER_BOUND('',#1470,.T.);
#928=FACE_OUTER_BOUND('',#1471,.T.);
#929=FACE_OUTER_BOUND('',#1472,.T.);
#930=FACE_OUTER_BOUND('',#1473,.T.);
#931=FACE_OUTER_BOUND('',#1474,.T.);
#932=FACE_OUTER_BOUND('',#1475,.T.);
#933=FACE_OUTER_BOUND('',#1476,.T.);
#934=FACE_OUTER_BOUND('',#1477,.T.);
#935=FACE_OUTER_BOUND('',#1478,.T.);
#936=FACE_OUTER_BOUND('',#1479,.T.);
#937=FACE_OUTER_BOUND('',#1480,.T.);
#938=FACE_OUTER_BOUND('',#1481,.T.);
#939=FACE_OUTER_BOUND('',#1482,.T.);
#940=FACE_OUTER_BOUND('',#1483,.T.);
#941=FACE_OUTER_BOUND('',#1484,.T.);
#942=FACE_OUTER_BOUND('',#1485,.T.);
#943=FACE_OUTER_BOUND('',#1486,.T.);
#944=FACE_OUTER_BOUND('',#1487,.T.);
#945=FACE_OUTER_BOUND('',#1488,.T.);
#946=FACE_OUTER_BOUND('',#1489,.T.);
#947=FACE_OUTER_BOUND('',#1491,.T.);
#948=FACE_OUTER_BOUND('',#1492,.T.);
#949=FACE_OUTER_BOUND('',#1493,.T.);
#950=FACE_OUTER_BOUND('',#1495,.T.);
#951=FACE_OUTER_BOUND('',#1496,.T.);
#952=FACE_OUTER_BOUND('',#1497,.T.);
#953=FACE_OUTER_BOUND('',#1499,.T.);
#954=FACE_OUTER_BOUND('',#1500,.T.);
#955=FACE_OUTER_BOUND('',#1501,.T.);
#956=FACE_OUTER_BOUND('',#1517,.T.);
#957=FACE_OUTER_BOUND('',#1518,.T.);
#958=FACE_OUTER_BOUND('',#1524,.T.);
#959=FACE_OUTER_BOUND('',#1525,.T.);
#960=FACE_OUTER_BOUND('',#1541,.T.);
#961=FACE_OUTER_BOUND('',#1542,.T.);
#962=FACE_OUTER_BOUND('',#1552,.T.);
#963=FACE_OUTER_BOUND('',#1553,.T.);
#964=FACE_OUTER_BOUND('',#1554,.T.);
#965=FACE_OUTER_BOUND('',#1555,.T.);
#966=FACE_OUTER_BOUND('',#1556,.T.);
#967=FACE_OUTER_BOUND('',#1557,.T.);
#968=FACE_OUTER_BOUND('',#1558,.T.);
#969=FACE_OUTER_BOUND('',#1559,.T.);
#970=FACE_OUTER_BOUND('',#1560,.T.);
#971=FACE_OUTER_BOUND('',#1561,.T.);
#972=FACE_OUTER_BOUND('',#1562,.T.);
#973=FACE_OUTER_BOUND('',#1563,.T.);
#974=FACE_OUTER_BOUND('',#1564,.T.);
#975=FACE_OUTER_BOUND('',#1565,.T.);
#976=FACE_OUTER_BOUND('',#1566,.T.);
#977=FACE_OUTER_BOUND('',#1567,.T.);
#978=FACE_OUTER_BOUND('',#1568,.T.);
#979=FACE_OUTER_BOUND('',#1569,.T.);
#980=FACE_OUTER_BOUND('',#1570,.T.);
#981=FACE_OUTER_BOUND('',#1572,.T.);
#982=FACE_OUTER_BOUND('',#1573,.T.);
#983=FACE_OUTER_BOUND('',#1574,.T.);
#984=FACE_OUTER_BOUND('',#1575,.T.);
#985=FACE_OUTER_BOUND('',#1576,.T.);
#986=FACE_OUTER_BOUND('',#1577,.T.);
#987=FACE_OUTER_BOUND('',#1578,.T.);
#988=FACE_OUTER_BOUND('',#1579,.T.);
#989=FACE_OUTER_BOUND('',#1580,.T.);
#990=FACE_OUTER_BOUND('',#1581,.T.);
#991=FACE_OUTER_BOUND('',#1582,.T.);
#992=FACE_OUTER_BOUND('',#1583,.T.);
#993=FACE_OUTER_BOUND('',#1584,.T.);
#994=FACE_OUTER_BOUND('',#1585,.T.);
#995=FACE_OUTER_BOUND('',#1586,.T.);
#996=FACE_OUTER_BOUND('',#1587,.T.);
#997=FACE_OUTER_BOUND('',#1588,.T.);
#998=FACE_OUTER_BOUND('',#1589,.T.);
#999=FACE_OUTER_BOUND('',#1590,.T.);
#1000=FACE_OUTER_BOUND('',#1591,.T.);
#1001=FACE_OUTER_BOUND('',#1592,.T.);
#1002=FACE_OUTER_BOUND('',#1593,.T.);
#1003=FACE_OUTER_BOUND('',#1594,.T.);
#1004=FACE_OUTER_BOUND('',#1595,.T.);
#1005=FACE_OUTER_BOUND('',#1596,.T.);
#1006=FACE_OUTER_BOUND('',#1597,.T.);
#1007=FACE_OUTER_BOUND('',#1598,.T.);
#1008=FACE_OUTER_BOUND('',#1599,.T.);
#1009=FACE_OUTER_BOUND('',#1600,.T.);
#1010=FACE_OUTER_BOUND('',#1601,.T.);
#1011=FACE_OUTER_BOUND('',#1602,.T.);
#1012=FACE_OUTER_BOUND('',#1605,.T.);
#1013=FACE_OUTER_BOUND('',#1606,.T.);
#1014=FACE_OUTER_BOUND('',#1607,.T.);
#1015=FACE_OUTER_BOUND('',#1608,.T.);
#1016=FACE_OUTER_BOUND('',#1609,.T.);
#1017=FACE_OUTER_BOUND('',#1610,.T.);
#1018=FACE_OUTER_BOUND('',#1611,.T.);
#1019=FACE_OUTER_BOUND('',#1612,.T.);
#1020=FACE_OUTER_BOUND('',#1613,.T.);
#1021=FACE_OUTER_BOUND('',#1614,.T.);
#1022=FACE_OUTER_BOUND('',#1615,.T.);
#1023=FACE_OUTER_BOUND('',#1618,.T.);
#1024=FACE_OUTER_BOUND('',#1619,.T.);
#1025=FACE_OUTER_BOUND('',#1620,.T.);
#1026=FACE_OUTER_BOUND('',#1621,.T.);
#1027=FACE_OUTER_BOUND('',#1622,.T.);
#1028=FACE_OUTER_BOUND('',#1623,.T.);
#1029=FACE_OUTER_BOUND('',#1624,.T.);
#1030=FACE_OUTER_BOUND('',#1625,.T.);
#1031=FACE_OUTER_BOUND('',#1626,.T.);
#1032=FACE_OUTER_BOUND('',#1627,.T.);
#1033=FACE_OUTER_BOUND('',#1628,.T.);
#1034=FACE_OUTER_BOUND('',#1629,.T.);
#1035=FACE_OUTER_BOUND('',#1630,.T.);
#1036=FACE_OUTER_BOUND('',#1631,.T.);
#1037=FACE_OUTER_BOUND('',#1632,.T.);
#1038=FACE_OUTER_BOUND('',#1634,.T.);
#1039=FACE_OUTER_BOUND('',#1636,.T.);
#1040=FACE_OUTER_BOUND('',#1637,.T.);
#1041=FACE_OUTER_BOUND('',#1638,.T.);
#1042=FACE_OUTER_BOUND('',#1639,.T.);
#1043=FACE_OUTER_BOUND('',#1640,.T.);
#1044=FACE_OUTER_BOUND('',#1641,.T.);
#1045=FACE_OUTER_BOUND('',#1642,.T.);
#1046=FACE_OUTER_BOUND('',#1643,.T.);
#1047=FACE_OUTER_BOUND('',#1644,.T.);
#1048=FACE_OUTER_BOUND('',#1645,.T.);
#1049=FACE_OUTER_BOUND('',#1646,.T.);
#1050=FACE_OUTER_BOUND('',#1649,.T.);
#1051=FACE_OUTER_BOUND('',#1650,.T.);
#1052=FACE_OUTER_BOUND('',#1651,.T.);
#1053=FACE_OUTER_BOUND('',#1652,.T.);
#1054=FACE_OUTER_BOUND('',#1653,.T.);
#1055=FACE_OUTER_BOUND('',#1654,.T.);
#1056=FACE_OUTER_BOUND('',#1655,.T.);
#1057=FACE_OUTER_BOUND('',#1656,.T.);
#1058=FACE_OUTER_BOUND('',#1657,.T.);
#1059=FACE_OUTER_BOUND('',#1658,.T.);
#1060=FACE_OUTER_BOUND('',#1659,.T.);
#1061=FACE_OUTER_BOUND('',#1662,.T.);
#1062=FACE_OUTER_BOUND('',#1663,.T.);
#1063=FACE_OUTER_BOUND('',#1664,.T.);
#1064=FACE_OUTER_BOUND('',#1665,.T.);
#1065=FACE_OUTER_BOUND('',#1666,.T.);
#1066=FACE_OUTER_BOUND('',#1667,.T.);
#1067=FACE_OUTER_BOUND('',#1668,.T.);
#1068=FACE_OUTER_BOUND('',#1670,.T.);
#1069=FACE_OUTER_BOUND('',#1672,.T.);
#1070=FACE_OUTER_BOUND('',#1673,.T.);
#1071=FACE_OUTER_BOUND('',#1674,.T.);
#1072=EDGE_LOOP('',(#6231,#6232,#6233,#6234));
#1073=EDGE_LOOP('',(#6235,#6236,#6237,#6238,#6239,#6240));
#1074=EDGE_LOOP('',(#6241,#6242,#6243,#6244,#6245,#6246));
#1075=EDGE_LOOP('',(#6247,#6248,#6249,#6250));
#1076=EDGE_LOOP('',(#6251,#6252,#6253,#6254,#6255,#6256));
#1077=EDGE_LOOP('',(#6257,#6258,#6259,#6260,#6261,#6262,#6263,#6264));
#1078=EDGE_LOOP('',(#6265,#6266,#6267,#6268));
#1079=EDGE_LOOP('',(#6269,#6270,#6271,#6272,#6273,#6274,#6275,#6276));
#1080=EDGE_LOOP('',(#6277,#6278,#6279,#6280,#6281,#6282,#6283));
#1081=EDGE_LOOP('',(#6284,#6285,#6286,#6287));
#1082=EDGE_LOOP('',(#6288,#6289,#6290,#6291));
#1083=EDGE_LOOP('',(#6292,#6293,#6294,#6295));
#1084=EDGE_LOOP('',(#6296,#6297,#6298,#6299));
#1085=EDGE_LOOP('',(#6300,#6301,#6302,#6303));
#1086=EDGE_LOOP('',(#6304,#6305,#6306,#6307));
#1087=EDGE_LOOP('',(#6308,#6309,#6310,#6311));
#1088=EDGE_LOOP('',(#6312,#6313,#6314,#6315,#6316,#6317));
#1089=EDGE_LOOP('',(#6318,#6319,#6320,#6321,#6322,#6323,#6324,#6325,#6326,
#6327,#6328,#6329,#6330,#6331));
#1090=EDGE_LOOP('',(#6332,#6333,#6334,#6335));
#1091=EDGE_LOOP('',(#6336,#6337,#6338,#6339));
#1092=EDGE_LOOP('',(#6340,#6341,#6342,#6343));
#1093=EDGE_LOOP('',(#6344,#6345,#6346,#6347));
#1094=EDGE_LOOP('',(#6348,#6349,#6350,#6351));
#1095=EDGE_LOOP('',(#6352,#6353,#6354,#6355));
#1096=EDGE_LOOP('',(#6356,#6357,#6358,#6359));
#1097=EDGE_LOOP('',(#6360,#6361,#6362,#6363));
#1098=EDGE_LOOP('',(#6364,#6365,#6366,#6367));
#1099=EDGE_LOOP('',(#6368,#6369,#6370,#6371));
#1100=EDGE_LOOP('',(#6372,#6373,#6374,#6375));
#1101=EDGE_LOOP('',(#6376,#6377,#6378,#6379));
#1102=EDGE_LOOP('',(#6380,#6381,#6382,#6383));
#1103=EDGE_LOOP('',(#6384,#6385,#6386,#6387));
#1104=EDGE_LOOP('',(#6388,#6389,#6390,#6391));
#1105=EDGE_LOOP('',(#6392,#6393,#6394,#6395));
#1106=EDGE_LOOP('',(#6396,#6397,#6398,#6399));
#1107=EDGE_LOOP('',(#6400,#6401,#6402,#6403));
#1108=EDGE_LOOP('',(#6404,#6405,#6406,#6407));
#1109=EDGE_LOOP('',(#6408,#6409,#6410,#6411));
#1110=EDGE_LOOP('',(#6412,#6413,#6414,#6415,#6416,#6417,#6418,#6419));
#1111=EDGE_LOOP('',(#6420,#6421,#6422,#6423,#6424,#6425,#6426,#6427));
#1112=EDGE_LOOP('',(#6428,#6429,#6430,#6431));
#1113=EDGE_LOOP('',(#6432,#6433,#6434,#6435));
#1114=EDGE_LOOP('',(#6436,#6437,#6438,#6439));
#1115=EDGE_LOOP('',(#6440,#6441,#6442,#6443));
#1116=EDGE_LOOP('',(#6444,#6445,#6446,#6447));
#1117=EDGE_LOOP('',(#6448,#6449,#6450,#6451));
#1118=EDGE_LOOP('',(#6452,#6453,#6454,#6455));
#1119=EDGE_LOOP('',(#6456,#6457,#6458,#6459,#6460));
#1120=EDGE_LOOP('',(#6461,#6462,#6463,#6464));
#1121=EDGE_LOOP('',(#6465,#6466,#6467,#6468));
#1122=EDGE_LOOP('',(#6469,#6470,#6471,#6472));
#1123=EDGE_LOOP('',(#6473,#6474,#6475,#6476));
#1124=EDGE_LOOP('',(#6477,#6478,#6479,#6480));
#1125=EDGE_LOOP('',(#6481,#6482,#6483,#6484));
#1126=EDGE_LOOP('',(#6485,#6486,#6487,#6488));
#1127=EDGE_LOOP('',(#6489,#6490,#6491,#6492));
#1128=EDGE_LOOP('',(#6493,#6494,#6495,#6496));
#1129=EDGE_LOOP('',(#6497,#6498,#6499,#6500));
#1130=EDGE_LOOP('',(#6501,#6502,#6503,#6504,#6505));
#1131=EDGE_LOOP('',(#6506,#6507,#6508,#6509));
#1132=EDGE_LOOP('',(#6510,#6511,#6512,#6513));
#1133=EDGE_LOOP('',(#6514,#6515,#6516,#6517));
#1134=EDGE_LOOP('',(#6518,#6519,#6520,#6521));
#1135=EDGE_LOOP('',(#6522,#6523,#6524,#6525));
#1136=EDGE_LOOP('',(#6526));
#1137=EDGE_LOOP('',(#6527,#6528,#6529,#6530,#6531));
#1138=EDGE_LOOP('',(#6532,#6533,#6534,#6535));
#1139=EDGE_LOOP('',(#6536,#6537,#6538,#6539));
#1140=EDGE_LOOP('',(#6540,#6541,#6542,#6543,#6544,#6545,#6546,#6547,#6548,
#6549,#6550,#6551,#6552,#6553,#6554,#6555,#6556,#6557,#6558,#6559,#6560,
#6561,#6562,#6563,#6564,#6565,#6566));
#1141=EDGE_LOOP('',(#6567,#6568,#6569,#6570));
#1142=EDGE_LOOP('',(#6571,#6572,#6573,#6574,#6575,#6576,#6577));
#1143=EDGE_LOOP('',(#6578,#6579,#6580,#6581));
#1144=EDGE_LOOP('',(#6582,#6583,#6584,#6585));
#1145=EDGE_LOOP('',(#6586,#6587,#6588,#6589));
#1146=EDGE_LOOP('',(#6590,#6591,#6592,#6593,#6594));
#1147=EDGE_LOOP('',(#6595,#6596,#6597,#6598));
#1148=EDGE_LOOP('',(#6599,#6600,#6601,#6602));
#1149=EDGE_LOOP('',(#6603,#6604,#6605,#6606));
#1150=EDGE_LOOP('',(#6607,#6608,#6609,#6610));
#1151=EDGE_LOOP('',(#6611));
#1152=EDGE_LOOP('',(#6612,#6613,#6614,#6615,#6616));
#1153=EDGE_LOOP('',(#6617,#6618,#6619,#6620));
#1154=EDGE_LOOP('',(#6621,#6622,#6623,#6624));
#1155=EDGE_LOOP('',(#6625,#6626,#6627,#6628));
#1156=EDGE_LOOP('',(#6629,#6630,#6631,#6632));
#1157=EDGE_LOOP('',(#6633));
#1158=EDGE_LOOP('',(#6634));
#1159=EDGE_LOOP('',(#6635,#6636,#6637,#6638));
#1160=EDGE_LOOP('',(#6639,#6640,#6641,#6642,#6643,#6644));
#1161=EDGE_LOOP('',(#6645,#6646,#6647,#6648,#6649,#6650));
#1162=EDGE_LOOP('',(#6651,#6652,#6653,#6654));
#1163=EDGE_LOOP('',(#6655,#6656,#6657,#6658));
#1164=EDGE_LOOP('',(#6659,#6660,#6661,#6662,#6663,#6664));
#1165=EDGE_LOOP('',(#6665,#6666,#6667,#6668));
#1166=EDGE_LOOP('',(#6669,#6670,#6671,#6672));
#1167=EDGE_LOOP('',(#6673,#6674,#6675,#6676));
#1168=EDGE_LOOP('',(#6677,#6678,#6679,#6680));
#1169=EDGE_LOOP('',(#6681,#6682,#6683,#6684,#6685,#6686));
#1170=EDGE_LOOP('',(#6687,#6688,#6689,#6690));
#1171=EDGE_LOOP('',(#6691,#6692,#6693,#6694));
#1172=EDGE_LOOP('',(#6695,#6696,#6697,#6698,#6699));
#1173=EDGE_LOOP('',(#6700,#6701,#6702,#6703));
#1174=EDGE_LOOP('',(#6704,#6705,#6706,#6707));
#1175=EDGE_LOOP('',(#6708,#6709,#6710,#6711));
#1176=EDGE_LOOP('',(#6712,#6713,#6714,#6715));
#1177=EDGE_LOOP('',(#6716,#6717,#6718,#6719,#6720,#6721,#6722));
#1178=EDGE_LOOP('',(#6723));
#1179=EDGE_LOOP('',(#6724,#6725,#6726,#6727,#6728));
#1180=EDGE_LOOP('',(#6729,#6730,#6731,#6732,#6733));
#1181=EDGE_LOOP('',(#6734,#6735,#6736,#6737,#6738));
#1182=EDGE_LOOP('',(#6739,#6740,#6741,#6742,#6743));
#1183=EDGE_LOOP('',(#6744,#6745,#6746,#6747,#6748,#6749));
#1184=EDGE_LOOP('',(#6750));
#1185=EDGE_LOOP('',(#6751,#6752,#6753,#6754,#6755,#6756));
#1186=EDGE_LOOP('',(#6757,#6758,#6759,#6760,#6761,#6762));
#1187=EDGE_LOOP('',(#6763,#6764,#6765,#6766,#6767));
#1188=EDGE_LOOP('',(#6768,#6769,#6770,#6771,#6772));
#1189=EDGE_LOOP('',(#6773,#6774,#6775,#6776,#6777));
#1190=EDGE_LOOP('',(#6778,#6779,#6780,#6781,#6782));
#1191=EDGE_LOOP('',(#6783,#6784,#6785,#6786,#6787,#6788,#6789,#6790));
#1192=EDGE_LOOP('',(#6791,#6792,#6793,#6794));
#1193=EDGE_LOOP('',(#6795,#6796,#6797,#6798));
#1194=EDGE_LOOP('',(#6799,#6800,#6801,#6802));
#1195=EDGE_LOOP('',(#6803,#6804,#6805,#6806));
#1196=EDGE_LOOP('',(#6807,#6808,#6809,#6810));
#1197=EDGE_LOOP('',(#6811,#6812,#6813,#6814));
#1198=EDGE_LOOP('',(#6815,#6816,#6817,#6818,#6819));
#1199=EDGE_LOOP('',(#6820,#6821,#6822,#6823));
#1200=EDGE_LOOP('',(#6824,#6825,#6826,#6827));
#1201=EDGE_LOOP('',(#6828));
#1202=EDGE_LOOP('',(#6829));
#1203=EDGE_LOOP('',(#6830,#6831,#6832,#6833));
#1204=EDGE_LOOP('',(#6834,#6835,#6836,#6837));
#1205=EDGE_LOOP('',(#6838,#6839,#6840,#6841));
#1206=EDGE_LOOP('',(#6842,#6843,#6844,#6845,#6846));
#1207=EDGE_LOOP('',(#6847,#6848,#6849,#6850));
#1208=EDGE_LOOP('',(#6851,#6852,#6853,#6854));
#1209=EDGE_LOOP('',(#6855,#6856,#6857,#6858,#6859));
#1210=EDGE_LOOP('',(#6860,#6861,#6862,#6863,#6864));
#1211=EDGE_LOOP('',(#6865,#6866,#6867,#6868));
#1212=EDGE_LOOP('',(#6869,#6870,#6871,#6872,#6873));
#1213=EDGE_LOOP('',(#6874,#6875,#6876,#6877,#6878,#6879));
#1214=EDGE_LOOP('',(#6880,#6881,#6882,#6883,#6884,#6885));
#1215=EDGE_LOOP('',(#6886,#6887,#6888,#6889,#6890,#6891));
#1216=EDGE_LOOP('',(#6892,#6893,#6894,#6895,#6896,#6897));
#1217=EDGE_LOOP('',(#6898,#6899,#6900,#6901,#6902,#6903));
#1218=EDGE_LOOP('',(#6904,#6905,#6906,#6907,#6908,#6909));
#1219=EDGE_LOOP('',(#6910,#6911,#6912,#6913,#6914,#6915));
#1220=EDGE_LOOP('',(#6916,#6917,#6918,#6919,#6920,#6921,#6922,#6923,#6924,
#6925));
#1221=EDGE_LOOP('',(#6926,#6927,#6928,#6929,#6930,#6931,#6932,#6933,#6934,
#6935,#6936,#6937));
#1222=EDGE_LOOP('',(#6938,#6939,#6940,#6941));
#1223=EDGE_LOOP('',(#6942,#6943,#6944,#6945));
#1224=EDGE_LOOP('',(#6946,#6947,#6948,#6949));
#1225=EDGE_LOOP('',(#6950,#6951,#6952,#6953));
#1226=EDGE_LOOP('',(#6954,#6955,#6956,#6957));
#1227=EDGE_LOOP('',(#6958,#6959,#6960));
#1228=EDGE_LOOP('',(#6961,#6962,#6963));
#1229=EDGE_LOOP('',(#6964,#6965,#6966,#6967));
#1230=EDGE_LOOP('',(#6968,#6969,#6970,#6971));
#1231=EDGE_LOOP('',(#6972,#6973,#6974,#6975,#6976));
#1232=EDGE_LOOP('',(#6977,#6978,#6979,#6980));
#1233=EDGE_LOOP('',(#6981,#6982,#6983,#6984));
#1234=EDGE_LOOP('',(#6985,#6986,#6987,#6988,#6989,#6990));
#1235=EDGE_LOOP('',(#6991,#6992,#6993,#6994));
#1236=EDGE_LOOP('',(#6995,#6996,#6997,#6998));
#1237=EDGE_LOOP('',(#6999,#7000,#7001,#7002,#7003,#7004));
#1238=EDGE_LOOP('',(#7005,#7006,#7007,#7008,#7009,#7010,#7011,#7012));
#1239=EDGE_LOOP('',(#7013,#7014,#7015,#7016));
#1240=EDGE_LOOP('',(#7017,#7018,#7019,#7020));
#1241=EDGE_LOOP('',(#7021,#7022,#7023,#7024));
#1242=EDGE_LOOP('',(#7025,#7026,#7027,#7028));
#1243=EDGE_LOOP('',(#7029,#7030,#7031,#7032));
#1244=EDGE_LOOP('',(#7033,#7034,#7035,#7036));
#1245=EDGE_LOOP('',(#7037,#7038,#7039,#7040));
#1246=EDGE_LOOP('',(#7041,#7042,#7043,#7044));
#1247=EDGE_LOOP('',(#7045,#7046,#7047,#7048));
#1248=EDGE_LOOP('',(#7049,#7050,#7051,#7052));
#1249=EDGE_LOOP('',(#7053,#7054,#7055,#7056));
#1250=EDGE_LOOP('',(#7057,#7058,#7059,#7060));
#1251=EDGE_LOOP('',(#7061,#7062,#7063,#7064));
#1252=EDGE_LOOP('',(#7065,#7066,#7067,#7068));
#1253=EDGE_LOOP('',(#7069,#7070,#7071,#7072));
#1254=EDGE_LOOP('',(#7073,#7074,#7075,#7076));
#1255=EDGE_LOOP('',(#7077,#7078,#7079,#7080));
#1256=EDGE_LOOP('',(#7081,#7082,#7083,#7084));
#1257=EDGE_LOOP('',(#7085,#7086,#7087,#7088));
#1258=EDGE_LOOP('',(#7089,#7090,#7091,#7092,#7093));
#1259=EDGE_LOOP('',(#7094,#7095,#7096,#7097));
#1260=EDGE_LOOP('',(#7098,#7099,#7100,#7101));
#1261=EDGE_LOOP('',(#7102,#7103,#7104,#7105));
#1262=EDGE_LOOP('',(#7106,#7107,#7108,#7109));
#1263=EDGE_LOOP('',(#7110,#7111,#7112,#7113));
#1264=EDGE_LOOP('',(#7114,#7115,#7116,#7117));
#1265=EDGE_LOOP('',(#7118,#7119,#7120,#7121));
#1266=EDGE_LOOP('',(#7122,#7123,#7124,#7125));
#1267=EDGE_LOOP('',(#7126,#7127,#7128,#7129));
#1268=EDGE_LOOP('',(#7130,#7131,#7132,#7133));
#1269=EDGE_LOOP('',(#7134,#7135,#7136,#7137,#7138));
#1270=EDGE_LOOP('',(#7139,#7140,#7141,#7142));
#1271=EDGE_LOOP('',(#7143,#7144,#7145,#7146));
#1272=EDGE_LOOP('',(#7147,#7148,#7149,#7150));
#1273=EDGE_LOOP('',(#7151,#7152,#7153,#7154));
#1274=EDGE_LOOP('',(#7155,#7156,#7157,#7158));
#1275=EDGE_LOOP('',(#7159,#7160,#7161,#7162));
#1276=EDGE_LOOP('',(#7163,#7164,#7165,#7166));
#1277=EDGE_LOOP('',(#7167,#7168,#7169,#7170));
#1278=EDGE_LOOP('',(#7171,#7172,#7173,#7174));
#1279=EDGE_LOOP('',(#7175,#7176,#7177,#7178));
#1280=EDGE_LOOP('',(#7179,#7180,#7181,#7182));
#1281=EDGE_LOOP('',(#7183,#7184,#7185,#7186));
#1282=EDGE_LOOP('',(#7187,#7188,#7189,#7190));
#1283=EDGE_LOOP('',(#7191,#7192,#7193,#7194));
#1284=EDGE_LOOP('',(#7195,#7196,#7197,#7198));
#1285=EDGE_LOOP('',(#7199,#7200,#7201,#7202));
#1286=EDGE_LOOP('',(#7203,#7204,#7205,#7206));
#1287=EDGE_LOOP('',(#7207,#7208,#7209,#7210));
#1288=EDGE_LOOP('',(#7211,#7212,#7213,#7214));
#1289=EDGE_LOOP('',(#7215,#7216,#7217,#7218));
#1290=EDGE_LOOP('',(#7219,#7220,#7221,#7222));
#1291=EDGE_LOOP('',(#7223,#7224,#7225,#7226));
#1292=EDGE_LOOP('',(#7227,#7228,#7229,#7230));
#1293=EDGE_LOOP('',(#7231,#7232,#7233,#7234));
#1294=EDGE_LOOP('',(#7235,#7236,#7237,#7238));
#1295=EDGE_LOOP('',(#7239,#7240,#7241,#7242));
#1296=EDGE_LOOP('',(#7243,#7244,#7245,#7246));
#1297=EDGE_LOOP('',(#7247,#7248,#7249,#7250));
#1298=EDGE_LOOP('',(#7251,#7252,#7253,#7254));
#1299=EDGE_LOOP('',(#7255,#7256,#7257,#7258));
#1300=EDGE_LOOP('',(#7259,#7260,#7261,#7262));
#1301=EDGE_LOOP('',(#7263,#7264,#7265,#7266));
#1302=EDGE_LOOP('',(#7267,#7268,#7269,#7270));
#1303=EDGE_LOOP('',(#7271,#7272,#7273,#7274));
#1304=EDGE_LOOP('',(#7275,#7276,#7277,#7278));
#1305=EDGE_LOOP('',(#7279,#7280,#7281,#7282));
#1306=EDGE_LOOP('',(#7283,#7284,#7285,#7286));
#1307=EDGE_LOOP('',(#7287,#7288,#7289,#7290));
#1308=EDGE_LOOP('',(#7291,#7292,#7293,#7294));
#1309=EDGE_LOOP('',(#7295,#7296,#7297,#7298));
#1310=EDGE_LOOP('',(#7299,#7300,#7301,#7302));
#1311=EDGE_LOOP('',(#7303,#7304,#7305,#7306));
#1312=EDGE_LOOP('',(#7307,#7308,#7309,#7310));
#1313=EDGE_LOOP('',(#7311,#7312,#7313,#7314));
#1314=EDGE_LOOP('',(#7315,#7316,#7317,#7318));
#1315=EDGE_LOOP('',(#7319,#7320,#7321,#7322));
#1316=EDGE_LOOP('',(#7323,#7324,#7325,#7326));
#1317=EDGE_LOOP('',(#7327,#7328,#7329,#7330));
#1318=EDGE_LOOP('',(#7331,#7332,#7333,#7334));
#1319=EDGE_LOOP('',(#7335,#7336,#7337,#7338));
#1320=EDGE_LOOP('',(#7339,#7340,#7341,#7342));
#1321=EDGE_LOOP('',(#7343,#7344,#7345,#7346));
#1322=EDGE_LOOP('',(#7347,#7348,#7349,#7350));
#1323=EDGE_LOOP('',(#7351,#7352,#7353,#7354));
#1324=EDGE_LOOP('',(#7355,#7356,#7357,#7358));
#1325=EDGE_LOOP('',(#7359,#7360,#7361,#7362));
#1326=EDGE_LOOP('',(#7363,#7364,#7365,#7366));
#1327=EDGE_LOOP('',(#7367,#7368,#7369,#7370));
#1328=EDGE_LOOP('',(#7371,#7372,#7373,#7374));
#1329=EDGE_LOOP('',(#7375,#7376,#7377,#7378));
#1330=EDGE_LOOP('',(#7379,#7380,#7381,#7382));
#1331=EDGE_LOOP('',(#7383,#7384,#7385,#7386));
#1332=EDGE_LOOP('',(#7387,#7388,#7389,#7390));
#1333=EDGE_LOOP('',(#7391,#7392,#7393,#7394));
#1334=EDGE_LOOP('',(#7395,#7396,#7397,#7398));
#1335=EDGE_LOOP('',(#7399,#7400,#7401,#7402));
#1336=EDGE_LOOP('',(#7403,#7404,#7405,#7406));
#1337=EDGE_LOOP('',(#7407,#7408,#7409,#7410));
#1338=EDGE_LOOP('',(#7411,#7412,#7413,#7414));
#1339=EDGE_LOOP('',(#7415,#7416,#7417,#7418));
#1340=EDGE_LOOP('',(#7419,#7420,#7421,#7422));
#1341=EDGE_LOOP('',(#7423,#7424,#7425,#7426));
#1342=EDGE_LOOP('',(#7427,#7428,#7429,#7430));
#1343=EDGE_LOOP('',(#7431,#7432,#7433,#7434));
#1344=EDGE_LOOP('',(#7435,#7436,#7437,#7438));
#1345=EDGE_LOOP('',(#7439,#7440,#7441,#7442));
#1346=EDGE_LOOP('',(#7443,#7444,#7445,#7446));
#1347=EDGE_LOOP('',(#7447,#7448,#7449,#7450));
#1348=EDGE_LOOP('',(#7451,#7452,#7453,#7454));
#1349=EDGE_LOOP('',(#7455,#7456,#7457,#7458));
#1350=EDGE_LOOP('',(#7459,#7460,#7461,#7462));
#1351=EDGE_LOOP('',(#7463,#7464,#7465,#7466));
#1352=EDGE_LOOP('',(#7467,#7468,#7469,#7470));
#1353=EDGE_LOOP('',(#7471,#7472,#7473,#7474));
#1354=EDGE_LOOP('',(#7475,#7476,#7477,#7478));
#1355=EDGE_LOOP('',(#7479,#7480,#7481,#7482));
#1356=EDGE_LOOP('',(#7483,#7484,#7485,#7486));
#1357=EDGE_LOOP('',(#7487,#7488,#7489,#7490));
#1358=EDGE_LOOP('',(#7491,#7492,#7493,#7494));
#1359=EDGE_LOOP('',(#7495,#7496,#7497,#7498));
#1360=EDGE_LOOP('',(#7499,#7500,#7501,#7502));
#1361=EDGE_LOOP('',(#7503,#7504,#7505,#7506));
#1362=EDGE_LOOP('',(#7507,#7508,#7509,#7510));
#1363=EDGE_LOOP('',(#7511,#7512,#7513,#7514));
#1364=EDGE_LOOP('',(#7515,#7516,#7517,#7518));
#1365=EDGE_LOOP('',(#7519,#7520,#7521,#7522));
#1366=EDGE_LOOP('',(#7523,#7524,#7525,#7526));
#1367=EDGE_LOOP('',(#7527,#7528,#7529,#7530));
#1368=EDGE_LOOP('',(#7531,#7532,#7533,#7534));
#1369=EDGE_LOOP('',(#7535,#7536,#7537,#7538));
#1370=EDGE_LOOP('',(#7539,#7540,#7541,#7542));
#1371=EDGE_LOOP('',(#7543,#7544,#7545,#7546));
#1372=EDGE_LOOP('',(#7547,#7548,#7549,#7550));
#1373=EDGE_LOOP('',(#7551,#7552,#7553,#7554));
#1374=EDGE_LOOP('',(#7555,#7556,#7557,#7558));
#1375=EDGE_LOOP('',(#7559,#7560,#7561,#7562));
#1376=EDGE_LOOP('',(#7563,#7564,#7565,#7566));
#1377=EDGE_LOOP('',(#7567,#7568,#7569,#7570));
#1378=EDGE_LOOP('',(#7571,#7572,#7573,#7574));
#1379=EDGE_LOOP('',(#7575,#7576,#7577,#7578));
#1380=EDGE_LOOP('',(#7579,#7580,#7581,#7582));
#1381=EDGE_LOOP('',(#7583,#7584,#7585,#7586));
#1382=EDGE_LOOP('',(#7587,#7588,#7589,#7590));
#1383=EDGE_LOOP('',(#7591,#7592,#7593,#7594));
#1384=EDGE_LOOP('',(#7595,#7596,#7597,#7598));
#1385=EDGE_LOOP('',(#7599,#7600,#7601,#7602));
#1386=EDGE_LOOP('',(#7603,#7604,#7605,#7606));
#1387=EDGE_LOOP('',(#7607,#7608,#7609,#7610));
#1388=EDGE_LOOP('',(#7611,#7612,#7613,#7614));
#1389=EDGE_LOOP('',(#7615,#7616,#7617,#7618));
#1390=EDGE_LOOP('',(#7619,#7620,#7621,#7622));
#1391=EDGE_LOOP('',(#7623,#7624,#7625,#7626));
#1392=EDGE_LOOP('',(#7627,#7628,#7629,#7630));
#1393=EDGE_LOOP('',(#7631,#7632,#7633,#7634));
#1394=EDGE_LOOP('',(#7635,#7636,#7637,#7638));
#1395=EDGE_LOOP('',(#7639,#7640,#7641,#7642));
#1396=EDGE_LOOP('',(#7643,#7644,#7645,#7646));
#1397=EDGE_LOOP('',(#7647,#7648,#7649,#7650));
#1398=EDGE_LOOP('',(#7651,#7652,#7653,#7654));
#1399=EDGE_LOOP('',(#7655,#7656,#7657,#7658));
#1400=EDGE_LOOP('',(#7659,#7660,#7661,#7662));
#1401=EDGE_LOOP('',(#7663,#7664,#7665,#7666,#7667,#7668,#7669));
#1402=EDGE_LOOP('',(#7670,#7671,#7672,#7673,#7674,#7675,#7676));
#1403=EDGE_LOOP('',(#7677,#7678,#7679,#7680));
#1404=EDGE_LOOP('',(#7681,#7682,#7683,#7684,#7685,#7686,#7687,#7688));
#1405=EDGE_LOOP('',(#7689,#7690,#7691,#7692));
#1406=EDGE_LOOP('',(#7693,#7694,#7695,#7696));
#1407=EDGE_LOOP('',(#7697,#7698,#7699,#7700));
#1408=EDGE_LOOP('',(#7701,#7702,#7703,#7704));
#1409=EDGE_LOOP('',(#7705,#7706,#7707,#7708));
#1410=EDGE_LOOP('',(#7709,#7710,#7711,#7712));
#1411=EDGE_LOOP('',(#7713,#7714,#7715,#7716));
#1412=EDGE_LOOP('',(#7717,#7718,#7719,#7720));
#1413=EDGE_LOOP('',(#7721,#7722,#7723,#7724));
#1414=EDGE_LOOP('',(#7725,#7726,#7727,#7728));
#1415=EDGE_LOOP('',(#7729,#7730,#7731,#7732));
#1416=EDGE_LOOP('',(#7733,#7734,#7735,#7736));
#1417=EDGE_LOOP('',(#7737,#7738,#7739,#7740));
#1418=EDGE_LOOP('',(#7741,#7742,#7743,#7744));
#1419=EDGE_LOOP('',(#7745,#7746,#7747,#7748));
#1420=EDGE_LOOP('',(#7749,#7750,#7751,#7752));
#1421=EDGE_LOOP('',(#7753,#7754,#7755,#7756));
#1422=EDGE_LOOP('',(#7757,#7758,#7759,#7760));
#1423=EDGE_LOOP('',(#7761,#7762,#7763,#7764));
#1424=EDGE_LOOP('',(#7765,#7766,#7767,#7768));
#1425=EDGE_LOOP('',(#7769,#7770,#7771,#7772));
#1426=EDGE_LOOP('',(#7773,#7774,#7775,#7776));
#1427=EDGE_LOOP('',(#7777,#7778,#7779,#7780));
#1428=EDGE_LOOP('',(#7781,#7782,#7783,#7784));
#1429=EDGE_LOOP('',(#7785,#7786,#7787,#7788));
#1430=EDGE_LOOP('',(#7789,#7790,#7791,#7792));
#1431=EDGE_LOOP('',(#7793,#7794,#7795,#7796));
#1432=EDGE_LOOP('',(#7797,#7798,#7799,#7800));
#1433=EDGE_LOOP('',(#7801,#7802,#7803,#7804));
#1434=EDGE_LOOP('',(#7805,#7806,#7807,#7808,#7809,#7810,#7811,#7812));
#1435=EDGE_LOOP('',(#7813,#7814,#7815,#7816,#7817,#7818,#7819,#7820));
#1436=EDGE_LOOP('',(#7821,#7822,#7823,#7824));
#1437=EDGE_LOOP('',(#7825,#7826,#7827,#7828));
#1438=EDGE_LOOP('',(#7829,#7830,#7831,#7832));
#1439=EDGE_LOOP('',(#7833,#7834,#7835,#7836));
#1440=EDGE_LOOP('',(#7837,#7838,#7839,#7840));
#1441=EDGE_LOOP('',(#7841,#7842,#7843,#7844));
#1442=EDGE_LOOP('',(#7845,#7846,#7847,#7848));
#1443=EDGE_LOOP('',(#7849,#7850,#7851,#7852));
#1444=EDGE_LOOP('',(#7853,#7854,#7855,#7856,#7857,#7858,#7859));
#1445=EDGE_LOOP('',(#7860));
#1446=EDGE_LOOP('',(#7861,#7862,#7863,#7864,#7865));
#1447=EDGE_LOOP('',(#7866,#7867,#7868,#7869,#7870));
#1448=EDGE_LOOP('',(#7871,#7872,#7873,#7874,#7875));
#1449=EDGE_LOOP('',(#7876,#7877,#7878,#7879,#7880));
#1450=EDGE_LOOP('',(#7881,#7882,#7883,#7884,#7885,#7886));
#1451=EDGE_LOOP('',(#7887));
#1452=EDGE_LOOP('',(#7888,#7889,#7890,#7891));
#1453=EDGE_LOOP('',(#7892,#7893,#7894,#7895));
#1454=EDGE_LOOP('',(#7896,#7897,#7898,#7899));
#1455=EDGE_LOOP('',(#7900,#7901,#7902,#7903));
#1456=EDGE_LOOP('',(#7904,#7905,#7906,#7907));
#1457=EDGE_LOOP('',(#7908,#7909,#7910,#7911));
#1458=EDGE_LOOP('',(#7912,#7913,#7914,#7915));
#1459=EDGE_LOOP('',(#7916,#7917,#7918,#7919));
#1460=EDGE_LOOP('',(#7920,#7921,#7922,#7923,#7924));
#1461=EDGE_LOOP('',(#7925,#7926,#7927,#7928,#7929));
#1462=EDGE_LOOP('',(#7930,#7931,#7932,#7933,#7934));
#1463=EDGE_LOOP('',(#7935,#7936,#7937,#7938,#7939));
#1464=EDGE_LOOP('',(#7940,#7941,#7942,#7943,#7944,#7945,#7946,#7947));
#1465=EDGE_LOOP('',(#7948,#7949,#7950,#7951));
#1466=EDGE_LOOP('',(#7952,#7953,#7954,#7955));
#1467=EDGE_LOOP('',(#7956,#7957,#7958,#7959));
#1468=EDGE_LOOP('',(#7960,#7961,#7962,#7963));
#1469=EDGE_LOOP('',(#7964,#7965,#7966,#7967,#7968,#7969));
#1470=EDGE_LOOP('',(#7970,#7971,#7972,#7973,#7974,#7975,#7976,#7977));
#1471=EDGE_LOOP('',(#7978,#7979,#7980,#7981));
#1472=EDGE_LOOP('',(#7982,#7983,#7984,#7985,#7986,#7987));
#1473=EDGE_LOOP('',(#7988,#7989,#7990,#7991));
#1474=EDGE_LOOP('',(#7992,#7993,#7994,#7995));
#1475=EDGE_LOOP('',(#7996,#7997,#7998,#7999));
#1476=EDGE_LOOP('',(#8000,#8001,#8002,#8003));
#1477=EDGE_LOOP('',(#8004,#8005,#8006,#8007));
#1478=EDGE_LOOP('',(#8008,#8009,#8010,#8011));
#1479=EDGE_LOOP('',(#8012,#8013,#8014,#8015));
#1480=EDGE_LOOP('',(#8016,#8017,#8018,#8019));
#1481=EDGE_LOOP('',(#8020,#8021,#8022,#8023));
#1482=EDGE_LOOP('',(#8024,#8025,#8026,#8027));
#1483=EDGE_LOOP('',(#8028,#8029,#8030,#8031));
#1484=EDGE_LOOP('',(#8032,#8033,#8034,#8035));
#1485=EDGE_LOOP('',(#8036,#8037,#8038,#8039));
#1486=EDGE_LOOP('',(#8040,#8041,#8042,#8043,#8044,#8045));
#1487=EDGE_LOOP('',(#8046,#8047,#8048,#8049));
#1488=EDGE_LOOP('',(#8050,#8051,#8052,#8053));
#1489=EDGE_LOOP('',(#8054));
#1490=EDGE_LOOP('',(#8055));
#1491=EDGE_LOOP('',(#8056,#8057,#8058,#8059));
#1492=EDGE_LOOP('',(#8060,#8061,#8062,#8063));
#1493=EDGE_LOOP('',(#8064));
#1494=EDGE_LOOP('',(#8065));
#1495=EDGE_LOOP('',(#8066,#8067,#8068,#8069));
#1496=EDGE_LOOP('',(#8070,#8071,#8072,#8073));
#1497=EDGE_LOOP('',(#8074));
#1498=EDGE_LOOP('',(#8075));
#1499=EDGE_LOOP('',(#8076));
#1500=EDGE_LOOP('',(#8077));
#1501=EDGE_LOOP('',(#8078,#8079,#8080,#8081));
#1502=EDGE_LOOP('',(#8082,#8083,#8084,#8085));
#1503=EDGE_LOOP('',(#8086,#8087,#8088,#8089));
#1504=EDGE_LOOP('',(#8090,#8091,#8092,#8093));
#1505=EDGE_LOOP('',(#8094,#8095,#8096,#8097,#8098));
#1506=EDGE_LOOP('',(#8099,#8100,#8101,#8102));
#1507=EDGE_LOOP('',(#8103,#8104,#8105,#8106));
#1508=EDGE_LOOP('',(#8107,#8108,#8109,#8110));
#1509=EDGE_LOOP('',(#8111,#8112,#8113,#8114));
#1510=EDGE_LOOP('',(#8115,#8116,#8117,#8118));
#1511=EDGE_LOOP('',(#8119,#8120,#8121,#8122));
#1512=EDGE_LOOP('',(#8123,#8124,#8125,#8126));
#1513=EDGE_LOOP('',(#8127,#8128,#8129,#8130));
#1514=EDGE_LOOP('',(#8131,#8132,#8133,#8134));
#1515=EDGE_LOOP('',(#8135,#8136,#8137,#8138));
#1516=EDGE_LOOP('',(#8139,#8140,#8141,#8142,#8143));
#1517=EDGE_LOOP('',(#8144,#8145,#8146,#8147));
#1518=EDGE_LOOP('',(#8148,#8149,#8150,#8151));
#1519=EDGE_LOOP('',(#8152,#8153,#8154,#8155,#8156,#8157,#8158,#8159,#8160,
#8161,#8162,#8163,#8164,#8165));
#1520=EDGE_LOOP('',(#8166,#8167,#8168,#8169,#8170));
#1521=EDGE_LOOP('',(#8171,#8172,#8173,#8174));
#1522=EDGE_LOOP('',(#8175,#8176,#8177,#8178));
#1523=EDGE_LOOP('',(#8179,#8180,#8181,#8182));
#1524=EDGE_LOOP('',(#8183,#8184,#8185,#8186));
#1525=EDGE_LOOP('',(#8187,#8188,#8189,#8190));
#1526=EDGE_LOOP('',(#8191,#8192,#8193,#8194));
#1527=EDGE_LOOP('',(#8195,#8196,#8197,#8198));
#1528=EDGE_LOOP('',(#8199,#8200,#8201,#8202));
#1529=EDGE_LOOP('',(#8203,#8204,#8205,#8206,#8207));
#1530=EDGE_LOOP('',(#8208,#8209,#8210,#8211));
#1531=EDGE_LOOP('',(#8212,#8213,#8214,#8215));
#1532=EDGE_LOOP('',(#8216,#8217,#8218,#8219));
#1533=EDGE_LOOP('',(#8220,#8221,#8222,#8223));
#1534=EDGE_LOOP('',(#8224,#8225,#8226,#8227));
#1535=EDGE_LOOP('',(#8228,#8229,#8230,#8231));
#1536=EDGE_LOOP('',(#8232,#8233,#8234,#8235));
#1537=EDGE_LOOP('',(#8236,#8237,#8238,#8239));
#1538=EDGE_LOOP('',(#8240,#8241,#8242,#8243));
#1539=EDGE_LOOP('',(#8244,#8245,#8246,#8247));
#1540=EDGE_LOOP('',(#8248,#8249,#8250,#8251,#8252));
#1541=EDGE_LOOP('',(#8253,#8254,#8255,#8256));
#1542=EDGE_LOOP('',(#8257,#8258,#8259,#8260));
#1543=EDGE_LOOP('',(#8261,#8262,#8263,#8264));
#1544=EDGE_LOOP('',(#8265,#8266,#8267,#8268,#8269,#8270,#8271,#8272));
#1545=EDGE_LOOP('',(#8273));
#1546=EDGE_LOOP('',(#8274,#8275,#8276,#8277,#8278,#8279,#8280));
#1547=EDGE_LOOP('',(#8281,#8282,#8283,#8284));
#1548=EDGE_LOOP('',(#8285,#8286,#8287,#8288));
#1549=EDGE_LOOP('',(#8289,#8290,#8291,#8292));
#1550=EDGE_LOOP('',(#8293,#8294,#8295,#8296,#8297,#8298,#8299,#8300,#8301,
#8302,#8303,#8304));
#1551=EDGE_LOOP('',(#8305,#8306,#8307,#8308,#8309,#8310,#8311,#8312,#8313,
#8314,#8315,#8316,#8317));
#1552=EDGE_LOOP('',(#8318,#8319,#8320,#8321));
#1553=EDGE_LOOP('',(#8322));
#1554=EDGE_LOOP('',(#8323,#8324,#8325,#8326,#8327,#8328,#8329,#8330));
#1555=EDGE_LOOP('',(#8331,#8332,#8333,#8334));
#1556=EDGE_LOOP('',(#8335,#8336,#8337,#8338,#8339,#8340,#8341,#8342));
#1557=EDGE_LOOP('',(#8343,#8344,#8345));
#1558=EDGE_LOOP('',(#8346,#8347,#8348));
#1559=EDGE_LOOP('',(#8349,#8350,#8351));
#1560=EDGE_LOOP('',(#8352,#8353,#8354));
#1561=EDGE_LOOP('',(#8355,#8356,#8357,#8358));
#1562=EDGE_LOOP('',(#8359,#8360,#8361,#8362));
#1563=EDGE_LOOP('',(#8363,#8364,#8365,#8366));
#1564=EDGE_LOOP('',(#8367,#8368,#8369,#8370));
#1565=EDGE_LOOP('',(#8371,#8372,#8373,#8374));
#1566=EDGE_LOOP('',(#8375,#8376,#8377,#8378));
#1567=EDGE_LOOP('',(#8379,#8380,#8381,#8382));
#1568=EDGE_LOOP('',(#8383,#8384,#8385,#8386));
#1569=EDGE_LOOP('',(#8387,#8388,#8389,#8390));
#1570=EDGE_LOOP('',(#8391,#8392,#8393,#8394,#8395,#8396,#8397,#8398));
#1571=EDGE_LOOP('',(#8399,#8400,#8401,#8402,#8403,#8404,#8405,#8406));
#1572=EDGE_LOOP('',(#8407,#8408,#8409,#8410));
#1573=EDGE_LOOP('',(#8411,#8412,#8413,#8414));
#1574=EDGE_LOOP('',(#8415,#8416,#8417,#8418));
#1575=EDGE_LOOP('',(#8419,#8420,#8421,#8422));
#1576=EDGE_LOOP('',(#8423,#8424,#8425,#8426));
#1577=EDGE_LOOP('',(#8427,#8428,#8429,#8430));
#1578=EDGE_LOOP('',(#8431,#8432,#8433,#8434));
#1579=EDGE_LOOP('',(#8435,#8436,#8437,#8438));
#1580=EDGE_LOOP('',(#8439,#8440,#8441,#8442,#8443,#8444,#8445,#8446));
#1581=EDGE_LOOP('',(#8447,#8448,#8449,#8450));
#1582=EDGE_LOOP('',(#8451,#8452,#8453,#8454));
#1583=EDGE_LOOP('',(#8455,#8456,#8457,#8458));
#1584=EDGE_LOOP('',(#8459,#8460,#8461,#8462));
#1585=EDGE_LOOP('',(#8463,#8464,#8465,#8466));
#1586=EDGE_LOOP('',(#8467,#8468,#8469,#8470));
#1587=EDGE_LOOP('',(#8471,#8472,#8473,#8474));
#1588=EDGE_LOOP('',(#8475,#8476,#8477,#8478));
#1589=EDGE_LOOP('',(#8479,#8480,#8481,#8482));
#1590=EDGE_LOOP('',(#8483,#8484,#8485,#8486));
#1591=EDGE_LOOP('',(#8487,#8488,#8489,#8490));
#1592=EDGE_LOOP('',(#8491,#8492,#8493,#8494));
#1593=EDGE_LOOP('',(#8495,#8496,#8497,#8498));
#1594=EDGE_LOOP('',(#8499,#8500,#8501,#8502));
#1595=EDGE_LOOP('',(#8503,#8504,#8505,#8506));
#1596=EDGE_LOOP('',(#8507,#8508,#8509,#8510));
#1597=EDGE_LOOP('',(#8511,#8512,#8513,#8514));
#1598=EDGE_LOOP('',(#8515,#8516,#8517,#8518));
#1599=EDGE_LOOP('',(#8519,#8520,#8521,#8522));
#1600=EDGE_LOOP('',(#8523,#8524,#8525,#8526));
#1601=EDGE_LOOP('',(#8527,#8528,#8529,#8530));
#1602=EDGE_LOOP('',(#8531,#8532,#8533,#8534));
#1603=EDGE_LOOP('',(#8535));
#1604=EDGE_LOOP('',(#8536));
#1605=EDGE_LOOP('',(#8537,#8538,#8539,#8540));
#1606=EDGE_LOOP('',(#8541,#8542,#8543,#8544));
#1607=EDGE_LOOP('',(#8545,#8546,#8547,#8548));
#1608=EDGE_LOOP('',(#8549,#8550,#8551,#8552));
#1609=EDGE_LOOP('',(#8553,#8554,#8555,#8556));
#1610=EDGE_LOOP('',(#8557,#8558,#8559,#8560,#8561,#8562,#8563,#8564,#8565,
#8566,#8567,#8568,#8569,#8570));
#1611=EDGE_LOOP('',(#8571,#8572,#8573,#8574));
#1612=EDGE_LOOP('',(#8575,#8576,#8577,#8578));
#1613=EDGE_LOOP('',(#8579,#8580,#8581,#8582));
#1614=EDGE_LOOP('',(#8583,#8584,#8585,#8586));
#1615=EDGE_LOOP('',(#8587,#8588,#8589,#8590));
#1616=EDGE_LOOP('',(#8591,#8592,#8593,#8594));
#1617=EDGE_LOOP('',(#8595,#8596,#8597,#8598));
#1618=EDGE_LOOP('',(#8599,#8600,#8601,#8602));
#1619=EDGE_LOOP('',(#8603,#8604,#8605,#8606));
#1620=EDGE_LOOP('',(#8607,#8608,#8609,#8610));
#1621=EDGE_LOOP('',(#8611,#8612,#8613,#8614));
#1622=EDGE_LOOP('',(#8615,#8616,#8617,#8618));
#1623=EDGE_LOOP('',(#8619,#8620,#8621,#8622));
#1624=EDGE_LOOP('',(#8623,#8624,#8625,#8626));
#1625=EDGE_LOOP('',(#8627,#8628,#8629,#8630));
#1626=EDGE_LOOP('',(#8631,#8632,#8633,#8634,#8635));
#1627=EDGE_LOOP('',(#8636,#8637,#8638,#8639,#8640));
#1628=EDGE_LOOP('',(#8641,#8642,#8643,#8644,#8645));
#1629=EDGE_LOOP('',(#8646,#8647,#8648,#8649,#8650));
#1630=EDGE_LOOP('',(#8651,#8652,#8653,#8654));
#1631=EDGE_LOOP('',(#8655,#8656,#8657,#8658));
#1632=EDGE_LOOP('',(#8659,#8660,#8661,#8662));
#1633=EDGE_LOOP('',(#8663));
#1634=EDGE_LOOP('',(#8664,#8665,#8666,#8667));
#1635=EDGE_LOOP('',(#8668));
#1636=EDGE_LOOP('',(#8669,#8670,#8671,#8672,#8673,#8674,#8675,#8676,#8677,
#8678,#8679,#8680,#8681,#8682));
#1637=EDGE_LOOP('',(#8683,#8684,#8685,#8686));
#1638=EDGE_LOOP('',(#8687,#8688,#8689,#8690));
#1639=EDGE_LOOP('',(#8691,#8692,#8693,#8694));
#1640=EDGE_LOOP('',(#8695,#8696,#8697,#8698));
#1641=EDGE_LOOP('',(#8699,#8700,#8701,#8702));
#1642=EDGE_LOOP('',(#8703,#8704,#8705,#8706));
#1643=EDGE_LOOP('',(#8707,#8708,#8709,#8710));
#1644=EDGE_LOOP('',(#8711,#8712,#8713,#8714));
#1645=EDGE_LOOP('',(#8715,#8716,#8717,#8718));
#1646=EDGE_LOOP('',(#8719,#8720,#8721,#8722));
#1647=EDGE_LOOP('',(#8723));
#1648=EDGE_LOOP('',(#8724));
#1649=EDGE_LOOP('',(#8725,#8726,#8727,#8728));
#1650=EDGE_LOOP('',(#8729,#8730,#8731,#8732));
#1651=EDGE_LOOP('',(#8733,#8734,#8735,#8736));
#1652=EDGE_LOOP('',(#8737,#8738,#8739,#8740));
#1653=EDGE_LOOP('',(#8741,#8742,#8743,#8744));
#1654=EDGE_LOOP('',(#8745,#8746,#8747,#8748,#8749,#8750,#8751,#8752,#8753,
#8754,#8755,#8756,#8757,#8758));
#1655=EDGE_LOOP('',(#8759,#8760,#8761,#8762));
#1656=EDGE_LOOP('',(#8763,#8764,#8765,#8766));
#1657=EDGE_LOOP('',(#8767,#8768,#8769,#8770));
#1658=EDGE_LOOP('',(#8771,#8772,#8773,#8774));
#1659=EDGE_LOOP('',(#8775,#8776,#8777,#8778));
#1660=EDGE_LOOP('',(#8779,#8780,#8781,#8782));
#1661=EDGE_LOOP('',(#8783,#8784,#8785,#8786));
#1662=EDGE_LOOP('',(#8787,#8788,#8789,#8790));
#1663=EDGE_LOOP('',(#8791,#8792,#8793,#8794));
#1664=EDGE_LOOP('',(#8795,#8796,#8797,#8798));
#1665=EDGE_LOOP('',(#8799,#8800,#8801,#8802));
#1666=EDGE_LOOP('',(#8803,#8804,#8805,#8806));
#1667=EDGE_LOOP('',(#8807,#8808,#8809,#8810));
#1668=EDGE_LOOP('',(#8811,#8812,#8813,#8814));
#1669=EDGE_LOOP('',(#8815));
#1670=EDGE_LOOP('',(#8816,#8817,#8818,#8819));
#1671=EDGE_LOOP('',(#8820));
#1672=EDGE_LOOP('',(#8821,#8822,#8823,#8824,#8825,#8826,#8827,#8828,#8829,
#8830,#8831,#8832,#8833,#8834));
#1673=EDGE_LOOP('',(#8835,#8836,#8837,#8838));
#1674=EDGE_LOOP('',(#8839,#8840,#8841,#8842));
#1675=CIRCLE('',#9406,5.);
#1676=CIRCLE('',#9408,6.5);
#1677=CIRCLE('',#9409,5.);
#1678=CIRCLE('',#9410,6.5);
#1679=CIRCLE('',#9413,5.);
#1680=CIRCLE('',#9415,6.5);
#1681=CIRCLE('',#9416,5.);
#1682=CIRCLE('',#9417,6.5);
#1683=CIRCLE('',#9420,5.);
#1684=CIRCLE('',#9422,6.5);
#1685=CIRCLE('',#9423,5.);
#1686=CIRCLE('',#9424,6.5);
#1687=CIRCLE('',#9427,0.499999999999996);
#1688=CIRCLE('',#9429,5.);
#1689=CIRCLE('',#9437,0.499999999999998);
#1690=CIRCLE('',#9438,0.499999999999983);
#1691=CIRCLE('',#9439,0.499999999999999);
#1692=CIRCLE('',#9459,2.);
#1693=CIRCLE('',#9461,1.99999999999999);
#1694=CIRCLE('',#9464,1.99999999999999);
#1695=CIRCLE('',#9466,1.99999999999999);
#1696=CIRCLE('',#9468,1.99999999999999);
#1697=CIRCLE('',#9471,2.);
#1698=CIRCLE('',#9473,5.);
#1699=CIRCLE('',#9475,6.4);
#1700=CIRCLE('',#9476,5.);
#1701=CIRCLE('',#9478,5.);
#1702=CIRCLE('',#9479,5.);
#1703=CIRCLE('',#9480,5.);
#1704=CIRCLE('',#9481,5.);
#1705=CIRCLE('',#9482,5.);
#1706=CIRCLE('',#9483,5.);
#1707=CIRCLE('',#9490,2.);
#1708=CIRCLE('',#9491,2.);
#1709=CIRCLE('',#9495,3.25);
#1710=CIRCLE('',#9498,3.25);
#1711=CIRCLE('',#9502,3.25);
#1712=CIRCLE('',#9505,3.25);
#1713=CIRCLE('',#9518,6.);
#1714=CIRCLE('',#9524,2.5);
#1715=CIRCLE('',#9526,2.);
#1716=CIRCLE('',#9527,2.);
#1717=CIRCLE('',#9530,2.5);
#1718=CIRCLE('',#9531,2.);
#1719=CIRCLE('',#9532,2.);
#1720=CIRCLE('',#9551,2.);
#1721=CIRCLE('',#9552,2.);
#1722=CIRCLE('',#9555,3.5);
#1723=CIRCLE('',#9557,3.5);
#1724=CIRCLE('',#9592,1.20000001490116);
#1725=CIRCLE('',#9593,1.99999999999999);
#1726=CIRCLE('',#9594,1.20000001490116);
#1727=CIRCLE('',#9596,1.20000001490116);
#1728=CIRCLE('',#9598,1.99999999999999);
#1729=CIRCLE('',#9599,1.99999999999999);
#1730=CIRCLE('',#9600,1.20000001490116);
#1731=CIRCLE('',#9602,1.20000001490116);
#1732=CIRCLE('',#9604,1.99999999999999);
#1733=CIRCLE('',#9605,1.99999999999999);
#1734=CIRCLE('',#9606,1.20000001490116);
#1735=CIRCLE('',#9608,1.20000001490116);
#1736=CIRCLE('',#9610,1.20000001490116);
#1737=CIRCLE('',#9611,2.);
#1738=CIRCLE('',#9614,1.99999999999999);
#1739=CIRCLE('',#9618,1.99999999999999);
#1740=CIRCLE('',#9621,2.);
#1741=CIRCLE('',#9626,1.99999999999999);
#1742=CIRCLE('',#9790,4.5);
#1743=CIRCLE('',#9791,4.49999999999999);
#1744=CIRCLE('',#9792,4.50000000000121);
#1745=CIRCLE('',#9793,4.49999999999999);
#1746=CIRCLE('',#9795,6.);
#1747=CIRCLE('',#9796,5.);
#1748=CIRCLE('',#9801,5.);
#1749=CIRCLE('',#9802,5.);
#1750=CIRCLE('',#9803,5.);
#1751=CIRCLE('',#9804,5.);
#1752=CIRCLE('',#9805,5.);
#1753=CIRCLE('',#9808,2.5);
#1754=CIRCLE('',#9810,2.);
#1755=CIRCLE('',#9811,2.);
#1756=CIRCLE('',#9814,2.5);
#1757=CIRCLE('',#9815,2.);
#1758=CIRCLE('',#9816,2.);
#1759=CIRCLE('',#9855,2.60000000000002);
#1760=CIRCLE('',#9856,2.10000000000001);
#1761=CIRCLE('',#9858,2.10000000000001);
#1762=CIRCLE('',#9861,2.6);
#1763=CIRCLE('',#9862,2.09999999999999);
#1764=CIRCLE('',#9864,2.09999999999999);
#1765=CIRCLE('',#9867,2.6);
#1766=CIRCLE('',#9868,2.1);
#1767=CIRCLE('',#9870,2.1);
#1768=CIRCLE('',#9876,4.49999999999999);
#1769=CIRCLE('',#9879,4.50000000000121);
#1770=CIRCLE('',#9882,4.49999999999999);
#1771=CIRCLE('',#9885,4.5);
#1772=CIRCLE('',#9890,0.799999999999983);
#1773=CIRCLE('',#9893,0.799999999999983);
#1774=CIRCLE('',#9896,0.799999999999999);
#1775=CIRCLE('',#9899,0.80000000000004);
#1776=CIRCLE('',#9908,0.799999990065885);
#1777=CIRCLE('',#9911,0.799999990065903);
#1778=CIRCLE('',#9914,4.49999999999999);
#1779=CIRCLE('',#9915,4.50000000000121);
#1780=CIRCLE('',#9916,4.5);
#1781=CIRCLE('',#9917,4.5);
#1782=CIRCLE('',#9918,1.80000000000001);
#1783=CIRCLE('',#9919,1.8);
#1784=CIRCLE('',#9920,1.79999999999998);
#1785=CIRCLE('',#9921,1.80000000000003);
#1786=CIRCLE('',#9923,4.49999999999999);
#1787=CIRCLE('',#9926,4.50000000000121);
#1788=CIRCLE('',#9929,4.5);
#1789=CIRCLE('',#9932,4.5);
#1790=CIRCLE('',#9936,1.80000000000001);
#1791=CIRCLE('',#9938,1.00000001490116);
#1792=CIRCLE('',#9939,1.00000001490116);
#1793=CIRCLE('',#9942,1.00000001490116);
#1794=CIRCLE('',#9944,1.80000000000003);
#1795=CIRCLE('',#9946,1.00000001490116);
#1796=CIRCLE('',#9949,1.00000001490116);
#1797=CIRCLE('',#9951,1.79999999999998);
#1798=CIRCLE('',#9953,0.799999990065875);
#1799=CIRCLE('',#9955,1.00000001490116);
#1800=CIRCLE('',#9959,1.00000001490116);
#1801=CIRCLE('',#9961,1.8);
#1802=CIRCLE('',#9963,0.799999990065895);
#1803=CIRCLE('',#9965,1.00000001490116);
#1804=CIRCLE('',#9970,2.75);
#1805=CIRCLE('',#9971,1.75);
#1806=CIRCLE('',#9973,2.75);
#1807=CIRCLE('',#9975,1.75);
#1808=CIRCLE('',#9977,1.75);
#1809=CIRCLE('',#9979,1.75);
#1810=CIRCLE('',#9983,3.5);
#1811=CIRCLE('',#9989,3.5);
#1812=CIRCLE('',#9990,3.5);
#1813=CIRCLE('',#9991,3.5);
#1814=CIRCLE('',#9992,3.5);
#1815=CIRCLE('',#9993,3.5);
#1816=CIRCLE('',#10014,3.25);
#1817=CIRCLE('',#10015,3.25);
#1818=CIRCLE('',#10017,3.25);
#1819=CIRCLE('',#10018,3.25);
#1820=CIRCLE('',#10020,3.5);
#1821=CIRCLE('',#10023,3.5);
#1822=CIRCLE('',#10026,2.75);
#1823=CIRCLE('',#10027,1.75);
#1824=CIRCLE('',#10029,2.75);
#1825=CIRCLE('',#10031,1.75);
#1826=CIRCLE('',#10033,1.75);
#1827=CIRCLE('',#10035,1.75);
#1828=CIRCLE('',#10039,3.5);
#1829=CIRCLE('',#10045,3.5);
#1830=CIRCLE('',#10046,3.5);
#1831=CIRCLE('',#10047,3.5);
#1832=LINE('',#12499,#2958);
#1833=LINE('',#12503,#2959);
#1834=LINE('',#12504,#2960);
#1835=LINE('',#12514,#2961);
#1836=LINE('',#12519,#2962);
#1837=LINE('',#12521,#2963);
#1838=LINE('',#12523,#2964);
#1839=LINE('',#12525,#2965);
#1840=LINE('',#12526,#2966);
#1841=LINE('',#12530,#2967);
#1842=LINE('',#12540,#2968);
#1843=LINE('',#12545,#2969);
#1844=LINE('',#12547,#2970);
#1845=LINE('',#12549,#2971);
#1846=LINE('',#12551,#2972);
#1847=LINE('',#12553,#2973);
#1848=LINE('',#12558,#2974);
#1849=LINE('',#12562,#2975);
#1850=LINE('',#12571,#2976);
#1851=LINE('',#12580,#2977);
#1852=LINE('',#12582,#2978);
#1853=LINE('',#12584,#2979);
#1854=LINE('',#12586,#2980);
#1855=LINE('',#12587,#2981);
#1856=LINE('',#12593,#2982);
#1857=LINE('',#12597,#2983);
#1858=LINE('',#12599,#2984);
#1859=LINE('',#12601,#2985);
#1860=LINE('',#12602,#2986);
#1861=LINE('',#12605,#2987);
#1862=LINE('',#12607,#2988);
#1863=LINE('',#12608,#2989);
#1864=LINE('',#12611,#2990);
#1865=LINE('',#12613,#2991);
#1866=LINE('',#12614,#2992);
#1867=LINE('',#12616,#2993);
#1868=LINE('',#12617,#2994);
#1869=LINE('',#12620,#2995);
#1870=LINE('',#12622,#2996);
#1871=LINE('',#12623,#2997);
#1872=LINE('',#12626,#2998);
#1873=LINE('',#12628,#2999);
#1874=LINE('',#12630,#3000);
#1875=LINE('',#12631,#3001);
#1876=LINE('',#12636,#3002);
#1877=LINE('',#12641,#3003);
#1878=LINE('',#12643,#3004);
#1879=LINE('',#12645,#3005);
#1880=LINE('',#12646,#3006);
#1881=LINE('',#12649,#3007);
#1882=LINE('',#12651,#3008);
#1883=LINE('',#12653,#3009);
#1884=LINE('',#12654,#3010);
#1885=LINE('',#12657,#3011);
#1886=LINE('',#12659,#3012);
#1887=LINE('',#12661,#3013);
#1888=LINE('',#12662,#3014);
#1889=LINE('',#12665,#3015);
#1890=LINE('',#12667,#3016);
#1891=LINE('',#12668,#3017);
#1892=LINE('',#12671,#3018);
#1893=LINE('',#12672,#3019);
#1894=LINE('',#12675,#3020);
#1895=LINE('',#12676,#3021);
#1896=LINE('',#12678,#3022);
#1897=LINE('',#12681,#3023);
#1898=LINE('',#12683,#3024);
#1899=LINE('',#12684,#3025);
#1900=LINE('',#12687,#3026);
#1901=LINE('',#12688,#3027);
#1902=LINE('',#12691,#3028);
#1903=LINE('',#12693,#3029);
#1904=LINE('',#12694,#3030);
#1905=LINE('',#12697,#3031);
#1906=LINE('',#12698,#3032);
#1907=LINE('',#12701,#3033);
#1908=LINE('',#12702,#3034);
#1909=LINE('',#12704,#3035);
#1910=LINE('',#12707,#3036);
#1911=LINE('',#12709,#3037);
#1912=LINE('',#12710,#3038);
#1913=LINE('',#12713,#3039);
#1914=LINE('',#12714,#3040);
#1915=LINE('',#12718,#3041);
#1916=LINE('',#12719,#3042);
#1917=LINE('',#12720,#3043);
#1918=LINE('',#12723,#3044);
#1919=LINE('',#12725,#3045);
#1920=LINE('',#12726,#3046);
#1921=LINE('',#12728,#3047);
#1922=LINE('',#12730,#3048);
#1923=LINE('',#12733,#3049);
#1924=LINE('',#12735,#3050);
#1925=LINE('',#12737,#3051);
#1926=LINE('',#12739,#3052);
#1927=LINE('',#12741,#3053);
#1928=LINE('',#12743,#3054);
#1929=LINE('',#12744,#3055);
#1930=LINE('',#12747,#3056);
#1931=LINE('',#12749,#3057);
#1932=LINE('',#12751,#3058);
#1933=LINE('',#12753,#3059);
#1934=LINE('',#12755,#3060);
#1935=LINE('',#12756,#3061);
#1936=LINE('',#12761,#3062);
#1937=LINE('',#12765,#3063);
#1938=LINE('',#12766,#3064);
#1939=LINE('',#12773,#3065);
#1940=LINE('',#12776,#3066);
#1941=LINE('',#12779,#3067);
#1942=LINE('',#12780,#3068);
#1943=LINE('',#12783,#3069);
#1944=LINE('',#12785,#3070);
#1945=LINE('',#12787,#3071);
#1946=LINE('',#12789,#3072);
#1947=LINE('',#12790,#3073);
#1948=LINE('',#12793,#3074);
#1949=LINE('',#12795,#3075);
#1950=LINE('',#12797,#3076);
#1951=LINE('',#12798,#3077);
#1952=LINE('',#12801,#3078);
#1953=LINE('',#12803,#3079);
#1954=LINE('',#12805,#3080);
#1955=LINE('',#12806,#3081);
#1956=LINE('',#12809,#3082);
#1957=LINE('',#12811,#3083);
#1958=LINE('',#12813,#3084);
#1959=LINE('',#12814,#3085);
#1960=LINE('',#12817,#3086);
#1961=LINE('',#12819,#3087);
#1962=LINE('',#12821,#3088);
#1963=LINE('',#12822,#3089);
#1964=LINE('',#12825,#3090);
#1965=LINE('',#12827,#3091);
#1966=LINE('',#12829,#3092);
#1967=LINE('',#12830,#3093);
#1968=LINE('',#12833,#3094);
#1969=LINE('',#12835,#3095);
#1970=LINE('',#12837,#3096);
#1971=LINE('',#12838,#3097);
#1972=LINE('',#12841,#3098);
#1973=LINE('',#12843,#3099);
#1974=LINE('',#12845,#3100);
#1975=LINE('',#12846,#3101);
#1976=LINE('',#12849,#3102);
#1977=LINE('',#12851,#3103);
#1978=LINE('',#12853,#3104);
#1979=LINE('',#12854,#3105);
#1980=LINE('',#12857,#3106);
#1981=LINE('',#12859,#3107);
#1982=LINE('',#12861,#3108);
#1983=LINE('',#12862,#3109);
#1984=LINE('',#12865,#3110);
#1985=LINE('',#12867,#3111);
#1986=LINE('',#12869,#3112);
#1987=LINE('',#12870,#3113);
#1988=LINE('',#12873,#3114);
#1989=LINE('',#12875,#3115);
#1990=LINE('',#12877,#3116);
#1991=LINE('',#12879,#3117);
#1992=LINE('',#12880,#3118);
#1993=LINE('',#12883,#3119);
#1994=LINE('',#12885,#3120);
#1995=LINE('',#12887,#3121);
#1996=LINE('',#12888,#3122);
#1997=LINE('',#12891,#3123);
#1998=LINE('',#12893,#3124);
#1999=LINE('',#12895,#3125);
#2000=LINE('',#12896,#3126);
#2001=LINE('',#12899,#3127);
#2002=LINE('',#12901,#3128);
#2003=LINE('',#12903,#3129);
#2004=LINE('',#12904,#3130);
#2005=LINE('',#12907,#3131);
#2006=LINE('',#12911,#3132);
#2007=LINE('',#12912,#3133);
#2008=LINE('',#12917,#3134);
#2009=LINE('',#12919,#3135);
#2010=LINE('',#12921,#3136);
#2011=LINE('',#12923,#3137);
#2012=LINE('',#12924,#3138);
#2013=LINE('',#12927,#3139);
#2014=LINE('',#12929,#3140);
#2015=LINE('',#12931,#3141);
#2016=LINE('',#12932,#3142);
#2017=LINE('',#12935,#3143);
#2018=LINE('',#12937,#3144);
#2019=LINE('',#12939,#3145);
#2020=LINE('',#12940,#3146);
#2021=LINE('',#12943,#3147);
#2022=LINE('',#12945,#3148);
#2023=LINE('',#12947,#3149);
#2024=LINE('',#12949,#3150);
#2025=LINE('',#12951,#3151);
#2026=LINE('',#12953,#3152);
#2027=LINE('',#12955,#3153);
#2028=LINE('',#12957,#3154);
#2029=LINE('',#12959,#3155);
#2030=LINE('',#12961,#3156);
#2031=LINE('',#12963,#3157);
#2032=LINE('',#12965,#3158);
#2033=LINE('',#12967,#3159);
#2034=LINE('',#12969,#3160);
#2035=LINE('',#12971,#3161);
#2036=LINE('',#12973,#3162);
#2037=LINE('',#12975,#3163);
#2038=LINE('',#12977,#3164);
#2039=LINE('',#12979,#3165);
#2040=LINE('',#12981,#3166);
#2041=LINE('',#12983,#3167);
#2042=LINE('',#12985,#3168);
#2043=LINE('',#12987,#3169);
#2044=LINE('',#12989,#3170);
#2045=LINE('',#12991,#3171);
#2046=LINE('',#12993,#3172);
#2047=LINE('',#12994,#3173);
#2048=LINE('',#12999,#3174);
#2049=LINE('',#13002,#3175);
#2050=LINE('',#13006,#3176);
#2051=LINE('',#13012,#3177);
#2052=LINE('',#13015,#3178);
#2053=LINE('',#13020,#3179);
#2054=LINE('',#13023,#3180);
#2055=LINE('',#13026,#3181);
#2056=LINE('',#13027,#3182);
#2057=LINE('',#13030,#3183);
#2058=LINE('',#13032,#3184);
#2059=LINE('',#13034,#3185);
#2060=LINE('',#13036,#3186);
#2061=LINE('',#13037,#3187);
#2062=LINE('',#13040,#3188);
#2063=LINE('',#13042,#3189);
#2064=LINE('',#13044,#3190);
#2065=LINE('',#13045,#3191);
#2066=LINE('',#13048,#3192);
#2067=LINE('',#13050,#3193);
#2068=LINE('',#13052,#3194);
#2069=LINE('',#13053,#3195);
#2070=LINE('',#13056,#3196);
#2071=LINE('',#13058,#3197);
#2072=LINE('',#13060,#3198);
#2073=LINE('',#13061,#3199);
#2074=LINE('',#13064,#3200);
#2075=LINE('',#13066,#3201);
#2076=LINE('',#13068,#3202);
#2077=LINE('',#13069,#3203);
#2078=LINE('',#13073,#3204);
#2079=LINE('',#13075,#3205);
#2080=LINE('',#13077,#3206);
#2081=LINE('',#13079,#3207);
#2082=LINE('',#13080,#3208);
#2083=LINE('',#13083,#3209);
#2084=LINE('',#13085,#3210);
#2085=LINE('',#13086,#3211);
#2086=LINE('',#13089,#3212);
#2087=LINE('',#13091,#3213);
#2088=LINE('',#13092,#3214);
#2089=LINE('',#13095,#3215);
#2090=LINE('',#13097,#3216);
#2091=LINE('',#13098,#3217);
#2092=LINE('',#13101,#3218);
#2093=LINE('',#13102,#3219);
#2094=LINE('',#13109,#3220);
#2095=LINE('',#13110,#3221);
#2096=LINE('',#13139,#3222);
#2097=LINE('',#13141,#3223);
#2098=LINE('',#13142,#3224);
#2099=LINE('',#13145,#3225);
#2100=LINE('',#13147,#3226);
#2101=LINE('',#13148,#3227);
#2102=LINE('',#13151,#3228);
#2103=LINE('',#13152,#3229);
#2104=LINE('',#13154,#3230);
#2105=LINE('',#13155,#3231);
#2106=LINE('',#13157,#3232);
#2107=LINE('',#13159,#3233);
#2108=LINE('',#13162,#3234);
#2109=LINE('',#13164,#3235);
#2110=LINE('',#13165,#3236);
#2111=LINE('',#13168,#3237);
#2112=LINE('',#13170,#3238);
#2113=LINE('',#13171,#3239);
#2114=LINE('',#13174,#3240);
#2115=LINE('',#13175,#3241);
#2116=LINE('',#13177,#3242);
#2117=LINE('',#13178,#3243);
#2118=LINE('',#13180,#3244);
#2119=LINE('',#13182,#3245);
#2120=LINE('',#13190,#3246);
#2121=LINE('',#13194,#3247);
#2122=LINE('',#13196,#3248);
#2123=LINE('',#13197,#3249);
#2124=LINE('',#13201,#3250);
#2125=LINE('',#13202,#3251);
#2126=LINE('',#13203,#3252);
#2127=LINE('',#13206,#3253);
#2128=LINE('',#13207,#3254);
#2129=LINE('',#13210,#3255);
#2130=LINE('',#13211,#3256);
#2131=LINE('',#13214,#3257);
#2132=LINE('',#13215,#3258);
#2133=LINE('',#13216,#3259);
#2134=LINE('',#13221,#3260);
#2135=LINE('',#13226,#3261);
#2136=LINE('',#13231,#3262);
#2137=LINE('',#13236,#3263);
#2138=LINE('',#13238,#3264);
#2139=LINE('',#13239,#3265);
#2140=LINE('',#13241,#3266);
#2141=LINE('',#13242,#3267);
#2142=LINE('',#13244,#3268);
#2143=LINE('',#13245,#3269);
#2144=LINE('',#13253,#3270);
#2145=LINE('',#13255,#3271);
#2146=LINE('',#13256,#3272);
#2147=LINE('',#13259,#3273);
#2148=LINE('',#13261,#3274);
#2149=LINE('',#13262,#3275);
#2150=LINE('',#13265,#3276);
#2151=LINE('',#13267,#3277);
#2152=LINE('',#13268,#3278);
#2153=LINE('',#13271,#3279);
#2154=LINE('',#13273,#3280);
#2155=LINE('',#13274,#3281);
#2156=LINE('',#13278,#3282);
#2157=LINE('',#13280,#3283);
#2158=LINE('',#13282,#3284);
#2159=LINE('',#13283,#3285);
#2160=LINE('',#13286,#3286);
#2161=LINE('',#13288,#3287);
#2162=LINE('',#13289,#3288);
#2163=LINE('',#13292,#3289);
#2164=LINE('',#13294,#3290);
#2165=LINE('',#13296,#3291);
#2166=LINE('',#13297,#3292);
#2167=LINE('',#13300,#3293);
#2168=LINE('',#13302,#3294);
#2169=LINE('',#13303,#3295);
#2170=LINE('',#13306,#3296);
#2171=LINE('',#13307,#3297);
#2172=LINE('',#13314,#3298);
#2173=LINE('',#13315,#3299);
#2174=LINE('',#13318,#3300);
#2175=LINE('',#13323,#3301);
#2176=LINE('',#13326,#3302);
#2177=LINE('',#13327,#3303);
#2178=LINE('',#13330,#3304);
#2179=LINE('',#13331,#3305);
#2180=LINE('',#13335,#3306);
#2181=LINE('',#13336,#3307);
#2182=LINE('',#13337,#3308);
#2183=LINE('',#13339,#3309);
#2184=LINE('',#13342,#3310);
#2185=LINE('',#13343,#3311);
#2186=LINE('',#13346,#3312);
#2187=LINE('',#13347,#3313);
#2188=LINE('',#13350,#3314);
#2189=LINE('',#13351,#3315);
#2190=LINE('',#13354,#3316);
#2191=LINE('',#13356,#3317);
#2192=LINE('',#13358,#3318);
#2193=LINE('',#13360,#3319);
#2194=LINE('',#13361,#3320);
#2195=LINE('',#13364,#3321);
#2196=LINE('',#13366,#3322);
#2197=LINE('',#13368,#3323);
#2198=LINE('',#13370,#3324);
#2199=LINE('',#13371,#3325);
#2200=LINE('',#13374,#3326);
#2201=LINE('',#13376,#3327);
#2202=LINE('',#13378,#3328);
#2203=LINE('',#13380,#3329);
#2204=LINE('',#13381,#3330);
#2205=LINE('',#13384,#3331);
#2206=LINE('',#13386,#3332);
#2207=LINE('',#13388,#3333);
#2208=LINE('',#13390,#3334);
#2209=LINE('',#13391,#3335);
#2210=LINE('',#13394,#3336);
#2211=LINE('',#13396,#3337);
#2212=LINE('',#13398,#3338);
#2213=LINE('',#13400,#3339);
#2214=LINE('',#13401,#3340);
#2215=LINE('',#13404,#3341);
#2216=LINE('',#13406,#3342);
#2217=LINE('',#13408,#3343);
#2218=LINE('',#13410,#3344);
#2219=LINE('',#13411,#3345);
#2220=LINE('',#13414,#3346);
#2221=LINE('',#13416,#3347);
#2222=LINE('',#13418,#3348);
#2223=LINE('',#13420,#3349);
#2224=LINE('',#13421,#3350);
#2225=LINE('',#13424,#3351);
#2226=LINE('',#13426,#3352);
#2227=LINE('',#13428,#3353);
#2228=LINE('',#13429,#3354);
#2229=LINE('',#13430,#3355);
#2230=LINE('',#13432,#3356);
#2231=LINE('',#13433,#3357);
#2232=LINE('',#13434,#3358);
#2233=LINE('',#13438,#3359);
#2234=LINE('',#13439,#3360);
#2235=LINE('',#13440,#3361);
#2236=LINE('',#13444,#3362);
#2237=LINE('',#13446,#3363);
#2238=LINE('',#13448,#3364);
#2239=LINE('',#13449,#3365);
#2240=LINE('',#13453,#3366);
#2241=LINE('',#13455,#3367);
#2242=LINE('',#13457,#3368);
#2243=LINE('',#13458,#3369);
#2244=LINE('',#13460,#3370);
#2245=LINE('',#13461,#3371);
#2246=LINE('',#13463,#3372);
#2247=LINE('',#13464,#3373);
#2248=LINE('',#13467,#3374);
#2249=LINE('',#13468,#3375);
#2250=LINE('',#13471,#3376);
#2251=LINE('',#13472,#3377);
#2252=LINE('',#13474,#3378);
#2253=LINE('',#13477,#3379);
#2254=LINE('',#13478,#3380);
#2255=LINE('',#13482,#3381);
#2256=LINE('',#13483,#3382);
#2257=LINE('',#13485,#3383);
#2258=LINE('',#13488,#3384);
#2259=LINE('',#13489,#3385);
#2260=LINE('',#13491,#3386);
#2261=LINE('',#13494,#3387);
#2262=LINE('',#13495,#3388);
#2263=LINE('',#13498,#3389);
#2264=LINE('',#13499,#3390);
#2265=LINE('',#13501,#3391);
#2266=LINE('',#13502,#3392);
#2267=LINE('',#13511,#3393);
#2268=LINE('',#13521,#3394);
#2269=LINE('',#13523,#3395);
#2270=LINE('',#13533,#3396);
#2271=LINE('',#13539,#3397);
#2272=LINE('',#13544,#3398);
#2273=LINE('',#13545,#3399);
#2274=LINE('',#13548,#3400);
#2275=LINE('',#13549,#3401);
#2276=LINE('',#13552,#3402);
#2277=LINE('',#13553,#3403);
#2278=LINE('',#13557,#3404);
#2279=LINE('',#13559,#3405);
#2280=LINE('',#13563,#3406);
#2281=LINE('',#13566,#3407);
#2282=LINE('',#13567,#3408);
#2283=LINE('',#13569,#3409);
#2284=LINE('',#13572,#3410);
#2285=LINE('',#13574,#3411);
#2286=LINE('',#13576,#3412);
#2287=LINE('',#13577,#3413);
#2288=LINE('',#13580,#3414);
#2289=LINE('',#13582,#3415);
#2290=LINE('',#13584,#3416);
#2291=LINE('',#13585,#3417);
#2292=LINE('',#13588,#3418);
#2293=LINE('',#13590,#3419);
#2294=LINE('',#13592,#3420);
#2295=LINE('',#13593,#3421);
#2296=LINE('',#13596,#3422);
#2297=LINE('',#13598,#3423);
#2298=LINE('',#13600,#3424);
#2299=LINE('',#13602,#3425);
#2300=LINE('',#13603,#3426);
#2301=LINE('',#13606,#3427);
#2302=LINE('',#13608,#3428);
#2303=LINE('',#13610,#3429);
#2304=LINE('',#13611,#3430);
#2305=LINE('',#13614,#3431);
#2306=LINE('',#13616,#3432);
#2307=LINE('',#13618,#3433);
#2308=LINE('',#13619,#3434);
#2309=LINE('',#13622,#3435);
#2310=LINE('',#13624,#3436);
#2311=LINE('',#13626,#3437);
#2312=LINE('',#13627,#3438);
#2313=LINE('',#13630,#3439);
#2314=LINE('',#13632,#3440);
#2315=LINE('',#13634,#3441);
#2316=LINE('',#13635,#3442);
#2317=LINE('',#13638,#3443);
#2318=LINE('',#13640,#3444);
#2319=LINE('',#13642,#3445);
#2320=LINE('',#13643,#3446);
#2321=LINE('',#13646,#3447);
#2322=LINE('',#13648,#3448);
#2323=LINE('',#13650,#3449);
#2324=LINE('',#13651,#3450);
#2325=LINE('',#13654,#3451);
#2326=LINE('',#13656,#3452);
#2327=LINE('',#13658,#3453);
#2328=LINE('',#13659,#3454);
#2329=LINE('',#13662,#3455);
#2330=LINE('',#13664,#3456);
#2331=LINE('',#13666,#3457);
#2332=LINE('',#13667,#3458);
#2333=LINE('',#13670,#3459);
#2334=LINE('',#13672,#3460);
#2335=LINE('',#13674,#3461);
#2336=LINE('',#13675,#3462);
#2337=LINE('',#13678,#3463);
#2338=LINE('',#13680,#3464);
#2339=LINE('',#13682,#3465);
#2340=LINE('',#13683,#3466);
#2341=LINE('',#13686,#3467);
#2342=LINE('',#13688,#3468);
#2343=LINE('',#13690,#3469);
#2344=LINE('',#13692,#3470);
#2345=LINE('',#13693,#3471);
#2346=LINE('',#13696,#3472);
#2347=LINE('',#13697,#3473);
#2348=LINE('',#13702,#3474);
#2349=LINE('',#13704,#3475);
#2350=LINE('',#13705,#3476);
#2351=LINE('',#13708,#3477);
#2352=LINE('',#13710,#3478);
#2353=LINE('',#13711,#3479);
#2354=LINE('',#13714,#3480);
#2355=LINE('',#13715,#3481);
#2356=LINE('',#13718,#3482);
#2357=LINE('',#13719,#3483);
#2358=LINE('',#13722,#3484);
#2359=LINE('',#13723,#3485);
#2360=LINE('',#13725,#3486);
#2361=LINE('',#13728,#3487);
#2362=LINE('',#13729,#3488);
#2363=LINE('',#13731,#3489);
#2364=LINE('',#13734,#3490);
#2365=LINE('',#13736,#3491);
#2366=LINE('',#13737,#3492);
#2367=LINE('',#13740,#3493);
#2368=LINE('',#13742,#3494);
#2369=LINE('',#13743,#3495);
#2370=LINE('',#13746,#3496);
#2371=LINE('',#13747,#3497);
#2372=LINE('',#13750,#3498);
#2373=LINE('',#13751,#3499);
#2374=LINE('',#13754,#3500);
#2375=LINE('',#13755,#3501);
#2376=LINE('',#13757,#3502);
#2377=LINE('',#13760,#3503);
#2378=LINE('',#13761,#3504);
#2379=LINE('',#13763,#3505);
#2380=LINE('',#13766,#3506);
#2381=LINE('',#13768,#3507);
#2382=LINE('',#13769,#3508);
#2383=LINE('',#13772,#3509);
#2384=LINE('',#13774,#3510);
#2385=LINE('',#13775,#3511);
#2386=LINE('',#13778,#3512);
#2387=LINE('',#13779,#3513);
#2388=LINE('',#13782,#3514);
#2389=LINE('',#13783,#3515);
#2390=LINE('',#13786,#3516);
#2391=LINE('',#13787,#3517);
#2392=LINE('',#13789,#3518);
#2393=LINE('',#13792,#3519);
#2394=LINE('',#13793,#3520);
#2395=LINE('',#13795,#3521);
#2396=LINE('',#13798,#3522);
#2397=LINE('',#13800,#3523);
#2398=LINE('',#13801,#3524);
#2399=LINE('',#13804,#3525);
#2400=LINE('',#13805,#3526);
#2401=LINE('',#13808,#3527);
#2402=LINE('',#13810,#3528);
#2403=LINE('',#13811,#3529);
#2404=LINE('',#13814,#3530);
#2405=LINE('',#13815,#3531);
#2406=LINE('',#13818,#3532);
#2407=LINE('',#13819,#3533);
#2408=LINE('',#13822,#3534);
#2409=LINE('',#13823,#3535);
#2410=LINE('',#13825,#3536);
#2411=LINE('',#13828,#3537);
#2412=LINE('',#13829,#3538);
#2413=LINE('',#13832,#3539);
#2414=LINE('',#13833,#3540);
#2415=LINE('',#13835,#3541);
#2416=LINE('',#13838,#3542);
#2417=LINE('',#13840,#3543);
#2418=LINE('',#13841,#3544);
#2419=LINE('',#13844,#3545);
#2420=LINE('',#13846,#3546);
#2421=LINE('',#13847,#3547);
#2422=LINE('',#13850,#3548);
#2423=LINE('',#13851,#3549);
#2424=LINE('',#13854,#3550);
#2425=LINE('',#13855,#3551);
#2426=LINE('',#13858,#3552);
#2427=LINE('',#13859,#3553);
#2428=LINE('',#13861,#3554);
#2429=LINE('',#13864,#3555);
#2430=LINE('',#13865,#3556);
#2431=LINE('',#13867,#3557);
#2432=LINE('',#13870,#3558);
#2433=LINE('',#13872,#3559);
#2434=LINE('',#13873,#3560);
#2435=LINE('',#13876,#3561);
#2436=LINE('',#13878,#3562);
#2437=LINE('',#13879,#3563);
#2438=LINE('',#13882,#3564);
#2439=LINE('',#13883,#3565);
#2440=LINE('',#13886,#3566);
#2441=LINE('',#13887,#3567);
#2442=LINE('',#13890,#3568);
#2443=LINE('',#13891,#3569);
#2444=LINE('',#13893,#3570);
#2445=LINE('',#13896,#3571);
#2446=LINE('',#13897,#3572);
#2447=LINE('',#13899,#3573);
#2448=LINE('',#13902,#3574);
#2449=LINE('',#13904,#3575);
#2450=LINE('',#13905,#3576);
#2451=LINE('',#13908,#3577);
#2452=LINE('',#13910,#3578);
#2453=LINE('',#13911,#3579);
#2454=LINE('',#13914,#3580);
#2455=LINE('',#13915,#3581);
#2456=LINE('',#13918,#3582);
#2457=LINE('',#13919,#3583);
#2458=LINE('',#13922,#3584);
#2459=LINE('',#13923,#3585);
#2460=LINE('',#13925,#3586);
#2461=LINE('',#13928,#3587);
#2462=LINE('',#13929,#3588);
#2463=LINE('',#13931,#3589);
#2464=LINE('',#13934,#3590);
#2465=LINE('',#13936,#3591);
#2466=LINE('',#13937,#3592);
#2467=LINE('',#13940,#3593);
#2468=LINE('',#13942,#3594);
#2469=LINE('',#13943,#3595);
#2470=LINE('',#13946,#3596);
#2471=LINE('',#13947,#3597);
#2472=LINE('',#13950,#3598);
#2473=LINE('',#13951,#3599);
#2474=LINE('',#13954,#3600);
#2475=LINE('',#13955,#3601);
#2476=LINE('',#13957,#3602);
#2477=LINE('',#13960,#3603);
#2478=LINE('',#13961,#3604);
#2479=LINE('',#13963,#3605);
#2480=LINE('',#13966,#3606);
#2481=LINE('',#13968,#3607);
#2482=LINE('',#13969,#3608);
#2483=LINE('',#13972,#3609);
#2484=LINE('',#13974,#3610);
#2485=LINE('',#13975,#3611);
#2486=LINE('',#13978,#3612);
#2487=LINE('',#13979,#3613);
#2488=LINE('',#13982,#3614);
#2489=LINE('',#13983,#3615);
#2490=LINE('',#13986,#3616);
#2491=LINE('',#13987,#3617);
#2492=LINE('',#13989,#3618);
#2493=LINE('',#13992,#3619);
#2494=LINE('',#13993,#3620);
#2495=LINE('',#13995,#3621);
#2496=LINE('',#13998,#3622);
#2497=LINE('',#14000,#3623);
#2498=LINE('',#14001,#3624);
#2499=LINE('',#14004,#3625);
#2500=LINE('',#14006,#3626);
#2501=LINE('',#14007,#3627);
#2502=LINE('',#14010,#3628);
#2503=LINE('',#14011,#3629);
#2504=LINE('',#14014,#3630);
#2505=LINE('',#14015,#3631);
#2506=LINE('',#14018,#3632);
#2507=LINE('',#14019,#3633);
#2508=LINE('',#14021,#3634);
#2509=LINE('',#14024,#3635);
#2510=LINE('',#14025,#3636);
#2511=LINE('',#14027,#3637);
#2512=LINE('',#14030,#3638);
#2513=LINE('',#14032,#3639);
#2514=LINE('',#14033,#3640);
#2515=LINE('',#14036,#3641);
#2516=LINE('',#14038,#3642);
#2517=LINE('',#14039,#3643);
#2518=LINE('',#14042,#3644);
#2519=LINE('',#14043,#3645);
#2520=LINE('',#14046,#3646);
#2521=LINE('',#14047,#3647);
#2522=LINE('',#14050,#3648);
#2523=LINE('',#14051,#3649);
#2524=LINE('',#14053,#3650);
#2525=LINE('',#14056,#3651);
#2526=LINE('',#14057,#3652);
#2527=LINE('',#14059,#3653);
#2528=LINE('',#14062,#3654);
#2529=LINE('',#14064,#3655);
#2530=LINE('',#14065,#3656);
#2531=LINE('',#14068,#3657);
#2532=LINE('',#14070,#3658);
#2533=LINE('',#14071,#3659);
#2534=LINE('',#14074,#3660);
#2535=LINE('',#14075,#3661);
#2536=LINE('',#14078,#3662);
#2537=LINE('',#14079,#3663);
#2538=LINE('',#14082,#3664);
#2539=LINE('',#14083,#3665);
#2540=LINE('',#14085,#3666);
#2541=LINE('',#14088,#3667);
#2542=LINE('',#14089,#3668);
#2543=LINE('',#14091,#3669);
#2544=LINE('',#14094,#3670);
#2545=LINE('',#14096,#3671);
#2546=LINE('',#14097,#3672);
#2547=LINE('',#14100,#3673);
#2548=LINE('',#14102,#3674);
#2549=LINE('',#14103,#3675);
#2550=LINE('',#14106,#3676);
#2551=LINE('',#14107,#3677);
#2552=LINE('',#14110,#3678);
#2553=LINE('',#14111,#3679);
#2554=LINE('',#14114,#3680);
#2555=LINE('',#14115,#3681);
#2556=LINE('',#14117,#3682);
#2557=LINE('',#14120,#3683);
#2558=LINE('',#14121,#3684);
#2559=LINE('',#14123,#3685);
#2560=LINE('',#14126,#3686);
#2561=LINE('',#14128,#3687);
#2562=LINE('',#14129,#3688);
#2563=LINE('',#14132,#3689);
#2564=LINE('',#14134,#3690);
#2565=LINE('',#14135,#3691);
#2566=LINE('',#14138,#3692);
#2567=LINE('',#14139,#3693);
#2568=LINE('',#14142,#3694);
#2569=LINE('',#14143,#3695);
#2570=LINE('',#14146,#3696);
#2571=LINE('',#14147,#3697);
#2572=LINE('',#14149,#3698);
#2573=LINE('',#14152,#3699);
#2574=LINE('',#14153,#3700);
#2575=LINE('',#14155,#3701);
#2576=LINE('',#14158,#3702);
#2577=LINE('',#14160,#3703);
#2578=LINE('',#14161,#3704);
#2579=LINE('',#14164,#3705);
#2580=LINE('',#14165,#3706);
#2581=LINE('',#14168,#3707);
#2582=LINE('',#14170,#3708);
#2583=LINE('',#14171,#3709);
#2584=LINE('',#14174,#3710);
#2585=LINE('',#14175,#3711);
#2586=LINE('',#14178,#3712);
#2587=LINE('',#14179,#3713);
#2588=LINE('',#14182,#3714);
#2589=LINE('',#14183,#3715);
#2590=LINE('',#14185,#3716);
#2591=LINE('',#14188,#3717);
#2592=LINE('',#14189,#3718);
#2593=LINE('',#14192,#3719);
#2594=LINE('',#14193,#3720);
#2595=LINE('',#14195,#3721);
#2596=LINE('',#14198,#3722);
#2597=LINE('',#14200,#3723);
#2598=LINE('',#14201,#3724);
#2599=LINE('',#14204,#3725);
#2600=LINE('',#14206,#3726);
#2601=LINE('',#14207,#3727);
#2602=LINE('',#14210,#3728);
#2603=LINE('',#14211,#3729);
#2604=LINE('',#14214,#3730);
#2605=LINE('',#14215,#3731);
#2606=LINE('',#14218,#3732);
#2607=LINE('',#14219,#3733);
#2608=LINE('',#14222,#3734);
#2609=LINE('',#14223,#3735);
#2610=LINE('',#14224,#3736);
#2611=LINE('',#14226,#3737);
#2612=LINE('',#14228,#3738);
#2613=LINE('',#14229,#3739);
#2614=LINE('',#14231,#3740);
#2615=LINE('',#14234,#3741);
#2616=LINE('',#14235,#3742);
#2617=LINE('',#14237,#3743);
#2618=LINE('',#14238,#3744);
#2619=LINE('',#14241,#3745);
#2620=LINE('',#14243,#3746);
#2621=LINE('',#14244,#3747);
#2622=LINE('',#14247,#3748);
#2623=LINE('',#14248,#3749);
#2624=LINE('',#14251,#3750);
#2625=LINE('',#14252,#3751);
#2626=LINE('',#14255,#3752);
#2627=LINE('',#14256,#3753);
#2628=LINE('',#14258,#3754);
#2629=LINE('',#14261,#3755);
#2630=LINE('',#14262,#3756);
#2631=LINE('',#14264,#3757);
#2632=LINE('',#14267,#3758);
#2633=LINE('',#14269,#3759);
#2634=LINE('',#14270,#3760);
#2635=LINE('',#14272,#3761);
#2636=LINE('',#14275,#3762);
#2637=LINE('',#14276,#3763);
#2638=LINE('',#14278,#3764);
#2639=LINE('',#14281,#3765);
#2640=LINE('',#14282,#3766);
#2641=LINE('',#14284,#3767);
#2642=LINE('',#14287,#3768);
#2643=LINE('',#14289,#3769);
#2644=LINE('',#14290,#3770);
#2645=LINE('',#14292,#3771);
#2646=LINE('',#14295,#3772);
#2647=LINE('',#14296,#3773);
#2648=LINE('',#14298,#3774);
#2649=LINE('',#14301,#3775);
#2650=LINE('',#14302,#3776);
#2651=LINE('',#14304,#3777);
#2652=LINE('',#14307,#3778);
#2653=LINE('',#14309,#3779);
#2654=LINE('',#14310,#3780);
#2655=LINE('',#14313,#3781);
#2656=LINE('',#14315,#3782);
#2657=LINE('',#14316,#3783);
#2658=LINE('',#14319,#3784);
#2659=LINE('',#14320,#3785);
#2660=LINE('',#14322,#3786);
#2661=LINE('',#14325,#3787);
#2662=LINE('',#14326,#3788);
#2663=LINE('',#14328,#3789);
#2664=LINE('',#14331,#3790);
#2665=LINE('',#14332,#3791);
#2666=LINE('',#14335,#3792);
#2667=LINE('',#14336,#3793);
#2668=LINE('',#14338,#3794);
#2669=LINE('',#14345,#3795);
#2670=LINE('',#14349,#3796);
#2671=LINE('',#14353,#3797);
#2672=LINE('',#14356,#3798);
#2673=LINE('',#14367,#3799);
#2674=LINE('',#14371,#3800);
#2675=LINE('',#14373,#3801);
#2676=LINE('',#14374,#3802);
#2677=LINE('',#14378,#3803);
#2678=LINE('',#14379,#3804);
#2679=LINE('',#14380,#3805);
#2680=LINE('',#14383,#3806);
#2681=LINE('',#14385,#3807);
#2682=LINE('',#14386,#3808);
#2683=LINE('',#14389,#3809);
#2684=LINE('',#14395,#3810);
#2685=LINE('',#14398,#3811);
#2686=LINE('',#14403,#3812);
#2687=LINE('',#14406,#3813);
#2688=LINE('',#14409,#3814);
#2689=LINE('',#14410,#3815);
#2690=LINE('',#14412,#3816);
#2691=LINE('',#14413,#3817);
#2692=LINE('',#14418,#3818);
#2693=LINE('',#14423,#3819);
#2694=LINE('',#14428,#3820);
#2695=LINE('',#14433,#3821);
#2696=LINE('',#14435,#3822);
#2697=LINE('',#14436,#3823);
#2698=LINE('',#14440,#3824);
#2699=LINE('',#14442,#3825);
#2700=LINE('',#14444,#3826);
#2701=LINE('',#14445,#3827);
#2702=LINE('',#14447,#3828);
#2703=LINE('',#14448,#3829);
#2704=LINE('',#14451,#3830);
#2705=LINE('',#14453,#3831);
#2706=LINE('',#14454,#3832);
#2707=LINE('',#14456,#3833);
#2708=LINE('',#14457,#3834);
#2709=LINE('',#14461,#3835);
#2710=LINE('',#14463,#3836);
#2711=LINE('',#14465,#3837);
#2712=LINE('',#14466,#3838);
#2713=LINE('',#14468,#3839);
#2714=LINE('',#14469,#3840);
#2715=LINE('',#14472,#3841);
#2716=LINE('',#14474,#3842);
#2717=LINE('',#14475,#3843);
#2718=LINE('',#14477,#3844);
#2719=LINE('',#14478,#3845);
#2720=LINE('',#14487,#3846);
#2721=LINE('',#14489,#3847);
#2722=LINE('',#14491,#3848);
#2723=LINE('',#14492,#3849);
#2724=LINE('',#14495,#3850);
#2725=LINE('',#14497,#3851);
#2726=LINE('',#14498,#3852);
#2727=LINE('',#14501,#3853);
#2728=LINE('',#14503,#3854);
#2729=LINE('',#14504,#3855);
#2730=LINE('',#14506,#3856);
#2731=LINE('',#14507,#3857);
#2732=LINE('',#14509,#3858);
#2733=LINE('',#14512,#3859);
#2734=LINE('',#14513,#3860);
#2735=LINE('',#14515,#3861);
#2736=LINE('',#14516,#3862);
#2737=LINE('',#14519,#3863);
#2738=LINE('',#14520,#3864);
#2739=LINE('',#14523,#3865);
#2740=LINE('',#14525,#3866);
#2741=LINE('',#14526,#3867);
#2742=LINE('',#14528,#3868);
#2743=LINE('',#14530,#3869);
#2744=LINE('',#14534,#3870);
#2745=LINE('',#14535,#3871);
#2746=LINE('',#14537,#3872);
#2747=LINE('',#14541,#3873);
#2748=LINE('',#14542,#3874);
#2749=LINE('',#14544,#3875);
#2750=LINE('',#14548,#3876);
#2751=LINE('',#14550,#3877);
#2752=LINE('',#14551,#3878);
#2753=LINE('',#14553,#3879);
#2754=LINE('',#14556,#3880);
#2755=LINE('',#14557,#3881);
#2756=LINE('',#14559,#3882);
#2757=LINE('',#14565,#3883);
#2758=LINE('',#14569,#3884);
#2759=LINE('',#14576,#3885);
#2760=LINE('',#14580,#3886);
#2761=LINE('',#14587,#3887);
#2762=LINE('',#14591,#3888);
#2763=LINE('',#14598,#3889);
#2764=LINE('',#14600,#3890);
#2765=LINE('',#14601,#3891);
#2766=LINE('',#14605,#3892);
#2767=LINE('',#14608,#3893);
#2768=LINE('',#14609,#3894);
#2769=LINE('',#14613,#3895);
#2770=LINE('',#14616,#3896);
#2771=LINE('',#14617,#3897);
#2772=LINE('',#14621,#3898);
#2773=LINE('',#14624,#3899);
#2774=LINE('',#14625,#3900);
#2775=LINE('',#14631,#3901);
#2776=LINE('',#14778,#3902);
#2777=LINE('',#14779,#3903);
#2778=LINE('',#14781,#3904);
#2779=LINE('',#14782,#3905);
#2780=LINE('',#14784,#3906);
#2781=LINE('',#14785,#3907);
#2782=LINE('',#14787,#3908);
#2783=LINE('',#14788,#3909);
#2784=LINE('',#14791,#3910);
#2785=LINE('',#14793,#3911);
#2786=LINE('',#14794,#3912);
#2787=LINE('',#14797,#3913);
#2788=LINE('',#14801,#3914);
#2789=LINE('',#14802,#3915);
#2790=LINE('',#14805,#3916);
#2791=LINE('',#14811,#3917);
#2792=LINE('',#14815,#3918);
#2793=LINE('',#14819,#3919);
#2794=LINE('',#14823,#3920);
#2795=LINE('',#14829,#3921);
#2796=LINE('',#14833,#3922);
#2797=LINE('',#14837,#3923);
#2798=LINE('',#14840,#3924);
#2799=LINE('',#14843,#3925);
#2800=LINE('',#14846,#3926);
#2801=LINE('',#14849,#3927);
#2802=LINE('',#14850,#3928);
#2803=LINE('',#14854,#3929);
#2804=LINE('',#14857,#3930);
#2805=LINE('',#14858,#3931);
#2806=LINE('',#14862,#3932);
#2807=LINE('',#14865,#3933);
#2808=LINE('',#14866,#3934);
#2809=LINE('',#14870,#3935);
#2810=LINE('',#14872,#3936);
#2811=LINE('',#14876,#3937);
#2812=LINE('',#14879,#3938);
#2813=LINE('',#14885,#3939);
#2814=LINE('',#14886,#3940);
#2815=LINE('',#14891,#3941);
#2816=LINE('',#14897,#3942);
#2817=LINE('',#14898,#3943);
#2818=LINE('',#14903,#3944);
#2819=LINE('',#14908,#3945);
#2820=LINE('',#14913,#3946);
#2821=LINE('',#14914,#3947);
#2822=LINE('',#14917,#3948);
#2823=LINE('',#14918,#3949);
#2824=LINE('',#14923,#3950);
#2825=LINE('',#14928,#3951);
#2826=LINE('',#14932,#3952);
#2827=LINE('',#14934,#3953);
#2828=LINE('',#14940,#3954);
#2829=LINE('',#14945,#3955);
#2830=LINE('',#14947,#3956);
#2831=LINE('',#14949,#3957);
#2832=LINE('',#14950,#3958);
#2833=LINE('',#14956,#3959);
#2834=LINE('',#14959,#3960);
#2835=LINE('',#14964,#3961);
#2836=LINE('',#14968,#3962);
#2837=LINE('',#14970,#3963);
#2838=LINE('',#14972,#3964);
#2839=LINE('',#14973,#3965);
#2840=LINE('',#14976,#3966);
#2841=LINE('',#14978,#3967);
#2842=LINE('',#14979,#3968);
#2843=LINE('',#14982,#3969);
#2844=LINE('',#14984,#3970);
#2845=LINE('',#14988,#3971);
#2846=LINE('',#14990,#3972);
#2847=LINE('',#14992,#3973);
#2848=LINE('',#14994,#3974);
#2849=LINE('',#14996,#3975);
#2850=LINE('',#14997,#3976);
#2851=LINE('',#14999,#3977);
#2852=LINE('',#15000,#3978);
#2853=LINE('',#15004,#3979);
#2854=LINE('',#15005,#3980);
#2855=LINE('',#15006,#3981);
#2856=LINE('',#15009,#3982);
#2857=LINE('',#15010,#3983);
#2858=LINE('',#15013,#3984);
#2859=LINE('',#15014,#3985);
#2860=LINE('',#15018,#3986);
#2861=LINE('',#15019,#3987);
#2862=LINE('',#15020,#3988);
#2863=LINE('',#15027,#3989);
#2864=LINE('',#15030,#3990);
#2865=LINE('',#15035,#3991);
#2866=LINE('',#15038,#3992);
#2867=LINE('',#15042,#3993);
#2868=LINE('',#15044,#3994);
#2869=LINE('',#15046,#3995);
#2870=LINE('',#15047,#3996);
#2871=LINE('',#15049,#3997);
#2872=LINE('',#15050,#3998);
#2873=LINE('',#15053,#3999);
#2874=LINE('',#15055,#4000);
#2875=LINE('',#15056,#4001);
#2876=LINE('',#15058,#4002);
#2877=LINE('',#15059,#4003);
#2878=LINE('',#15063,#4004);
#2879=LINE('',#15065,#4005);
#2880=LINE('',#15067,#4006);
#2881=LINE('',#15068,#4007);
#2882=LINE('',#15070,#4008);
#2883=LINE('',#15071,#4009);
#2884=LINE('',#15074,#4010);
#2885=LINE('',#15076,#4011);
#2886=LINE('',#15077,#4012);
#2887=LINE('',#15079,#4013);
#2888=LINE('',#15080,#4014);
#2889=LINE('',#15087,#4015);
#2890=LINE('',#15088,#4016);
#2891=LINE('',#15090,#4017);
#2892=LINE('',#15093,#4018);
#2893=LINE('',#15094,#4019);
#2894=LINE('',#15097,#4020);
#2895=LINE('',#15098,#4021);
#2896=LINE('',#15100,#4022);
#2897=LINE('',#15101,#4023);
#2898=LINE('',#15109,#4024);
#2899=LINE('',#15112,#4025);
#2900=LINE('',#15118,#4026);
#2901=LINE('',#15121,#4027);
#2902=LINE('',#15124,#4028);
#2903=LINE('',#15127,#4029);
#2904=LINE('',#15130,#4030);
#2905=LINE('',#15131,#4031);
#2906=LINE('',#15134,#4032);
#2907=LINE('',#15137,#4033);
#2908=LINE('',#15140,#4034);
#2909=LINE('',#15141,#4035);
#2910=LINE('',#15146,#4036);
#2911=LINE('',#15151,#4037);
#2912=LINE('',#15153,#4038);
#2913=LINE('',#15155,#4039);
#2914=LINE('',#15156,#4040);
#2915=LINE('',#15162,#4041);
#2916=LINE('',#15165,#4042);
#2917=LINE('',#15170,#4043);
#2918=LINE('',#15174,#4044);
#2919=LINE('',#15176,#4045);
#2920=LINE('',#15178,#4046);
#2921=LINE('',#15179,#4047);
#2922=LINE('',#15182,#4048);
#2923=LINE('',#15184,#4049);
#2924=LINE('',#15185,#4050);
#2925=LINE('',#15188,#4051);
#2926=LINE('',#15189,#4052);
#2927=LINE('',#15191,#4053);
#2928=LINE('',#15193,#4054);
#2929=LINE('',#15195,#4055);
#2930=LINE('',#15197,#4056);
#2931=LINE('',#15199,#4057);
#2932=LINE('',#15201,#4058);
#2933=LINE('',#15205,#4059);
#2934=LINE('',#15206,#4060);
#2935=LINE('',#15210,#4061);
#2936=LINE('',#15211,#4062);
#2937=LINE('',#15212,#4063);
#2938=LINE('',#15215,#4064);
#2939=LINE('',#15216,#4065);
#2940=LINE('',#15219,#4066);
#2941=LINE('',#15220,#4067);
#2942=LINE('',#15224,#4068);
#2943=LINE('',#15225,#4069);
#2944=LINE('',#15226,#4070);
#2945=LINE('',#15231,#4071);
#2946=LINE('',#15234,#4072);
#2947=LINE('',#15236,#4073);
#2948=LINE('',#15238,#4074);
#2949=LINE('',#15243,#4075);
#2950=LINE('',#15244,#4076);
#2951=LINE('',#15246,#4077);
#2952=LINE('',#15249,#4078);
#2953=LINE('',#15250,#4079);
#2954=LINE('',#15253,#4080);
#2955=LINE('',#15254,#4081);
#2956=LINE('',#15256,#4082);
#2957=LINE('',#15257,#4083);
#2958=VECTOR('',#10063,5.);
#2959=VECTOR('',#10066,10.);
#2960=VECTOR('',#10067,10.);
#2961=VECTOR('',#10072,5.75);
#2962=VECTOR('',#10079,10.);
#2963=VECTOR('',#10080,10.);
#2964=VECTOR('',#10081,10.);
#2965=VECTOR('',#10082,10.);
#2966=VECTOR('',#10083,10.);
#2967=VECTOR('',#10088,5.);
#2968=VECTOR('',#10093,5.75);
#2969=VECTOR('',#10100,10.);
#2970=VECTOR('',#10101,10.);
#2971=VECTOR('',#10102,10.);
#2972=VECTOR('',#10103,10.);
#2973=VECTOR('',#10104,10.);
#2974=VECTOR('',#10105,10.);
#2975=VECTOR('',#10110,5.);
#2976=VECTOR('',#10115,5.75);
#2977=VECTOR('',#10122,10.);
#2978=VECTOR('',#10123,10.);
#2979=VECTOR('',#10124,10.);
#2980=VECTOR('',#10125,10.);
#2981=VECTOR('',#10126,10.);
#2982=VECTOR('',#10135,5.);
#2983=VECTOR('',#10138,10.);
#2984=VECTOR('',#10139,10.);
#2985=VECTOR('',#10140,10.);
#2986=VECTOR('',#10141,10.);
#2987=VECTOR('',#10144,10.);
#2988=VECTOR('',#10145,10.);
#2989=VECTOR('',#10146,10.);
#2990=VECTOR('',#10149,10.);
#2991=VECTOR('',#10150,10.);
#2992=VECTOR('',#10151,10.);
#2993=VECTOR('',#10154,10.);
#2994=VECTOR('',#10155,10.);
#2995=VECTOR('',#10158,10.);
#2996=VECTOR('',#10159,10.);
#2997=VECTOR('',#10160,10.);
#2998=VECTOR('',#10163,10.);
#2999=VECTOR('',#10164,10.);
#3000=VECTOR('',#10165,10.);
#3001=VECTOR('',#10166,10.);
#3002=VECTOR('',#10171,10.);
#3003=VECTOR('',#10176,10.);
#3004=VECTOR('',#10177,10.);
#3005=VECTOR('',#10178,10.);
#3006=VECTOR('',#10179,10.);
#3007=VECTOR('',#10180,10.);
#3008=VECTOR('',#10181,10.);
#3009=VECTOR('',#10182,10.);
#3010=VECTOR('',#10183,10.);
#3011=VECTOR('',#10184,10.);
#3012=VECTOR('',#10185,10.);
#3013=VECTOR('',#10186,10.);
#3014=VECTOR('',#10187,10.);
#3015=VECTOR('',#10190,10.);
#3016=VECTOR('',#10191,10.);
#3017=VECTOR('',#10192,10.);
#3018=VECTOR('',#10195,10.);
#3019=VECTOR('',#10196,10.);
#3020=VECTOR('',#10199,10.);
#3021=VECTOR('',#10200,10.);
#3022=VECTOR('',#10203,10.);
#3023=VECTOR('',#10206,10.);
#3024=VECTOR('',#10207,10.);
#3025=VECTOR('',#10208,10.);
#3026=VECTOR('',#10211,10.);
#3027=VECTOR('',#10212,10.);
#3028=VECTOR('',#10215,10.);
#3029=VECTOR('',#10216,10.);
#3030=VECTOR('',#10217,10.);
#3031=VECTOR('',#10220,10.);
#3032=VECTOR('',#10221,10.);
#3033=VECTOR('',#10224,10.);
#3034=VECTOR('',#10225,10.);
#3035=VECTOR('',#10228,10.);
#3036=VECTOR('',#10231,10.);
#3037=VECTOR('',#10232,10.);
#3038=VECTOR('',#10233,10.);
#3039=VECTOR('',#10236,10.);
#3040=VECTOR('',#10237,10.);
#3041=VECTOR('',#10240,10.);
#3042=VECTOR('',#10241,10.);
#3043=VECTOR('',#10242,10.);
#3044=VECTOR('',#10245,10.);
#3045=VECTOR('',#10246,10.);
#3046=VECTOR('',#10247,10.);
#3047=VECTOR('',#10250,10.);
#3048=VECTOR('',#10253,10.);
#3049=VECTOR('',#10256,10.);
#3050=VECTOR('',#10257,10.);
#3051=VECTOR('',#10258,10.);
#3052=VECTOR('',#10259,10.);
#3053=VECTOR('',#10260,10.);
#3054=VECTOR('',#10261,10.);
#3055=VECTOR('',#10262,10.);
#3056=VECTOR('',#10265,10.);
#3057=VECTOR('',#10266,10.);
#3058=VECTOR('',#10267,10.);
#3059=VECTOR('',#10268,10.);
#3060=VECTOR('',#10269,10.);
#3061=VECTOR('',#10270,10.);
#3062=VECTOR('',#10277,10.);
#3063=VECTOR('',#10282,10.);
#3064=VECTOR('',#10283,10.);
#3065=VECTOR('',#10294,10.);
#3066=VECTOR('',#10297,10.);
#3067=VECTOR('',#10300,10.);
#3068=VECTOR('',#10301,10.);
#3069=VECTOR('',#10302,10.);
#3070=VECTOR('',#10303,10.);
#3071=VECTOR('',#10304,10.);
#3072=VECTOR('',#10305,10.);
#3073=VECTOR('',#10306,10.);
#3074=VECTOR('',#10307,10.);
#3075=VECTOR('',#10308,10.);
#3076=VECTOR('',#10309,10.);
#3077=VECTOR('',#10310,10.);
#3078=VECTOR('',#10311,10.);
#3079=VECTOR('',#10312,10.);
#3080=VECTOR('',#10313,10.);
#3081=VECTOR('',#10314,10.);
#3082=VECTOR('',#10315,10.);
#3083=VECTOR('',#10316,10.);
#3084=VECTOR('',#10317,10.);
#3085=VECTOR('',#10318,10.);
#3086=VECTOR('',#10319,10.);
#3087=VECTOR('',#10320,10.);
#3088=VECTOR('',#10321,10.);
#3089=VECTOR('',#10322,10.);
#3090=VECTOR('',#10323,10.);
#3091=VECTOR('',#10324,10.);
#3092=VECTOR('',#10325,10.);
#3093=VECTOR('',#10326,10.);
#3094=VECTOR('',#10327,10.);
#3095=VECTOR('',#10328,10.);
#3096=VECTOR('',#10329,10.);
#3097=VECTOR('',#10330,10.);
#3098=VECTOR('',#10331,10.);
#3099=VECTOR('',#10332,10.);
#3100=VECTOR('',#10333,10.);
#3101=VECTOR('',#10334,10.);
#3102=VECTOR('',#10335,10.);
#3103=VECTOR('',#10336,10.);
#3104=VECTOR('',#10337,10.);
#3105=VECTOR('',#10338,10.);
#3106=VECTOR('',#10339,10.);
#3107=VECTOR('',#10340,10.);
#3108=VECTOR('',#10341,10.);
#3109=VECTOR('',#10342,10.);
#3110=VECTOR('',#10343,10.);
#3111=VECTOR('',#10344,10.);
#3112=VECTOR('',#10345,10.);
#3113=VECTOR('',#10346,10.);
#3114=VECTOR('',#10347,10.);
#3115=VECTOR('',#10348,10.);
#3116=VECTOR('',#10349,10.);
#3117=VECTOR('',#10350,10.);
#3118=VECTOR('',#10351,10.);
#3119=VECTOR('',#10352,10.);
#3120=VECTOR('',#10353,10.);
#3121=VECTOR('',#10354,10.);
#3122=VECTOR('',#10355,10.);
#3123=VECTOR('',#10356,10.);
#3124=VECTOR('',#10357,10.);
#3125=VECTOR('',#10358,10.);
#3126=VECTOR('',#10359,10.);
#3127=VECTOR('',#10360,10.);
#3128=VECTOR('',#10361,10.);
#3129=VECTOR('',#10362,10.);
#3130=VECTOR('',#10363,10.);
#3131=VECTOR('',#10366,10.);
#3132=VECTOR('',#10371,10.);
#3133=VECTOR('',#10372,10.);
#3134=VECTOR('',#10375,10.);
#3135=VECTOR('',#10376,10.);
#3136=VECTOR('',#10377,10.);
#3137=VECTOR('',#10378,10.);
#3138=VECTOR('',#10379,10.);
#3139=VECTOR('',#10380,10.);
#3140=VECTOR('',#10381,10.);
#3141=VECTOR('',#10382,10.);
#3142=VECTOR('',#10383,10.);
#3143=VECTOR('',#10384,10.);
#3144=VECTOR('',#10385,10.);
#3145=VECTOR('',#10386,10.);
#3146=VECTOR('',#10387,10.);
#3147=VECTOR('',#10388,10.);
#3148=VECTOR('',#10389,10.);
#3149=VECTOR('',#10390,10.);
#3150=VECTOR('',#10391,10.);
#3151=VECTOR('',#10392,10.);
#3152=VECTOR('',#10393,10.);
#3153=VECTOR('',#10394,10.);
#3154=VECTOR('',#10395,10.);
#3155=VECTOR('',#10396,10.);
#3156=VECTOR('',#10397,10.);
#3157=VECTOR('',#10398,10.);
#3158=VECTOR('',#10399,10.);
#3159=VECTOR('',#10400,10.);
#3160=VECTOR('',#10401,10.);
#3161=VECTOR('',#10402,10.);
#3162=VECTOR('',#10403,10.);
#3163=VECTOR('',#10404,10.);
#3164=VECTOR('',#10405,10.);
#3165=VECTOR('',#10406,10.);
#3166=VECTOR('',#10407,10.);
#3167=VECTOR('',#10408,10.);
#3168=VECTOR('',#10409,10.);
#3169=VECTOR('',#10410,10.);
#3170=VECTOR('',#10411,10.);
#3171=VECTOR('',#10412,10.);
#3172=VECTOR('',#10413,10.);
#3173=VECTOR('',#10414,10.);
#3174=VECTOR('',#10419,5.69999999999999);
#3175=VECTOR('',#10424,5.);
#3176=VECTOR('',#10427,10.);
#3177=VECTOR('',#10432,10.);
#3178=VECTOR('',#10435,10.);
#3179=VECTOR('',#10438,10.);
#3180=VECTOR('',#10441,10.);
#3181=VECTOR('',#10444,10.);
#3182=VECTOR('',#10445,10.);
#3183=VECTOR('',#10446,10.);
#3184=VECTOR('',#10447,10.);
#3185=VECTOR('',#10448,10.);
#3186=VECTOR('',#10449,10.);
#3187=VECTOR('',#10450,10.);
#3188=VECTOR('',#10451,10.);
#3189=VECTOR('',#10452,10.);
#3190=VECTOR('',#10453,10.);
#3191=VECTOR('',#10454,10.);
#3192=VECTOR('',#10455,10.);
#3193=VECTOR('',#10456,10.);
#3194=VECTOR('',#10457,10.);
#3195=VECTOR('',#10458,10.);
#3196=VECTOR('',#10459,10.);
#3197=VECTOR('',#10460,10.);
#3198=VECTOR('',#10461,10.);
#3199=VECTOR('',#10462,10.);
#3200=VECTOR('',#10463,10.);
#3201=VECTOR('',#10464,10.);
#3202=VECTOR('',#10465,10.);
#3203=VECTOR('',#10466,10.);
#3204=VECTOR('',#10469,10.);
#3205=VECTOR('',#10470,10.);
#3206=VECTOR('',#10471,10.);
#3207=VECTOR('',#10472,10.);
#3208=VECTOR('',#10473,10.);
#3209=VECTOR('',#10476,10.);
#3210=VECTOR('',#10477,10.);
#3211=VECTOR('',#10478,10.);
#3212=VECTOR('',#10481,10.);
#3213=VECTOR('',#10482,10.);
#3214=VECTOR('',#10483,10.);
#3215=VECTOR('',#10486,10.);
#3216=VECTOR('',#10487,10.);
#3217=VECTOR('',#10488,10.);
#3218=VECTOR('',#10491,10.);
#3219=VECTOR('',#10492,10.);
#3220=VECTOR('',#10499,10.);
#3221=VECTOR('',#10500,10.);
#3222=VECTOR('',#10531,10.);
#3223=VECTOR('',#10532,10.);
#3224=VECTOR('',#10533,10.);
#3225=VECTOR('',#10536,10.);
#3226=VECTOR('',#10537,10.);
#3227=VECTOR('',#10538,10.);
#3228=VECTOR('',#10541,10.);
#3229=VECTOR('',#10542,10.);
#3230=VECTOR('',#10543,10.);
#3231=VECTOR('',#10544,10.);
#3232=VECTOR('',#10547,10.);
#3233=VECTOR('',#10550,10.);
#3234=VECTOR('',#10553,10.);
#3235=VECTOR('',#10554,10.);
#3236=VECTOR('',#10555,10.);
#3237=VECTOR('',#10558,10.);
#3238=VECTOR('',#10559,10.);
#3239=VECTOR('',#10560,10.);
#3240=VECTOR('',#10563,10.);
#3241=VECTOR('',#10564,10.);
#3242=VECTOR('',#10565,10.);
#3243=VECTOR('',#10566,10.);
#3244=VECTOR('',#10569,10.);
#3245=VECTOR('',#10572,10.);
#3246=VECTOR('',#10575,10.);
#3247=VECTOR('',#10580,10.);
#3248=VECTOR('',#10581,10.);
#3249=VECTOR('',#10582,10.);
#3250=VECTOR('',#10585,10.);
#3251=VECTOR('',#10586,10.);
#3252=VECTOR('',#10587,10.);
#3253=VECTOR('',#10590,10.);
#3254=VECTOR('',#10591,10.);
#3255=VECTOR('',#10594,10.);
#3256=VECTOR('',#10595,10.);
#3257=VECTOR('',#10598,10.);
#3258=VECTOR('',#10599,10.);
#3259=VECTOR('',#10600,10.);
#3260=VECTOR('',#10605,2.25);
#3261=VECTOR('',#10612,2.);
#3262=VECTOR('',#10617,2.25);
#3263=VECTOR('',#10624,2.);
#3264=VECTOR('',#10627,10.);
#3265=VECTOR('',#10628,10.);
#3266=VECTOR('',#10631,10.);
#3267=VECTOR('',#10632,10.);
#3268=VECTOR('',#10635,10.);
#3269=VECTOR('',#10636,10.);
#3270=VECTOR('',#10649,10.);
#3271=VECTOR('',#10650,10.);
#3272=VECTOR('',#10651,10.);
#3273=VECTOR('',#10654,10.);
#3274=VECTOR('',#10655,10.);
#3275=VECTOR('',#10656,10.);
#3276=VECTOR('',#10659,10.);
#3277=VECTOR('',#10660,10.);
#3278=VECTOR('',#10661,10.);
#3279=VECTOR('',#10664,10.);
#3280=VECTOR('',#10665,10.);
#3281=VECTOR('',#10666,10.);
#3282=VECTOR('',#10669,10.);
#3283=VECTOR('',#10670,10.);
#3284=VECTOR('',#10671,10.);
#3285=VECTOR('',#10672,10.);
#3286=VECTOR('',#10675,10.);
#3287=VECTOR('',#10676,10.);
#3288=VECTOR('',#10677,10.);
#3289=VECTOR('',#10680,10.);
#3290=VECTOR('',#10681,10.);
#3291=VECTOR('',#10682,10.);
#3292=VECTOR('',#10683,10.);
#3293=VECTOR('',#10686,10.);
#3294=VECTOR('',#10687,10.);
#3295=VECTOR('',#10688,10.);
#3296=VECTOR('',#10691,10.);
#3297=VECTOR('',#10692,10.);
#3298=VECTOR('',#10699,10.);
#3299=VECTOR('',#10700,10.);
#3300=VECTOR('',#10703,4.25);
#3301=VECTOR('',#10710,3.5);
#3302=VECTOR('',#10713,10.);
#3303=VECTOR('',#10714,10.);
#3304=VECTOR('',#10717,10.);
#3305=VECTOR('',#10718,10.);
#3306=VECTOR('',#10721,10.);
#3307=VECTOR('',#10722,10.);
#3308=VECTOR('',#10723,10.);
#3309=VECTOR('',#10726,10.);
#3310=VECTOR('',#10729,10.);
#3311=VECTOR('',#10730,10.);
#3312=VECTOR('',#10733,10.);
#3313=VECTOR('',#10734,10.);
#3314=VECTOR('',#10737,10.);
#3315=VECTOR('',#10738,10.);
#3316=VECTOR('',#10741,10.);
#3317=VECTOR('',#10742,10.);
#3318=VECTOR('',#10743,10.);
#3319=VECTOR('',#10744,10.);
#3320=VECTOR('',#10745,10.);
#3321=VECTOR('',#10748,10.);
#3322=VECTOR('',#10749,10.);
#3323=VECTOR('',#10750,10.);
#3324=VECTOR('',#10751,10.);
#3325=VECTOR('',#10752,10.);
#3326=VECTOR('',#10755,10.);
#3327=VECTOR('',#10756,10.);
#3328=VECTOR('',#10757,10.);
#3329=VECTOR('',#10758,10.);
#3330=VECTOR('',#10759,10.);
#3331=VECTOR('',#10762,10.);
#3332=VECTOR('',#10763,10.);
#3333=VECTOR('',#10764,10.);
#3334=VECTOR('',#10765,10.);
#3335=VECTOR('',#10766,10.);
#3336=VECTOR('',#10769,10.);
#3337=VECTOR('',#10770,10.);
#3338=VECTOR('',#10771,10.);
#3339=VECTOR('',#10772,10.);
#3340=VECTOR('',#10773,10.);
#3341=VECTOR('',#10776,10.);
#3342=VECTOR('',#10777,10.);
#3343=VECTOR('',#10778,10.);
#3344=VECTOR('',#10779,10.);
#3345=VECTOR('',#10780,10.);
#3346=VECTOR('',#10783,10.);
#3347=VECTOR('',#10784,10.);
#3348=VECTOR('',#10785,10.);
#3349=VECTOR('',#10786,10.);
#3350=VECTOR('',#10787,10.);
#3351=VECTOR('',#10790,10.);
#3352=VECTOR('',#10791,10.);
#3353=VECTOR('',#10792,10.);
#3354=VECTOR('',#10793,10.);
#3355=VECTOR('',#10794,10.);
#3356=VECTOR('',#10797,10.);
#3357=VECTOR('',#10798,10.);
#3358=VECTOR('',#10799,10.);
#3359=VECTOR('',#10802,10.);
#3360=VECTOR('',#10803,10.);
#3361=VECTOR('',#10804,10.);
#3362=VECTOR('',#10807,10.);
#3363=VECTOR('',#10808,10.);
#3364=VECTOR('',#10809,10.);
#3365=VECTOR('',#10810,10.);
#3366=VECTOR('',#10813,10.);
#3367=VECTOR('',#10814,10.);
#3368=VECTOR('',#10815,10.);
#3369=VECTOR('',#10816,10.);
#3370=VECTOR('',#10819,10.);
#3371=VECTOR('',#10820,10.);
#3372=VECTOR('',#10823,10.);
#3373=VECTOR('',#10824,10.);
#3374=VECTOR('',#10827,10.);
#3375=VECTOR('',#10828,10.);
#3376=VECTOR('',#10831,10.);
#3377=VECTOR('',#10832,10.);
#3378=VECTOR('',#10835,10.);
#3379=VECTOR('',#10840,10.);
#3380=VECTOR('',#10841,10.);
#3381=VECTOR('',#10846,10.);
#3382=VECTOR('',#10847,10.);
#3383=VECTOR('',#10850,10.);
#3384=VECTOR('',#10853,10.);
#3385=VECTOR('',#10854,10.);
#3386=VECTOR('',#10857,10.);
#3387=VECTOR('',#10860,10.);
#3388=VECTOR('',#10861,10.);
#3389=VECTOR('',#10864,10.);
#3390=VECTOR('',#10865,10.);
#3391=VECTOR('',#10866,10.);
#3392=VECTOR('',#10867,10.);
#3393=VECTOR('',#10878,10.);
#3394=VECTOR('',#10891,10.);
#3395=VECTOR('',#10892,10.);
#3396=VECTOR('',#10907,10.);
#3397=VECTOR('',#10916,10.);
#3398=VECTOR('',#10921,10.);
#3399=VECTOR('',#10922,10.);
#3400=VECTOR('',#10925,10.);
#3401=VECTOR('',#10926,10.);
#3402=VECTOR('',#10929,10.);
#3403=VECTOR('',#10930,10.);
#3404=VECTOR('',#10935,10.);
#3405=VECTOR('',#10938,10.);
#3406=VECTOR('',#10943,10.);
#3407=VECTOR('',#10946,10.);
#3408=VECTOR('',#10947,10.);
#3409=VECTOR('',#10950,10.);
#3410=VECTOR('',#10951,10.);
#3411=VECTOR('',#10952,10.);
#3412=VECTOR('',#10953,10.);
#3413=VECTOR('',#10954,10.);
#3414=VECTOR('',#10955,10.);
#3415=VECTOR('',#10956,10.);
#3416=VECTOR('',#10957,10.);
#3417=VECTOR('',#10958,10.);
#3418=VECTOR('',#10959,10.);
#3419=VECTOR('',#10960,10.);
#3420=VECTOR('',#10961,10.);
#3421=VECTOR('',#10962,10.);
#3422=VECTOR('',#10963,10.);
#3423=VECTOR('',#10964,10.);
#3424=VECTOR('',#10965,10.);
#3425=VECTOR('',#10966,10.);
#3426=VECTOR('',#10967,10.);
#3427=VECTOR('',#10968,10.);
#3428=VECTOR('',#10969,10.);
#3429=VECTOR('',#10970,10.);
#3430=VECTOR('',#10971,10.);
#3431=VECTOR('',#10972,10.);
#3432=VECTOR('',#10973,10.);
#3433=VECTOR('',#10974,10.);
#3434=VECTOR('',#10975,10.);
#3435=VECTOR('',#10976,10.);
#3436=VECTOR('',#10977,10.);
#3437=VECTOR('',#10978,10.);
#3438=VECTOR('',#10979,10.);
#3439=VECTOR('',#10980,10.);
#3440=VECTOR('',#10981,10.);
#3441=VECTOR('',#10982,10.);
#3442=VECTOR('',#10983,10.);
#3443=VECTOR('',#10984,10.);
#3444=VECTOR('',#10985,10.);
#3445=VECTOR('',#10986,10.);
#3446=VECTOR('',#10987,10.);
#3447=VECTOR('',#10988,10.);
#3448=VECTOR('',#10989,10.);
#3449=VECTOR('',#10990,10.);
#3450=VECTOR('',#10991,10.);
#3451=VECTOR('',#10992,10.);
#3452=VECTOR('',#10993,10.);
#3453=VECTOR('',#10994,10.);
#3454=VECTOR('',#10995,10.);
#3455=VECTOR('',#10996,10.);
#3456=VECTOR('',#10997,10.);
#3457=VECTOR('',#10998,10.);
#3458=VECTOR('',#10999,10.);
#3459=VECTOR('',#11000,10.);
#3460=VECTOR('',#11001,10.);
#3461=VECTOR('',#11002,10.);
#3462=VECTOR('',#11003,10.);
#3463=VECTOR('',#11004,10.);
#3464=VECTOR('',#11005,10.);
#3465=VECTOR('',#11006,10.);
#3466=VECTOR('',#11007,10.);
#3467=VECTOR('',#11008,10.);
#3468=VECTOR('',#11009,10.);
#3469=VECTOR('',#11010,10.);
#3470=VECTOR('',#11011,10.);
#3471=VECTOR('',#11012,10.);
#3472=VECTOR('',#11015,10.);
#3473=VECTOR('',#11016,10.);
#3474=VECTOR('',#11023,10.);
#3475=VECTOR('',#11024,10.);
#3476=VECTOR('',#11025,10.);
#3477=VECTOR('',#11028,10.);
#3478=VECTOR('',#11029,10.);
#3479=VECTOR('',#11030,10.);
#3480=VECTOR('',#11033,10.);
#3481=VECTOR('',#11034,10.);
#3482=VECTOR('',#11037,10.);
#3483=VECTOR('',#11038,10.);
#3484=VECTOR('',#11041,10.);
#3485=VECTOR('',#11042,10.);
#3486=VECTOR('',#11045,10.);
#3487=VECTOR('',#11048,10.);
#3488=VECTOR('',#11049,10.);
#3489=VECTOR('',#11052,10.);
#3490=VECTOR('',#11055,10.);
#3491=VECTOR('',#11056,10.);
#3492=VECTOR('',#11057,10.);
#3493=VECTOR('',#11060,10.);
#3494=VECTOR('',#11061,10.);
#3495=VECTOR('',#11062,10.);
#3496=VECTOR('',#11065,10.);
#3497=VECTOR('',#11066,10.);
#3498=VECTOR('',#11069,10.);
#3499=VECTOR('',#11070,10.);
#3500=VECTOR('',#11073,10.);
#3501=VECTOR('',#11074,10.);
#3502=VECTOR('',#11077,10.);
#3503=VECTOR('',#11080,10.);
#3504=VECTOR('',#11081,10.);
#3505=VECTOR('',#11084,10.);
#3506=VECTOR('',#11087,10.);
#3507=VECTOR('',#11088,10.);
#3508=VECTOR('',#11089,10.);
#3509=VECTOR('',#11092,10.);
#3510=VECTOR('',#11093,10.);
#3511=VECTOR('',#11094,10.);
#3512=VECTOR('',#11097,10.);
#3513=VECTOR('',#11098,10.);
#3514=VECTOR('',#11101,10.);
#3515=VECTOR('',#11102,10.);
#3516=VECTOR('',#11105,10.);
#3517=VECTOR('',#11106,10.);
#3518=VECTOR('',#11109,10.);
#3519=VECTOR('',#11112,10.);
#3520=VECTOR('',#11113,10.);
#3521=VECTOR('',#11116,10.);
#3522=VECTOR('',#11119,10.);
#3523=VECTOR('',#11120,10.);
#3524=VECTOR('',#11121,10.);
#3525=VECTOR('',#11124,10.);
#3526=VECTOR('',#11125,10.);
#3527=VECTOR('',#11128,10.);
#3528=VECTOR('',#11129,10.);
#3529=VECTOR('',#11130,10.);
#3530=VECTOR('',#11133,10.);
#3531=VECTOR('',#11134,10.);
#3532=VECTOR('',#11137,10.);
#3533=VECTOR('',#11138,10.);
#3534=VECTOR('',#11141,10.);
#3535=VECTOR('',#11142,10.);
#3536=VECTOR('',#11145,10.);
#3537=VECTOR('',#11148,10.);
#3538=VECTOR('',#11149,10.);
#3539=VECTOR('',#11152,10.);
#3540=VECTOR('',#11153,10.);
#3541=VECTOR('',#11156,10.);
#3542=VECTOR('',#11159,10.);
#3543=VECTOR('',#11160,10.);
#3544=VECTOR('',#11161,10.);
#3545=VECTOR('',#11164,10.);
#3546=VECTOR('',#11165,10.);
#3547=VECTOR('',#11166,10.);
#3548=VECTOR('',#11169,10.);
#3549=VECTOR('',#11170,10.);
#3550=VECTOR('',#11173,10.);
#3551=VECTOR('',#11174,10.);
#3552=VECTOR('',#11177,10.);
#3553=VECTOR('',#11178,10.);
#3554=VECTOR('',#11181,10.);
#3555=VECTOR('',#11184,10.);
#3556=VECTOR('',#11185,10.);
#3557=VECTOR('',#11188,10.);
#3558=VECTOR('',#11191,10.);
#3559=VECTOR('',#11192,10.);
#3560=VECTOR('',#11193,10.);
#3561=VECTOR('',#11196,10.);
#3562=VECTOR('',#11197,10.);
#3563=VECTOR('',#11198,10.);
#3564=VECTOR('',#11201,10.);
#3565=VECTOR('',#11202,10.);
#3566=VECTOR('',#11205,10.);
#3567=VECTOR('',#11206,10.);
#3568=VECTOR('',#11209,10.);
#3569=VECTOR('',#11210,10.);
#3570=VECTOR('',#11213,10.);
#3571=VECTOR('',#11216,10.);
#3572=VECTOR('',#11217,10.);
#3573=VECTOR('',#11220,10.);
#3574=VECTOR('',#11223,10.);
#3575=VECTOR('',#11224,10.);
#3576=VECTOR('',#11225,10.);
#3577=VECTOR('',#11228,10.);
#3578=VECTOR('',#11229,10.);
#3579=VECTOR('',#11230,10.);
#3580=VECTOR('',#11233,10.);
#3581=VECTOR('',#11234,10.);
#3582=VECTOR('',#11237,10.);
#3583=VECTOR('',#11238,10.);
#3584=VECTOR('',#11241,10.);
#3585=VECTOR('',#11242,10.);
#3586=VECTOR('',#11245,10.);
#3587=VECTOR('',#11248,10.);
#3588=VECTOR('',#11249,10.);
#3589=VECTOR('',#11252,10.);
#3590=VECTOR('',#11255,10.);
#3591=VECTOR('',#11256,10.);
#3592=VECTOR('',#11257,10.);
#3593=VECTOR('',#11260,10.);
#3594=VECTOR('',#11261,10.);
#3595=VECTOR('',#11262,10.);
#3596=VECTOR('',#11265,10.);
#3597=VECTOR('',#11266,10.);
#3598=VECTOR('',#11269,10.);
#3599=VECTOR('',#11270,10.);
#3600=VECTOR('',#11273,10.);
#3601=VECTOR('',#11274,10.);
#3602=VECTOR('',#11277,10.);
#3603=VECTOR('',#11280,10.);
#3604=VECTOR('',#11281,10.);
#3605=VECTOR('',#11284,10.);
#3606=VECTOR('',#11287,10.);
#3607=VECTOR('',#11288,10.);
#3608=VECTOR('',#11289,10.);
#3609=VECTOR('',#11292,10.);
#3610=VECTOR('',#11293,10.);
#3611=VECTOR('',#11294,10.);
#3612=VECTOR('',#11297,10.);
#3613=VECTOR('',#11298,10.);
#3614=VECTOR('',#11301,10.);
#3615=VECTOR('',#11302,10.);
#3616=VECTOR('',#11305,10.);
#3617=VECTOR('',#11306,10.);
#3618=VECTOR('',#11309,10.);
#3619=VECTOR('',#11312,10.);
#3620=VECTOR('',#11313,10.);
#3621=VECTOR('',#11316,10.);
#3622=VECTOR('',#11319,10.);
#3623=VECTOR('',#11320,10.);
#3624=VECTOR('',#11321,10.);
#3625=VECTOR('',#11324,10.);
#3626=VECTOR('',#11325,10.);
#3627=VECTOR('',#11326,10.);
#3628=VECTOR('',#11329,10.);
#3629=VECTOR('',#11330,10.);
#3630=VECTOR('',#11333,10.);
#3631=VECTOR('',#11334,10.);
#3632=VECTOR('',#11337,10.);
#3633=VECTOR('',#11338,10.);
#3634=VECTOR('',#11341,10.);
#3635=VECTOR('',#11344,10.);
#3636=VECTOR('',#11345,10.);
#3637=VECTOR('',#11348,10.);
#3638=VECTOR('',#11351,10.);
#3639=VECTOR('',#11352,10.);
#3640=VECTOR('',#11353,10.);
#3641=VECTOR('',#11356,10.);
#3642=VECTOR('',#11357,10.);
#3643=VECTOR('',#11358,10.);
#3644=VECTOR('',#11361,10.);
#3645=VECTOR('',#11362,10.);
#3646=VECTOR('',#11365,10.);
#3647=VECTOR('',#11366,10.);
#3648=VECTOR('',#11369,10.);
#3649=VECTOR('',#11370,10.);
#3650=VECTOR('',#11373,10.);
#3651=VECTOR('',#11376,10.);
#3652=VECTOR('',#11377,10.);
#3653=VECTOR('',#11380,10.);
#3654=VECTOR('',#11383,10.);
#3655=VECTOR('',#11384,10.);
#3656=VECTOR('',#11385,10.);
#3657=VECTOR('',#11388,10.);
#3658=VECTOR('',#11389,10.);
#3659=VECTOR('',#11390,10.);
#3660=VECTOR('',#11393,10.);
#3661=VECTOR('',#11394,10.);
#3662=VECTOR('',#11397,10.);
#3663=VECTOR('',#11398,10.);
#3664=VECTOR('',#11401,10.);
#3665=VECTOR('',#11402,10.);
#3666=VECTOR('',#11405,10.);
#3667=VECTOR('',#11408,10.);
#3668=VECTOR('',#11409,10.);
#3669=VECTOR('',#11412,10.);
#3670=VECTOR('',#11415,10.);
#3671=VECTOR('',#11416,10.);
#3672=VECTOR('',#11417,10.);
#3673=VECTOR('',#11420,10.);
#3674=VECTOR('',#11421,10.);
#3675=VECTOR('',#11422,10.);
#3676=VECTOR('',#11425,10.);
#3677=VECTOR('',#11426,10.);
#3678=VECTOR('',#11429,10.);
#3679=VECTOR('',#11430,10.);
#3680=VECTOR('',#11433,10.);
#3681=VECTOR('',#11434,10.);
#3682=VECTOR('',#11437,10.);
#3683=VECTOR('',#11440,10.);
#3684=VECTOR('',#11441,10.);
#3685=VECTOR('',#11444,10.);
#3686=VECTOR('',#11447,10.);
#3687=VECTOR('',#11448,10.);
#3688=VECTOR('',#11449,10.);
#3689=VECTOR('',#11452,10.);
#3690=VECTOR('',#11453,10.);
#3691=VECTOR('',#11454,10.);
#3692=VECTOR('',#11457,10.);
#3693=VECTOR('',#11458,10.);
#3694=VECTOR('',#11461,10.);
#3695=VECTOR('',#11462,10.);
#3696=VECTOR('',#11465,10.);
#3697=VECTOR('',#11466,10.);
#3698=VECTOR('',#11469,10.);
#3699=VECTOR('',#11472,10.);
#3700=VECTOR('',#11473,10.);
#3701=VECTOR('',#11476,10.);
#3702=VECTOR('',#11479,10.);
#3703=VECTOR('',#11480,10.);
#3704=VECTOR('',#11481,10.);
#3705=VECTOR('',#11484,10.);
#3706=VECTOR('',#11485,10.);
#3707=VECTOR('',#11488,10.);
#3708=VECTOR('',#11489,10.);
#3709=VECTOR('',#11490,10.);
#3710=VECTOR('',#11493,10.);
#3711=VECTOR('',#11494,10.);
#3712=VECTOR('',#11497,10.);
#3713=VECTOR('',#11498,10.);
#3714=VECTOR('',#11501,10.);
#3715=VECTOR('',#11502,10.);
#3716=VECTOR('',#11505,10.);
#3717=VECTOR('',#11508,10.);
#3718=VECTOR('',#11509,10.);
#3719=VECTOR('',#11512,10.);
#3720=VECTOR('',#11513,10.);
#3721=VECTOR('',#11516,10.);
#3722=VECTOR('',#11519,10.);
#3723=VECTOR('',#11520,10.);
#3724=VECTOR('',#11521,10.);
#3725=VECTOR('',#11524,10.);
#3726=VECTOR('',#11525,10.);
#3727=VECTOR('',#11526,10.);
#3728=VECTOR('',#11529,10.);
#3729=VECTOR('',#11530,10.);
#3730=VECTOR('',#11533,10.);
#3731=VECTOR('',#11534,10.);
#3732=VECTOR('',#11537,10.);
#3733=VECTOR('',#11538,10.);
#3734=VECTOR('',#11541,10.);
#3735=VECTOR('',#11542,10.);
#3736=VECTOR('',#11543,10.);
#3737=VECTOR('',#11546,10.);
#3738=VECTOR('',#11547,10.);
#3739=VECTOR('',#11548,10.);
#3740=VECTOR('',#11551,10.);
#3741=VECTOR('',#11554,10.);
#3742=VECTOR('',#11555,10.);
#3743=VECTOR('',#11556,10.);
#3744=VECTOR('',#11557,10.);
#3745=VECTOR('',#11560,10.);
#3746=VECTOR('',#11561,10.);
#3747=VECTOR('',#11562,10.);
#3748=VECTOR('',#11565,10.);
#3749=VECTOR('',#11566,10.);
#3750=VECTOR('',#11569,10.);
#3751=VECTOR('',#11570,10.);
#3752=VECTOR('',#11573,10.);
#3753=VECTOR('',#11574,10.);
#3754=VECTOR('',#11577,10.);
#3755=VECTOR('',#11580,10.);
#3756=VECTOR('',#11581,10.);
#3757=VECTOR('',#11584,10.);
#3758=VECTOR('',#11587,10.);
#3759=VECTOR('',#11588,10.);
#3760=VECTOR('',#11589,10.);
#3761=VECTOR('',#11592,10.);
#3762=VECTOR('',#11595,10.);
#3763=VECTOR('',#11596,10.);
#3764=VECTOR('',#11599,10.);
#3765=VECTOR('',#11602,10.);
#3766=VECTOR('',#11603,10.);
#3767=VECTOR('',#11606,10.);
#3768=VECTOR('',#11609,10.);
#3769=VECTOR('',#11610,10.);
#3770=VECTOR('',#11611,10.);
#3771=VECTOR('',#11614,10.);
#3772=VECTOR('',#11617,10.);
#3773=VECTOR('',#11618,10.);
#3774=VECTOR('',#11621,10.);
#3775=VECTOR('',#11624,10.);
#3776=VECTOR('',#11625,10.);
#3777=VECTOR('',#11628,10.);
#3778=VECTOR('',#11631,10.);
#3779=VECTOR('',#11632,10.);
#3780=VECTOR('',#11633,10.);
#3781=VECTOR('',#11636,10.);
#3782=VECTOR('',#11637,10.);
#3783=VECTOR('',#11638,10.);
#3784=VECTOR('',#11641,10.);
#3785=VECTOR('',#11642,10.);
#3786=VECTOR('',#11645,10.);
#3787=VECTOR('',#11648,10.);
#3788=VECTOR('',#11649,10.);
#3789=VECTOR('',#11652,10.);
#3790=VECTOR('',#11655,10.);
#3791=VECTOR('',#11656,10.);
#3792=VECTOR('',#11659,10.);
#3793=VECTOR('',#11660,10.);
#3794=VECTOR('',#11663,10.);
#3795=VECTOR('',#11670,10.);
#3796=VECTOR('',#11673,10.);
#3797=VECTOR('',#11676,10.);
#3798=VECTOR('',#11679,10.);
#3799=VECTOR('',#11684,10.);
#3800=VECTOR('',#11689,10.);
#3801=VECTOR('',#11690,10.);
#3802=VECTOR('',#11691,10.);
#3803=VECTOR('',#11694,10.);
#3804=VECTOR('',#11695,10.);
#3805=VECTOR('',#11696,10.);
#3806=VECTOR('',#11699,10.);
#3807=VECTOR('',#11700,10.);
#3808=VECTOR('',#11701,10.);
#3809=VECTOR('',#11704,10.);
#3810=VECTOR('',#11709,10.);
#3811=VECTOR('',#11712,10.);
#3812=VECTOR('',#11715,10.);
#3813=VECTOR('',#11718,10.);
#3814=VECTOR('',#11721,10.);
#3815=VECTOR('',#11722,10.);
#3816=VECTOR('',#11725,10.);
#3817=VECTOR('',#11726,10.);
#3818=VECTOR('',#11731,2.25);
#3819=VECTOR('',#11738,2.);
#3820=VECTOR('',#11743,2.25);
#3821=VECTOR('',#11750,2.);
#3822=VECTOR('',#11753,10.);
#3823=VECTOR('',#11754,10.);
#3824=VECTOR('',#11757,10.);
#3825=VECTOR('',#11758,10.);
#3826=VECTOR('',#11759,10.);
#3827=VECTOR('',#11760,10.);
#3828=VECTOR('',#11763,10.);
#3829=VECTOR('',#11764,10.);
#3830=VECTOR('',#11767,10.);
#3831=VECTOR('',#11768,10.);
#3832=VECTOR('',#11769,10.);
#3833=VECTOR('',#11772,10.);
#3834=VECTOR('',#11773,10.);
#3835=VECTOR('',#11776,10.);
#3836=VECTOR('',#11777,10.);
#3837=VECTOR('',#11778,10.);
#3838=VECTOR('',#11779,10.);
#3839=VECTOR('',#11782,10.);
#3840=VECTOR('',#11783,10.);
#3841=VECTOR('',#11786,10.);
#3842=VECTOR('',#11787,10.);
#3843=VECTOR('',#11788,10.);
#3844=VECTOR('',#11791,10.);
#3845=VECTOR('',#11792,10.);
#3846=VECTOR('',#11805,10.);
#3847=VECTOR('',#11806,10.);
#3848=VECTOR('',#11807,10.);
#3849=VECTOR('',#11808,10.);
#3850=VECTOR('',#11811,10.);
#3851=VECTOR('',#11812,10.);
#3852=VECTOR('',#11813,10.);
#3853=VECTOR('',#11816,10.);
#3854=VECTOR('',#11817,10.);
#3855=VECTOR('',#11818,10.);
#3856=VECTOR('',#11821,10.);
#3857=VECTOR('',#11822,10.);
#3858=VECTOR('',#11825,10.);
#3859=VECTOR('',#11828,10.);
#3860=VECTOR('',#11829,10.);
#3861=VECTOR('',#11830,10.);
#3862=VECTOR('',#11831,10.);
#3863=VECTOR('',#11834,10.);
#3864=VECTOR('',#11835,10.);
#3865=VECTOR('',#11838,10.);
#3866=VECTOR('',#11839,10.);
#3867=VECTOR('',#11840,10.);
#3868=VECTOR('',#11843,10.);
#3869=VECTOR('',#11846,10.);
#3870=VECTOR('',#11851,10.);
#3871=VECTOR('',#11852,10.);
#3872=VECTOR('',#11855,10.);
#3873=VECTOR('',#11860,10.);
#3874=VECTOR('',#11861,10.);
#3875=VECTOR('',#11864,10.);
#3876=VECTOR('',#11869,10.);
#3877=VECTOR('',#11870,10.);
#3878=VECTOR('',#11871,10.);
#3879=VECTOR('',#11874,10.);
#3880=VECTOR('',#11877,10.);
#3881=VECTOR('',#11878,10.);
#3882=VECTOR('',#11881,10.);
#3883=VECTOR('',#11888,2.35000000000001);
#3884=VECTOR('',#11893,2.10000000000001);
#3885=VECTOR('',#11902,2.34999999999999);
#3886=VECTOR('',#11907,2.09999999999999);
#3887=VECTOR('',#11916,2.35);
#3888=VECTOR('',#11921,2.1);
#3889=VECTOR('',#11932,10.);
#3890=VECTOR('',#11933,10.);
#3891=VECTOR('',#11934,10.);
#3892=VECTOR('',#11939,10.);
#3893=VECTOR('',#11942,10.);
#3894=VECTOR('',#11943,10.);
#3895=VECTOR('',#11948,10.);
#3896=VECTOR('',#11951,10.);
#3897=VECTOR('',#11952,10.);
#3898=VECTOR('',#11957,10.);
#3899=VECTOR('',#11960,10.);
#3900=VECTOR('',#11961,10.);
#3901=VECTOR('',#11972,10.);
#3902=VECTOR('',#12001,10.);
#3903=VECTOR('',#12002,10.);
#3904=VECTOR('',#12005,10.);
#3905=VECTOR('',#12006,10.);
#3906=VECTOR('',#12009,10.);
#3907=VECTOR('',#12010,10.);
#3908=VECTOR('',#12013,10.);
#3909=VECTOR('',#12014,10.);
#3910=VECTOR('',#12017,10.);
#3911=VECTOR('',#12018,10.);
#3912=VECTOR('',#12019,10.);
#3913=VECTOR('',#12022,10.);
#3914=VECTOR('',#12027,10.);
#3915=VECTOR('',#12028,10.);
#3916=VECTOR('',#12031,10.);
#3917=VECTOR('',#12038,10.);
#3918=VECTOR('',#12041,10.);
#3919=VECTOR('',#12044,10.);
#3920=VECTOR('',#12047,10.);
#3921=VECTOR('',#12052,10.);
#3922=VECTOR('',#12055,10.);
#3923=VECTOR('',#12058,10.);
#3924=VECTOR('',#12061,10.);
#3925=VECTOR('',#12064,10.);
#3926=VECTOR('',#12067,10.);
#3927=VECTOR('',#12070,10.);
#3928=VECTOR('',#12071,10.);
#3929=VECTOR('',#12076,10.);
#3930=VECTOR('',#12079,10.);
#3931=VECTOR('',#12080,10.);
#3932=VECTOR('',#12085,10.);
#3933=VECTOR('',#12088,10.);
#3934=VECTOR('',#12089,10.);
#3935=VECTOR('',#12094,10.);
#3936=VECTOR('',#12097,10.);
#3937=VECTOR('',#12102,10.);
#3938=VECTOR('',#12105,10.);
#3939=VECTOR('',#12114,10.);
#3940=VECTOR('',#12115,10.);
#3941=VECTOR('',#12122,10.);
#3942=VECTOR('',#12131,10.);
#3943=VECTOR('',#12132,10.);
#3944=VECTOR('',#12139,10.);
#3945=VECTOR('',#12146,10.);
#3946=VECTOR('',#12153,10.);
#3947=VECTOR('',#12154,10.);
#3948=VECTOR('',#12157,10.);
#3949=VECTOR('',#12158,10.);
#3950=VECTOR('',#12165,10.);
#3951=VECTOR('',#12172,10.);
#3952=VECTOR('',#12179,10.);
#3953=VECTOR('',#12182,10.);
#3954=VECTOR('',#12189,2.25);
#3955=VECTOR('',#12194,10.);
#3956=VECTOR('',#12195,10.);
#3957=VECTOR('',#12196,10.);
#3958=VECTOR('',#12197,10.);
#3959=VECTOR('',#12204,1.75);
#3960=VECTOR('',#12207,2.25);
#3961=VECTOR('',#12214,1.75);
#3962=VECTOR('',#12217,10.);
#3963=VECTOR('',#12218,10.);
#3964=VECTOR('',#12219,10.);
#3965=VECTOR('',#12220,10.);
#3966=VECTOR('',#12223,10.);
#3967=VECTOR('',#12224,10.);
#3968=VECTOR('',#12225,10.);
#3969=VECTOR('',#12228,10.);
#3970=VECTOR('',#12229,10.);
#3971=VECTOR('',#12232,10.);
#3972=VECTOR('',#12233,10.);
#3973=VECTOR('',#12234,10.);
#3974=VECTOR('',#12235,10.);
#3975=VECTOR('',#12236,10.);
#3976=VECTOR('',#12237,10.);
#3977=VECTOR('',#12238,10.);
#3978=VECTOR('',#12239,10.);
#3979=VECTOR('',#12242,10.);
#3980=VECTOR('',#12243,10.);
#3981=VECTOR('',#12244,10.);
#3982=VECTOR('',#12247,10.);
#3983=VECTOR('',#12248,10.);
#3984=VECTOR('',#12251,10.);
#3985=VECTOR('',#12252,10.);
#3986=VECTOR('',#12255,10.);
#3987=VECTOR('',#12256,10.);
#3988=VECTOR('',#12257,10.);
#3989=VECTOR('',#12264,10.);
#3990=VECTOR('',#12267,10.);
#3991=VECTOR('',#12270,10.);
#3992=VECTOR('',#12273,10.);
#3993=VECTOR('',#12276,10.);
#3994=VECTOR('',#12277,10.);
#3995=VECTOR('',#12278,10.);
#3996=VECTOR('',#12279,10.);
#3997=VECTOR('',#12282,10.);
#3998=VECTOR('',#12283,10.);
#3999=VECTOR('',#12286,10.);
#4000=VECTOR('',#12287,10.);
#4001=VECTOR('',#12288,10.);
#4002=VECTOR('',#12291,10.);
#4003=VECTOR('',#12292,10.);
#4004=VECTOR('',#12295,10.);
#4005=VECTOR('',#12296,10.);
#4006=VECTOR('',#12297,10.);
#4007=VECTOR('',#12298,10.);
#4008=VECTOR('',#12301,10.);
#4009=VECTOR('',#12302,10.);
#4010=VECTOR('',#12305,10.);
#4011=VECTOR('',#12306,10.);
#4012=VECTOR('',#12307,10.);
#4013=VECTOR('',#12310,10.);
#4014=VECTOR('',#12311,10.);
#4015=VECTOR('',#12322,10.);
#4016=VECTOR('',#12323,10.);
#4017=VECTOR('',#12326,10.);
#4018=VECTOR('',#12329,10.);
#4019=VECTOR('',#12330,10.);
#4020=VECTOR('',#12333,10.);
#4021=VECTOR('',#12334,10.);
#4022=VECTOR('',#12337,10.);
#4023=VECTOR('',#12338,10.);
#4024=VECTOR('',#12347,10.);
#4025=VECTOR('',#12350,10.);
#4026=VECTOR('',#12355,10.);
#4027=VECTOR('',#12358,10.);
#4028=VECTOR('',#12361,10.);
#4029=VECTOR('',#12364,10.);
#4030=VECTOR('',#12367,10.);
#4031=VECTOR('',#12368,10.);
#4032=VECTOR('',#12371,10.);
#4033=VECTOR('',#12374,10.);
#4034=VECTOR('',#12377,10.);
#4035=VECTOR('',#12378,10.);
#4036=VECTOR('',#12383,2.25);
#4037=VECTOR('',#12388,10.);
#4038=VECTOR('',#12389,10.);
#4039=VECTOR('',#12390,10.);
#4040=VECTOR('',#12391,10.);
#4041=VECTOR('',#12398,1.75);
#4042=VECTOR('',#12401,2.25);
#4043=VECTOR('',#12408,1.75);
#4044=VECTOR('',#12411,10.);
#4045=VECTOR('',#12412,10.);
#4046=VECTOR('',#12413,10.);
#4047=VECTOR('',#12414,10.);
#4048=VECTOR('',#12417,10.);
#4049=VECTOR('',#12418,10.);
#4050=VECTOR('',#12419,10.);
#4051=VECTOR('',#12422,10.);
#4052=VECTOR('',#12423,10.);
#4053=VECTOR('',#12424,10.);
#4054=VECTOR('',#12425,10.);
#4055=VECTOR('',#12426,10.);
#4056=VECTOR('',#12427,10.);
#4057=VECTOR('',#12428,10.);
#4058=VECTOR('',#12429,10.);
#4059=VECTOR('',#12432,10.);
#4060=VECTOR('',#12433,10.);
#4061=VECTOR('',#12436,10.);
#4062=VECTOR('',#12437,10.);
#4063=VECTOR('',#12438,10.);
#4064=VECTOR('',#12441,10.);
#4065=VECTOR('',#12442,10.);
#4066=VECTOR('',#12445,10.);
#4067=VECTOR('',#12446,10.);
#4068=VECTOR('',#12449,10.);
#4069=VECTOR('',#12450,10.);
#4070=VECTOR('',#12451,10.);
#4071=VECTOR('',#12458,10.);
#4072=VECTOR('',#12461,10.);
#4073=VECTOR('',#12464,10.);
#4074=VECTOR('',#12467,10.);
#4075=VECTOR('',#12474,10.);
#4076=VECTOR('',#12475,10.);
#4077=VECTOR('',#12478,10.);
#4078=VECTOR('',#12481,10.);
#4079=VECTOR('',#12482,10.);
#4080=VECTOR('',#12485,10.);
#4081=VECTOR('',#12486,10.);
#4082=VECTOR('',#12489,10.);
#4083=VECTOR('',#12490,10.);
#4084=VERTEX_POINT('',#12497);
#4085=VERTEX_POINT('',#12498);
#4086=VERTEX_POINT('',#12500);
#4087=VERTEX_POINT('',#12502);
#4088=VERTEX_POINT('',#12506);
#4089=VERTEX_POINT('',#12507);
#4090=VERTEX_POINT('',#12511);
#4091=VERTEX_POINT('',#12513);
#4092=VERTEX_POINT('',#12518);
#4093=VERTEX_POINT('',#12520);
#4094=VERTEX_POINT('',#12522);
#4095=VERTEX_POINT('',#12524);
#4096=VERTEX_POINT('',#12528);
#4097=VERTEX_POINT('',#12532);
#4098=VERTEX_POINT('',#12533);
#4099=VERTEX_POINT('',#12537);
#4100=VERTEX_POINT('',#12539);
#4101=VERTEX_POINT('',#12544);
#4102=VERTEX_POINT('',#12546);
#4103=VERTEX_POINT('',#12548);
#4104=VERTEX_POINT('',#12550);
#4105=VERTEX_POINT('',#12552);
#4106=VERTEX_POINT('',#12554);
#4107=VERTEX_POINT('',#12560);
#4108=VERTEX_POINT('',#12564);
#4109=VERTEX_POINT('',#12566);
#4110=VERTEX_POINT('',#12570);
#4111=VERTEX_POINT('',#12573);
#4112=VERTEX_POINT('',#12579);
#4113=VERTEX_POINT('',#12581);
#4114=VERTEX_POINT('',#12583);
#4115=VERTEX_POINT('',#12585);
#4116=VERTEX_POINT('',#12591);
#4117=VERTEX_POINT('',#12595);
#4118=VERTEX_POINT('',#12596);
#4119=VERTEX_POINT('',#12598);
#4120=VERTEX_POINT('',#12600);
#4121=VERTEX_POINT('',#12604);
#4122=VERTEX_POINT('',#12606);
#4123=VERTEX_POINT('',#12610);
#4124=VERTEX_POINT('',#12612);
#4125=VERTEX_POINT('',#12619);
#4126=VERTEX_POINT('',#12621);
#4127=VERTEX_POINT('',#12625);
#4128=VERTEX_POINT('',#12627);
#4129=VERTEX_POINT('',#12629);
#4130=VERTEX_POINT('',#12633);
#4131=VERTEX_POINT('',#12635);
#4132=VERTEX_POINT('',#12639);
#4133=VERTEX_POINT('',#12640);
#4134=VERTEX_POINT('',#12642);
#4135=VERTEX_POINT('',#12644);
#4136=VERTEX_POINT('',#12647);
#4137=VERTEX_POINT('',#12648);
#4138=VERTEX_POINT('',#12650);
#4139=VERTEX_POINT('',#12652);
#4140=VERTEX_POINT('',#12655);
#4141=VERTEX_POINT('',#12656);
#4142=VERTEX_POINT('',#12658);
#4143=VERTEX_POINT('',#12660);
#4144=VERTEX_POINT('',#12664);
#4145=VERTEX_POINT('',#12666);
#4146=VERTEX_POINT('',#12670);
#4147=VERTEX_POINT('',#12674);
#4148=VERTEX_POINT('',#12680);
#4149=VERTEX_POINT('',#12682);
#4150=VERTEX_POINT('',#12686);
#4151=VERTEX_POINT('',#12690);
#4152=VERTEX_POINT('',#12692);
#4153=VERTEX_POINT('',#12696);
#4154=VERTEX_POINT('',#12700);
#4155=VERTEX_POINT('',#12706);
#4156=VERTEX_POINT('',#12708);
#4157=VERTEX_POINT('',#12712);
#4158=VERTEX_POINT('',#12716);
#4159=VERTEX_POINT('',#12717);
#4160=VERTEX_POINT('',#12722);
#4161=VERTEX_POINT('',#12724);
#4162=VERTEX_POINT('',#12732);
#4163=VERTEX_POINT('',#12734);
#4164=VERTEX_POINT('',#12736);
#4165=VERTEX_POINT('',#12738);
#4166=VERTEX_POINT('',#12740);
#4167=VERTEX_POINT('',#12742);
#4168=VERTEX_POINT('',#12746);
#4169=VERTEX_POINT('',#12748);
#4170=VERTEX_POINT('',#12750);
#4171=VERTEX_POINT('',#12752);
#4172=VERTEX_POINT('',#12754);
#4173=VERTEX_POINT('',#12760);
#4174=VERTEX_POINT('',#12764);
#4175=VERTEX_POINT('',#12772);
#4176=VERTEX_POINT('',#12774);
#4177=VERTEX_POINT('',#12778);
#4178=VERTEX_POINT('',#12781);
#4179=VERTEX_POINT('',#12782);
#4180=VERTEX_POINT('',#12784);
#4181=VERTEX_POINT('',#12786);
#4182=VERTEX_POINT('',#12788);
#4183=VERTEX_POINT('',#12791);
#4184=VERTEX_POINT('',#12792);
#4185=VERTEX_POINT('',#12794);
#4186=VERTEX_POINT('',#12796);
#4187=VERTEX_POINT('',#12799);
#4188=VERTEX_POINT('',#12800);
#4189=VERTEX_POINT('',#12802);
#4190=VERTEX_POINT('',#12804);
#4191=VERTEX_POINT('',#12807);
#4192=VERTEX_POINT('',#12808);
#4193=VERTEX_POINT('',#12810);
#4194=VERTEX_POINT('',#12812);
#4195=VERTEX_POINT('',#12815);
#4196=VERTEX_POINT('',#12816);
#4197=VERTEX_POINT('',#12818);
#4198=VERTEX_POINT('',#12820);
#4199=VERTEX_POINT('',#12823);
#4200=VERTEX_POINT('',#12824);
#4201=VERTEX_POINT('',#12826);
#4202=VERTEX_POINT('',#12828);
#4203=VERTEX_POINT('',#12831);
#4204=VERTEX_POINT('',#12832);
#4205=VERTEX_POINT('',#12834);
#4206=VERTEX_POINT('',#12836);
#4207=VERTEX_POINT('',#12839);
#4208=VERTEX_POINT('',#12840);
#4209=VERTEX_POINT('',#12842);
#4210=VERTEX_POINT('',#12844);
#4211=VERTEX_POINT('',#12847);
#4212=VERTEX_POINT('',#12848);
#4213=VERTEX_POINT('',#12850);
#4214=VERTEX_POINT('',#12852);
#4215=VERTEX_POINT('',#12855);
#4216=VERTEX_POINT('',#12856);
#4217=VERTEX_POINT('',#12858);
#4218=VERTEX_POINT('',#12860);
#4219=VERTEX_POINT('',#12863);
#4220=VERTEX_POINT('',#12864);
#4221=VERTEX_POINT('',#12866);
#4222=VERTEX_POINT('',#12868);
#4223=VERTEX_POINT('',#12871);
#4224=VERTEX_POINT('',#12872);
#4225=VERTEX_POINT('',#12874);
#4226=VERTEX_POINT('',#12876);
#4227=VERTEX_POINT('',#12878);
#4228=VERTEX_POINT('',#12881);
#4229=VERTEX_POINT('',#12882);
#4230=VERTEX_POINT('',#12884);
#4231=VERTEX_POINT('',#12886);
#4232=VERTEX_POINT('',#12889);
#4233=VERTEX_POINT('',#12890);
#4234=VERTEX_POINT('',#12892);
#4235=VERTEX_POINT('',#12894);
#4236=VERTEX_POINT('',#12897);
#4237=VERTEX_POINT('',#12898);
#4238=VERTEX_POINT('',#12900);
#4239=VERTEX_POINT('',#12902);
#4240=VERTEX_POINT('',#12906);
#4241=VERTEX_POINT('',#12910);
#4242=VERTEX_POINT('',#12913);
#4243=VERTEX_POINT('',#12915);
#4244=VERTEX_POINT('',#12916);
#4245=VERTEX_POINT('',#12918);
#4246=VERTEX_POINT('',#12920);
#4247=VERTEX_POINT('',#12922);
#4248=VERTEX_POINT('',#12925);
#4249=VERTEX_POINT('',#12926);
#4250=VERTEX_POINT('',#12928);
#4251=VERTEX_POINT('',#12930);
#4252=VERTEX_POINT('',#12933);
#4253=VERTEX_POINT('',#12934);
#4254=VERTEX_POINT('',#12936);
#4255=VERTEX_POINT('',#12938);
#4256=VERTEX_POINT('',#12941);
#4257=VERTEX_POINT('',#12942);
#4258=VERTEX_POINT('',#12944);
#4259=VERTEX_POINT('',#12946);
#4260=VERTEX_POINT('',#12948);
#4261=VERTEX_POINT('',#12950);
#4262=VERTEX_POINT('',#12952);
#4263=VERTEX_POINT('',#12954);
#4264=VERTEX_POINT('',#12956);
#4265=VERTEX_POINT('',#12958);
#4266=VERTEX_POINT('',#12960);
#4267=VERTEX_POINT('',#12962);
#4268=VERTEX_POINT('',#12964);
#4269=VERTEX_POINT('',#12966);
#4270=VERTEX_POINT('',#12968);
#4271=VERTEX_POINT('',#12970);
#4272=VERTEX_POINT('',#12972);
#4273=VERTEX_POINT('',#12974);
#4274=VERTEX_POINT('',#12976);
#4275=VERTEX_POINT('',#12978);
#4276=VERTEX_POINT('',#12980);
#4277=VERTEX_POINT('',#12982);
#4278=VERTEX_POINT('',#12984);
#4279=VERTEX_POINT('',#12986);
#4280=VERTEX_POINT('',#12988);
#4281=VERTEX_POINT('',#12990);
#4282=VERTEX_POINT('',#12992);
#4283=VERTEX_POINT('',#12996);
#4284=VERTEX_POINT('',#12998);
#4285=VERTEX_POINT('',#13003);
#4286=VERTEX_POINT('',#13005);
#4287=VERTEX_POINT('',#13008);
#4288=VERTEX_POINT('',#13009);
#4289=VERTEX_POINT('',#13011);
#4290=VERTEX_POINT('',#13013);
#4291=VERTEX_POINT('',#13016);
#4292=VERTEX_POINT('',#13017);
#4293=VERTEX_POINT('',#13019);
#4294=VERTEX_POINT('',#13021);
#4295=VERTEX_POINT('',#13025);
#4296=VERTEX_POINT('',#13028);
#4297=VERTEX_POINT('',#13029);
#4298=VERTEX_POINT('',#13031);
#4299=VERTEX_POINT('',#13033);
#4300=VERTEX_POINT('',#13035);
#4301=VERTEX_POINT('',#13038);
#4302=VERTEX_POINT('',#13039);
#4303=VERTEX_POINT('',#13041);
#4304=VERTEX_POINT('',#13043);
#4305=VERTEX_POINT('',#13046);
#4306=VERTEX_POINT('',#13047);
#4307=VERTEX_POINT('',#13049);
#4308=VERTEX_POINT('',#13051);
#4309=VERTEX_POINT('',#13054);
#4310=VERTEX_POINT('',#13055);
#4311=VERTEX_POINT('',#13057);
#4312=VERTEX_POINT('',#13059);
#4313=VERTEX_POINT('',#13062);
#4314=VERTEX_POINT('',#13063);
#4315=VERTEX_POINT('',#13065);
#4316=VERTEX_POINT('',#13067);
#4317=VERTEX_POINT('',#13071);
#4318=VERTEX_POINT('',#13072);
#4319=VERTEX_POINT('',#13074);
#4320=VERTEX_POINT('',#13076);
#4321=VERTEX_POINT('',#13078);
#4322=VERTEX_POINT('',#13082);
#4323=VERTEX_POINT('',#13084);
#4324=VERTEX_POINT('',#13088);
#4325=VERTEX_POINT('',#13090);
#4326=VERTEX_POINT('',#13094);
#4327=VERTEX_POINT('',#13096);
#4328=VERTEX_POINT('',#13100);
#4329=VERTEX_POINT('',#13103);
#4330=VERTEX_POINT('',#13105);
#4331=VERTEX_POINT('',#13108);
#4332=VERTEX_POINT('',#13112);
#4333=VERTEX_POINT('',#13113);
#4334=VERTEX_POINT('',#13115);
#4335=VERTEX_POINT('',#13117);
#4336=VERTEX_POINT('',#13119);
#4337=VERTEX_POINT('',#13121);
#4338=VERTEX_POINT('',#13125);
#4339=VERTEX_POINT('',#13126);
#4340=VERTEX_POINT('',#13128);
#4341=VERTEX_POINT('',#13130);
#4342=VERTEX_POINT('',#13132);
#4343=VERTEX_POINT('',#13134);
#4344=VERTEX_POINT('',#13138);
#4345=VERTEX_POINT('',#13140);
#4346=VERTEX_POINT('',#13144);
#4347=VERTEX_POINT('',#13146);
#4348=VERTEX_POINT('',#13150);
#4349=VERTEX_POINT('',#13153);
#4350=VERTEX_POINT('',#13161);
#4351=VERTEX_POINT('',#13163);
#4352=VERTEX_POINT('',#13167);
#4353=VERTEX_POINT('',#13169);
#4354=VERTEX_POINT('',#13173);
#4355=VERTEX_POINT('',#13176);
#4356=VERTEX_POINT('',#13184);
#4357=VERTEX_POINT('',#13189);
#4358=VERTEX_POINT('',#13193);
#4359=VERTEX_POINT('',#13195);
#4360=VERTEX_POINT('',#13199);
#4361=VERTEX_POINT('',#13200);
#4362=VERTEX_POINT('',#13205);
#4363=VERTEX_POINT('',#13209);
#4364=VERTEX_POINT('',#13213);
#4365=VERTEX_POINT('',#13217);
#4366=VERTEX_POINT('',#13220);
#4367=VERTEX_POINT('',#13222);
#4368=VERTEX_POINT('',#13228);
#4369=VERTEX_POINT('',#13230);
#4370=VERTEX_POINT('',#13232);
#4371=VERTEX_POINT('',#13252);
#4372=VERTEX_POINT('',#13254);
#4373=VERTEX_POINT('',#13258);
#4374=VERTEX_POINT('',#13260);
#4375=VERTEX_POINT('',#13264);
#4376=VERTEX_POINT('',#13266);
#4377=VERTEX_POINT('',#13270);
#4378=VERTEX_POINT('',#13272);
#4379=VERTEX_POINT('',#13276);
#4380=VERTEX_POINT('',#13277);
#4381=VERTEX_POINT('',#13279);
#4382=VERTEX_POINT('',#13281);
#4383=VERTEX_POINT('',#13285);
#4384=VERTEX_POINT('',#13287);
#4385=VERTEX_POINT('',#13291);
#4386=VERTEX_POINT('',#13293);
#4387=VERTEX_POINT('',#13295);
#4388=VERTEX_POINT('',#13299);
#4389=VERTEX_POINT('',#13301);
#4390=VERTEX_POINT('',#13305);
#4391=VERTEX_POINT('',#13308);
#4392=VERTEX_POINT('',#13310);
#4393=VERTEX_POINT('',#13313);
#4394=VERTEX_POINT('',#13317);
#4395=VERTEX_POINT('',#13321);
#4396=VERTEX_POINT('',#13325);
#4397=VERTEX_POINT('',#13329);
#4398=VERTEX_POINT('',#13333);
#4399=VERTEX_POINT('',#13334);
#4400=VERTEX_POINT('',#13341);
#4401=VERTEX_POINT('',#13345);
#4402=VERTEX_POINT('',#13349);
#4403=VERTEX_POINT('',#13353);
#4404=VERTEX_POINT('',#13355);
#4405=VERTEX_POINT('',#13357);
#4406=VERTEX_POINT('',#13359);
#4407=VERTEX_POINT('',#13363);
#4408=VERTEX_POINT('',#13365);
#4409=VERTEX_POINT('',#13367);
#4410=VERTEX_POINT('',#13369);
#4411=VERTEX_POINT('',#13373);
#4412=VERTEX_POINT('',#13375);
#4413=VERTEX_POINT('',#13377);
#4414=VERTEX_POINT('',#13379);
#4415=VERTEX_POINT('',#13383);
#4416=VERTEX_POINT('',#13385);
#4417=VERTEX_POINT('',#13387);
#4418=VERTEX_POINT('',#13389);
#4419=VERTEX_POINT('',#13393);
#4420=VERTEX_POINT('',#13395);
#4421=VERTEX_POINT('',#13397);
#4422=VERTEX_POINT('',#13399);
#4423=VERTEX_POINT('',#13403);
#4424=VERTEX_POINT('',#13405);
#4425=VERTEX_POINT('',#13407);
#4426=VERTEX_POINT('',#13409);
#4427=VERTEX_POINT('',#13413);
#4428=VERTEX_POINT('',#13415);
#4429=VERTEX_POINT('',#13417);
#4430=VERTEX_POINT('',#13419);
#4431=VERTEX_POINT('',#13423);
#4432=VERTEX_POINT('',#13425);
#4433=VERTEX_POINT('',#13427);
#4434=VERTEX_POINT('',#13436);
#4435=VERTEX_POINT('',#13437);
#4436=VERTEX_POINT('',#13442);
#4437=VERTEX_POINT('',#13443);
#4438=VERTEX_POINT('',#13445);
#4439=VERTEX_POINT('',#13447);
#4440=VERTEX_POINT('',#13451);
#4441=VERTEX_POINT('',#13452);
#4442=VERTEX_POINT('',#13454);
#4443=VERTEX_POINT('',#13456);
#4444=VERTEX_POINT('',#13466);
#4445=VERTEX_POINT('',#13470);
#4446=VERTEX_POINT('',#13481);
#4447=VERTEX_POINT('',#13487);
#4448=VERTEX_POINT('',#13493);
#4449=VERTEX_POINT('',#13497);
#4450=VERTEX_POINT('',#13500);
#4451=VERTEX_POINT('',#13504);
#4452=VERTEX_POINT('',#13506);
#4453=VERTEX_POINT('',#13510);
#4454=VERTEX_POINT('',#13514);
#4455=VERTEX_POINT('',#13516);
#4456=VERTEX_POINT('',#13520);
#4457=VERTEX_POINT('',#13522);
#4458=VERTEX_POINT('',#13527);
#4459=VERTEX_POINT('',#13531);
#4460=VERTEX_POINT('',#13535);
#4461=VERTEX_POINT('',#13541);
#4462=VERTEX_POINT('',#13542);
#4463=VERTEX_POINT('',#13547);
#4464=VERTEX_POINT('',#13551);
#4465=VERTEX_POINT('',#13555);
#4466=VERTEX_POINT('',#13561);
#4467=VERTEX_POINT('',#13565);
#4468=VERTEX_POINT('',#13570);
#4469=VERTEX_POINT('',#13571);
#4470=VERTEX_POINT('',#13573);
#4471=VERTEX_POINT('',#13575);
#4472=VERTEX_POINT('',#13578);
#4473=VERTEX_POINT('',#13579);
#4474=VERTEX_POINT('',#13581);
#4475=VERTEX_POINT('',#13583);
#4476=VERTEX_POINT('',#13586);
#4477=VERTEX_POINT('',#13587);
#4478=VERTEX_POINT('',#13589);
#4479=VERTEX_POINT('',#13591);
#4480=VERTEX_POINT('',#13594);
#4481=VERTEX_POINT('',#13595);
#4482=VERTEX_POINT('',#13597);
#4483=VERTEX_POINT('',#13599);
#4484=VERTEX_POINT('',#13601);
#4485=VERTEX_POINT('',#13604);
#4486=VERTEX_POINT('',#13605);
#4487=VERTEX_POINT('',#13607);
#4488=VERTEX_POINT('',#13609);
#4489=VERTEX_POINT('',#13612);
#4490=VERTEX_POINT('',#13613);
#4491=VERTEX_POINT('',#13615);
#4492=VERTEX_POINT('',#13617);
#4493=VERTEX_POINT('',#13620);
#4494=VERTEX_POINT('',#13621);
#4495=VERTEX_POINT('',#13623);
#4496=VERTEX_POINT('',#13625);
#4497=VERTEX_POINT('',#13628);
#4498=VERTEX_POINT('',#13629);
#4499=VERTEX_POINT('',#13631);
#4500=VERTEX_POINT('',#13633);
#4501=VERTEX_POINT('',#13636);
#4502=VERTEX_POINT('',#13637);
#4503=VERTEX_POINT('',#13639);
#4504=VERTEX_POINT('',#13641);
#4505=VERTEX_POINT('',#13644);
#4506=VERTEX_POINT('',#13645);
#4507=VERTEX_POINT('',#13647);
#4508=VERTEX_POINT('',#13649);
#4509=VERTEX_POINT('',#13652);
#4510=VERTEX_POINT('',#13653);
#4511=VERTEX_POINT('',#13655);
#4512=VERTEX_POINT('',#13657);
#4513=VERTEX_POINT('',#13660);
#4514=VERTEX_POINT('',#13661);
#4515=VERTEX_POINT('',#13663);
#4516=VERTEX_POINT('',#13665);
#4517=VERTEX_POINT('',#13668);
#4518=VERTEX_POINT('',#13669);
#4519=VERTEX_POINT('',#13671);
#4520=VERTEX_POINT('',#13673);
#4521=VERTEX_POINT('',#13676);
#4522=VERTEX_POINT('',#13677);
#4523=VERTEX_POINT('',#13679);
#4524=VERTEX_POINT('',#13681);
#4525=VERTEX_POINT('',#13684);
#4526=VERTEX_POINT('',#13685);
#4527=VERTEX_POINT('',#13687);
#4528=VERTEX_POINT('',#13689);
#4529=VERTEX_POINT('',#13691);
#4530=VERTEX_POINT('',#13695);
#4531=VERTEX_POINT('',#13701);
#4532=VERTEX_POINT('',#13703);
#4533=VERTEX_POINT('',#13707);
#4534=VERTEX_POINT('',#13709);
#4535=VERTEX_POINT('',#13713);
#4536=VERTEX_POINT('',#13717);
#4537=VERTEX_POINT('',#13721);
#4538=VERTEX_POINT('',#13727);
#4539=VERTEX_POINT('',#13733);
#4540=VERTEX_POINT('',#13735);
#4541=VERTEX_POINT('',#13739);
#4542=VERTEX_POINT('',#13741);
#4543=VERTEX_POINT('',#13745);
#4544=VERTEX_POINT('',#13749);
#4545=VERTEX_POINT('',#13753);
#4546=VERTEX_POINT('',#13759);
#4547=VERTEX_POINT('',#13765);
#4548=VERTEX_POINT('',#13767);
#4549=VERTEX_POINT('',#13771);
#4550=VERTEX_POINT('',#13773);
#4551=VERTEX_POINT('',#13777);
#4552=VERTEX_POINT('',#13781);
#4553=VERTEX_POINT('',#13785);
#4554=VERTEX_POINT('',#13791);
#4555=VERTEX_POINT('',#13797);
#4556=VERTEX_POINT('',#13799);
#4557=VERTEX_POINT('',#13803);
#4558=VERTEX_POINT('',#13807);
#4559=VERTEX_POINT('',#13809);
#4560=VERTEX_POINT('',#13813);
#4561=VERTEX_POINT('',#13817);
#4562=VERTEX_POINT('',#13821);
#4563=VERTEX_POINT('',#13827);
#4564=VERTEX_POINT('',#13831);
#4565=VERTEX_POINT('',#13837);
#4566=VERTEX_POINT('',#13839);
#4567=VERTEX_POINT('',#13843);
#4568=VERTEX_POINT('',#13845);
#4569=VERTEX_POINT('',#13849);
#4570=VERTEX_POINT('',#13853);
#4571=VERTEX_POINT('',#13857);
#4572=VERTEX_POINT('',#13863);
#4573=VERTEX_POINT('',#13869);
#4574=VERTEX_POINT('',#13871);
#4575=VERTEX_POINT('',#13875);
#4576=VERTEX_POINT('',#13877);
#4577=VERTEX_POINT('',#13881);
#4578=VERTEX_POINT('',#13885);
#4579=VERTEX_POINT('',#13889);
#4580=VERTEX_POINT('',#13895);
#4581=VERTEX_POINT('',#13901);
#4582=VERTEX_POINT('',#13903);
#4583=VERTEX_POINT('',#13907);
#4584=VERTEX_POINT('',#13909);
#4585=VERTEX_POINT('',#13913);
#4586=VERTEX_POINT('',#13917);
#4587=VERTEX_POINT('',#13921);
#4588=VERTEX_POINT('',#13927);
#4589=VERTEX_POINT('',#13933);
#4590=VERTEX_POINT('',#13935);
#4591=VERTEX_POINT('',#13939);
#4592=VERTEX_POINT('',#13941);
#4593=VERTEX_POINT('',#13945);
#4594=VERTEX_POINT('',#13949);
#4595=VERTEX_POINT('',#13953);
#4596=VERTEX_POINT('',#13959);
#4597=VERTEX_POINT('',#13965);
#4598=VERTEX_POINT('',#13967);
#4599=VERTEX_POINT('',#13971);
#4600=VERTEX_POINT('',#13973);
#4601=VERTEX_POINT('',#13977);
#4602=VERTEX_POINT('',#13981);
#4603=VERTEX_POINT('',#13985);
#4604=VERTEX_POINT('',#13991);
#4605=VERTEX_POINT('',#13997);
#4606=VERTEX_POINT('',#13999);
#4607=VERTEX_POINT('',#14003);
#4608=VERTEX_POINT('',#14005);
#4609=VERTEX_POINT('',#14009);
#4610=VERTEX_POINT('',#14013);
#4611=VERTEX_POINT('',#14017);
#4612=VERTEX_POINT('',#14023);
#4613=VERTEX_POINT('',#14029);
#4614=VERTEX_POINT('',#14031);
#4615=VERTEX_POINT('',#14035);
#4616=VERTEX_POINT('',#14037);
#4617=VERTEX_POINT('',#14041);
#4618=VERTEX_POINT('',#14045);
#4619=VERTEX_POINT('',#14049);
#4620=VERTEX_POINT('',#14055);
#4621=VERTEX_POINT('',#14061);
#4622=VERTEX_POINT('',#14063);
#4623=VERTEX_POINT('',#14067);
#4624=VERTEX_POINT('',#14069);
#4625=VERTEX_POINT('',#14073);
#4626=VERTEX_POINT('',#14077);
#4627=VERTEX_POINT('',#14081);
#4628=VERTEX_POINT('',#14087);
#4629=VERTEX_POINT('',#14093);
#4630=VERTEX_POINT('',#14095);
#4631=VERTEX_POINT('',#14099);
#4632=VERTEX_POINT('',#14101);
#4633=VERTEX_POINT('',#14105);
#4634=VERTEX_POINT('',#14109);
#4635=VERTEX_POINT('',#14113);
#4636=VERTEX_POINT('',#14119);
#4637=VERTEX_POINT('',#14125);
#4638=VERTEX_POINT('',#14127);
#4639=VERTEX_POINT('',#14131);
#4640=VERTEX_POINT('',#14133);
#4641=VERTEX_POINT('',#14137);
#4642=VERTEX_POINT('',#14141);
#4643=VERTEX_POINT('',#14145);
#4644=VERTEX_POINT('',#14151);
#4645=VERTEX_POINT('',#14157);
#4646=VERTEX_POINT('',#14159);
#4647=VERTEX_POINT('',#14163);
#4648=VERTEX_POINT('',#14167);
#4649=VERTEX_POINT('',#14169);
#4650=VERTEX_POINT('',#14173);
#4651=VERTEX_POINT('',#14177);
#4652=VERTEX_POINT('',#14181);
#4653=VERTEX_POINT('',#14187);
#4654=VERTEX_POINT('',#14191);
#4655=VERTEX_POINT('',#14197);
#4656=VERTEX_POINT('',#14199);
#4657=VERTEX_POINT('',#14203);
#4658=VERTEX_POINT('',#14205);
#4659=VERTEX_POINT('',#14209);
#4660=VERTEX_POINT('',#14213);
#4661=VERTEX_POINT('',#14217);
#4662=VERTEX_POINT('',#14221);
#4663=VERTEX_POINT('',#14227);
#4664=VERTEX_POINT('',#14233);
#4665=VERTEX_POINT('',#14236);
#4666=VERTEX_POINT('',#14240);
#4667=VERTEX_POINT('',#14242);
#4668=VERTEX_POINT('',#14246);
#4669=VERTEX_POINT('',#14250);
#4670=VERTEX_POINT('',#14254);
#4671=VERTEX_POINT('',#14260);
#4672=VERTEX_POINT('',#14266);
#4673=VERTEX_POINT('',#14268);
#4674=VERTEX_POINT('',#14274);
#4675=VERTEX_POINT('',#14280);
#4676=VERTEX_POINT('',#14286);
#4677=VERTEX_POINT('',#14288);
#4678=VERTEX_POINT('',#14294);
#4679=VERTEX_POINT('',#14300);
#4680=VERTEX_POINT('',#14306);
#4681=VERTEX_POINT('',#14308);
#4682=VERTEX_POINT('',#14312);
#4683=VERTEX_POINT('',#14314);
#4684=VERTEX_POINT('',#14318);
#4685=VERTEX_POINT('',#14324);
#4686=VERTEX_POINT('',#14330);
#4687=VERTEX_POINT('',#14334);
#4688=VERTEX_POINT('',#14341);
#4689=VERTEX_POINT('',#14342);
#4690=VERTEX_POINT('',#14344);
#4691=VERTEX_POINT('',#14346);
#4692=VERTEX_POINT('',#14348);
#4693=VERTEX_POINT('',#14350);
#4694=VERTEX_POINT('',#14352);
#4695=VERTEX_POINT('',#14354);
#4696=VERTEX_POINT('',#14358);
#4697=VERTEX_POINT('',#14359);
#4698=VERTEX_POINT('',#14364);
#4699=VERTEX_POINT('',#14366);
#4700=VERTEX_POINT('',#14370);
#4701=VERTEX_POINT('',#14372);
#4702=VERTEX_POINT('',#14376);
#4703=VERTEX_POINT('',#14377);
#4704=VERTEX_POINT('',#14382);
#4705=VERTEX_POINT('',#14384);
#4706=VERTEX_POINT('',#14388);
#4707=VERTEX_POINT('',#14391);
#4708=VERTEX_POINT('',#14392);
#4709=VERTEX_POINT('',#14394);
#4710=VERTEX_POINT('',#14396);
#4711=VERTEX_POINT('',#14399);
#4712=VERTEX_POINT('',#14400);
#4713=VERTEX_POINT('',#14402);
#4714=VERTEX_POINT('',#14404);
#4715=VERTEX_POINT('',#14408);
#4716=VERTEX_POINT('',#14414);
#4717=VERTEX_POINT('',#14417);
#4718=VERTEX_POINT('',#14419);
#4719=VERTEX_POINT('',#14425);
#4720=VERTEX_POINT('',#14427);
#4721=VERTEX_POINT('',#14429);
#4722=VERTEX_POINT('',#14438);
#4723=VERTEX_POINT('',#14439);
#4724=VERTEX_POINT('',#14441);
#4725=VERTEX_POINT('',#14443);
#4726=VERTEX_POINT('',#14450);
#4727=VERTEX_POINT('',#14452);
#4728=VERTEX_POINT('',#14459);
#4729=VERTEX_POINT('',#14460);
#4730=VERTEX_POINT('',#14462);
#4731=VERTEX_POINT('',#14464);
#4732=VERTEX_POINT('',#14471);
#4733=VERTEX_POINT('',#14473);
#4734=VERTEX_POINT('',#14485);
#4735=VERTEX_POINT('',#14486);
#4736=VERTEX_POINT('',#14488);
#4737=VERTEX_POINT('',#14490);
#4738=VERTEX_POINT('',#14494);
#4739=VERTEX_POINT('',#14496);
#4740=VERTEX_POINT('',#14500);
#4741=VERTEX_POINT('',#14502);
#4742=VERTEX_POINT('',#14511);
#4743=VERTEX_POINT('',#14514);
#4744=VERTEX_POINT('',#14518);
#4745=VERTEX_POINT('',#14522);
#4746=VERTEX_POINT('',#14524);
#4747=VERTEX_POINT('',#14533);
#4748=VERTEX_POINT('',#14540);
#4749=VERTEX_POINT('',#14547);
#4750=VERTEX_POINT('',#14549);
#4751=VERTEX_POINT('',#14555);
#4752=VERTEX_POINT('',#14562);
#4753=VERTEX_POINT('',#14564);
#4754=VERTEX_POINT('',#14568);
#4755=VERTEX_POINT('',#14573);
#4756=VERTEX_POINT('',#14575);
#4757=VERTEX_POINT('',#14579);
#4758=VERTEX_POINT('',#14584);
#4759=VERTEX_POINT('',#14586);
#4760=VERTEX_POINT('',#14590);
#4761=VERTEX_POINT('',#14597);
#4762=VERTEX_POINT('',#14599);
#4763=VERTEX_POINT('',#14603);
#4764=VERTEX_POINT('',#14607);
#4765=VERTEX_POINT('',#14611);
#4766=VERTEX_POINT('',#14615);
#4767=VERTEX_POINT('',#14619);
#4768=VERTEX_POINT('',#14623);
#4769=VERTEX_POINT('',#14663);
#4770=VERTEX_POINT('',#14664);
#4771=VERTEX_POINT('',#14666);
#4772=VERTEX_POINT('',#14699);
#4773=VERTEX_POINT('',#14700);
#4774=VERTEX_POINT('',#14702);
#4775=VERTEX_POINT('',#14735);
#4776=VERTEX_POINT('',#14736);
#4777=VERTEX_POINT('',#14738);
#4778=VERTEX_POINT('',#14771);
#4779=VERTEX_POINT('',#14772);
#4780=VERTEX_POINT('',#14774);
#4781=VERTEX_POINT('',#14790);
#4782=VERTEX_POINT('',#14792);
#4783=VERTEX_POINT('',#14796);
#4784=VERTEX_POINT('',#14800);
#4785=VERTEX_POINT('',#14804);
#4786=VERTEX_POINT('',#14809);
#4787=VERTEX_POINT('',#14810);
#4788=VERTEX_POINT('',#14812);
#4789=VERTEX_POINT('',#14814);
#4790=VERTEX_POINT('',#14816);
#4791=VERTEX_POINT('',#14818);
#4792=VERTEX_POINT('',#14820);
#4793=VERTEX_POINT('',#14822);
#4794=VERTEX_POINT('',#14825);
#4795=VERTEX_POINT('',#14826);
#4796=VERTEX_POINT('',#14828);
#4797=VERTEX_POINT('',#14830);
#4798=VERTEX_POINT('',#14832);
#4799=VERTEX_POINT('',#14834);
#4800=VERTEX_POINT('',#14836);
#4801=VERTEX_POINT('',#14838);
#4802=VERTEX_POINT('',#14842);
#4803=VERTEX_POINT('',#14844);
#4804=VERTEX_POINT('',#14848);
#4805=VERTEX_POINT('',#14852);
#4806=VERTEX_POINT('',#14856);
#4807=VERTEX_POINT('',#14860);
#4808=VERTEX_POINT('',#14864);
#4809=VERTEX_POINT('',#14868);
#4810=VERTEX_POINT('',#14875);
#4811=VERTEX_POINT('',#14877);
#4812=VERTEX_POINT('',#14884);
#4813=VERTEX_POINT('',#14890);
#4814=VERTEX_POINT('',#14896);
#4815=VERTEX_POINT('',#14902);
#4816=VERTEX_POINT('',#14906);
#4817=VERTEX_POINT('',#14912);
#4818=VERTEX_POINT('',#14916);
#4819=VERTEX_POINT('',#14922);
#4820=VERTEX_POINT('',#14926);
#4821=VERTEX_POINT('',#14937);
#4822=VERTEX_POINT('',#14939);
#4823=VERTEX_POINT('',#14943);
#4824=VERTEX_POINT('',#14944);
#4825=VERTEX_POINT('',#14946);
#4826=VERTEX_POINT('',#14948);
#4827=VERTEX_POINT('',#14951);
#4828=VERTEX_POINT('',#14954);
#4829=VERTEX_POINT('',#14958);
#4830=VERTEX_POINT('',#14962);
#4831=VERTEX_POINT('',#14966);
#4832=VERTEX_POINT('',#14967);
#4833=VERTEX_POINT('',#14969);
#4834=VERTEX_POINT('',#14971);
#4835=VERTEX_POINT('',#14975);
#4836=VERTEX_POINT('',#14977);
#4837=VERTEX_POINT('',#14981);
#4838=VERTEX_POINT('',#14983);
#4839=VERTEX_POINT('',#14985);
#4840=VERTEX_POINT('',#14987);
#4841=VERTEX_POINT('',#14989);
#4842=VERTEX_POINT('',#14991);
#4843=VERTEX_POINT('',#14993);
#4844=VERTEX_POINT('',#14995);
#4845=VERTEX_POINT('',#14998);
#4846=VERTEX_POINT('',#15002);
#4847=VERTEX_POINT('',#15003);
#4848=VERTEX_POINT('',#15008);
#4849=VERTEX_POINT('',#15012);
#4850=VERTEX_POINT('',#15016);
#4851=VERTEX_POINT('',#15017);
#4852=VERTEX_POINT('',#15023);
#4853=VERTEX_POINT('',#15024);
#4854=VERTEX_POINT('',#15026);
#4855=VERTEX_POINT('',#15028);
#4856=VERTEX_POINT('',#15031);
#4857=VERTEX_POINT('',#15032);
#4858=VERTEX_POINT('',#15034);
#4859=VERTEX_POINT('',#15036);
#4860=VERTEX_POINT('',#15040);
#4861=VERTEX_POINT('',#15041);
#4862=VERTEX_POINT('',#15043);
#4863=VERTEX_POINT('',#15045);
#4864=VERTEX_POINT('',#15052);
#4865=VERTEX_POINT('',#15054);
#4866=VERTEX_POINT('',#15061);
#4867=VERTEX_POINT('',#15062);
#4868=VERTEX_POINT('',#15064);
#4869=VERTEX_POINT('',#15066);
#4870=VERTEX_POINT('',#15073);
#4871=VERTEX_POINT('',#15075);
#4872=VERTEX_POINT('',#15086);
#4873=VERTEX_POINT('',#15092);
#4874=VERTEX_POINT('',#15096);
#4875=VERTEX_POINT('',#15105);
#4876=VERTEX_POINT('',#15106);
#4877=VERTEX_POINT('',#15108);
#4878=VERTEX_POINT('',#15110);
#4879=VERTEX_POINT('',#15114);
#4880=VERTEX_POINT('',#15115);
#4881=VERTEX_POINT('',#15117);
#4882=VERTEX_POINT('',#15119);
#4883=VERTEX_POINT('',#15123);
#4884=VERTEX_POINT('',#15125);
#4885=VERTEX_POINT('',#15129);
#4886=VERTEX_POINT('',#15133);
#4887=VERTEX_POINT('',#15135);
#4888=VERTEX_POINT('',#15139);
#4889=VERTEX_POINT('',#15143);
#4890=VERTEX_POINT('',#15145);
#4891=VERTEX_POINT('',#15149);
#4892=VERTEX_POINT('',#15150);
#4893=VERTEX_POINT('',#15152);
#4894=VERTEX_POINT('',#15154);
#4895=VERTEX_POINT('',#15157);
#4896=VERTEX_POINT('',#15160);
#4897=VERTEX_POINT('',#15164);
#4898=VERTEX_POINT('',#15168);
#4899=VERTEX_POINT('',#15172);
#4900=VERTEX_POINT('',#15173);
#4901=VERTEX_POINT('',#15175);
#4902=VERTEX_POINT('',#15177);
#4903=VERTEX_POINT('',#15181);
#4904=VERTEX_POINT('',#15183);
#4905=VERTEX_POINT('',#15187);
#4906=VERTEX_POINT('',#15190);
#4907=VERTEX_POINT('',#15192);
#4908=VERTEX_POINT('',#15194);
#4909=VERTEX_POINT('',#15196);
#4910=VERTEX_POINT('',#15198);
#4911=VERTEX_POINT('',#15200);
#4912=VERTEX_POINT('',#15202);
#4913=VERTEX_POINT('',#15204);
#4914=VERTEX_POINT('',#15208);
#4915=VERTEX_POINT('',#15209);
#4916=VERTEX_POINT('',#15214);
#4917=VERTEX_POINT('',#15218);
#4918=VERTEX_POINT('',#15222);
#4919=VERTEX_POINT('',#15223);
#4920=VERTEX_POINT('',#15229);
#4921=VERTEX_POINT('',#15232);
#4922=VERTEX_POINT('',#15242);
#4923=VERTEX_POINT('',#15248);
#4924=VERTEX_POINT('',#15252);
#4925=EDGE_CURVE('',#4084,#4085,#1832,.T.);
#4926=EDGE_CURVE('',#4084,#4086,#1675,.T.);
#4927=EDGE_CURVE('',#4086,#4087,#1833,.T.);
#4928=EDGE_CURVE('',#4085,#4087,#1834,.T.);
#4929=EDGE_CURVE('',#4088,#4089,#560,.T.);
#4930=EDGE_CURVE('',#4088,#4090,#1676,.T.);
#4931=EDGE_CURVE('',#4090,#4091,#1835,.T.);
#4932=EDGE_CURVE('',#4091,#4091,#1677,.T.);
#4933=EDGE_CURVE('',#4090,#4089,#1678,.T.);
#4934=EDGE_CURVE('',#4089,#4092,#1836,.T.);
#4935=EDGE_CURVE('',#4093,#4092,#1837,.T.);
#4936=EDGE_CURVE('',#4093,#4094,#1838,.T.);
#4937=EDGE_CURVE('',#4094,#4095,#1839,.T.);
#4938=EDGE_CURVE('',#4095,#4088,#1840,.T.);
#4939=EDGE_CURVE('',#4096,#4096,#1679,.T.);
#4940=EDGE_CURVE('',#4096,#4091,#1841,.T.);
#4941=EDGE_CURVE('',#4097,#4098,#561,.T.);
#4942=EDGE_CURVE('',#4097,#4099,#1680,.T.);
#4943=EDGE_CURVE('',#4099,#4100,#1842,.T.);
#4944=EDGE_CURVE('',#4100,#4100,#1681,.T.);
#4945=EDGE_CURVE('',#4099,#4098,#1682,.T.);
#4946=EDGE_CURVE('',#4098,#4101,#1843,.T.);
#4947=EDGE_CURVE('',#4102,#4101,#1844,.T.);
#4948=EDGE_CURVE('',#4102,#4103,#1845,.T.);
#4949=EDGE_CURVE('',#4103,#4104,#1846,.T.);
#4950=EDGE_CURVE('',#4104,#4105,#1847,.T.);
#4951=EDGE_CURVE('',#4105,#4106,#562,.T.);
#4952=EDGE_CURVE('',#4106,#4097,#1848,.T.);
#4953=EDGE_CURVE('',#4107,#4107,#1683,.T.);
#4954=EDGE_CURVE('',#4107,#4100,#1849,.T.);
#4955=EDGE_CURVE('',#4105,#4108,#1684,.T.);
#4956=EDGE_CURVE('',#4109,#4108,#563,.T.);
#4957=EDGE_CURVE('',#4109,#4110,#1850,.T.);
#4958=EDGE_CURVE('',#4110,#4110,#1685,.T.);
#4959=EDGE_CURVE('',#4111,#4109,#564,.T.);
#4960=EDGE_CURVE('',#4111,#4106,#1686,.T.);
#4961=EDGE_CURVE('',#4108,#4112,#1851,.T.);
#4962=EDGE_CURVE('',#4112,#4113,#1852,.T.);
#4963=EDGE_CURVE('',#4113,#4114,#1853,.T.);
#4964=EDGE_CURVE('',#4114,#4115,#1854,.T.);
#4965=EDGE_CURVE('',#4115,#4111,#1855,.T.);
#4966=EDGE_CURVE('',#4112,#4104,#1687,.T.);
#4967=EDGE_CURVE('',#4116,#4116,#1688,.T.);
#4968=EDGE_CURVE('',#4116,#4110,#1856,.T.);
#4969=EDGE_CURVE('',#4117,#4118,#1857,.T.);
#4970=EDGE_CURVE('',#4118,#4119,#1858,.T.);
#4971=EDGE_CURVE('',#4119,#4120,#1859,.T.);
#4972=EDGE_CURVE('',#4120,#4117,#1860,.T.);
#4973=EDGE_CURVE('',#4121,#4119,#1861,.T.);
#4974=EDGE_CURVE('',#4118,#4122,#1862,.T.);
#4975=EDGE_CURVE('',#4122,#4121,#1863,.T.);
#4976=EDGE_CURVE('',#4123,#4117,#1864,.T.);
#4977=EDGE_CURVE('',#4120,#4124,#1865,.T.);
#4978=EDGE_CURVE('',#4124,#4123,#1866,.T.);
#4979=EDGE_CURVE('',#4122,#4123,#1867,.T.);
#4980=EDGE_CURVE('',#4124,#4121,#1868,.T.);
#4981=EDGE_CURVE('',#4125,#4120,#1869,.T.);
#4982=EDGE_CURVE('',#4125,#4126,#1870,.T.);
#4983=EDGE_CURVE('',#4124,#4126,#1871,.T.);
#4984=EDGE_CURVE('',#4119,#4127,#1872,.T.);
#4985=EDGE_CURVE('',#4127,#4128,#1873,.T.);
#4986=EDGE_CURVE('',#4128,#4129,#1874,.T.);
#4987=EDGE_CURVE('',#4129,#4125,#1875,.T.);
#4988=EDGE_CURVE('',#4130,#4095,#1689,.T.);
#4989=EDGE_CURVE('',#4131,#4130,#1876,.T.);
#4990=EDGE_CURVE('',#4101,#4131,#1690,.T.);
#4991=EDGE_CURVE('',#4092,#4115,#1691,.T.);
#4992=EDGE_CURVE('',#4132,#4133,#1877,.T.);
#4993=EDGE_CURVE('',#4134,#4132,#1878,.T.);
#4994=EDGE_CURVE('',#4135,#4134,#1879,.T.);
#4995=EDGE_CURVE('',#4133,#4135,#1880,.T.);
#4996=EDGE_CURVE('',#4136,#4137,#1881,.T.);
#4997=EDGE_CURVE('',#4138,#4136,#1882,.T.);
#4998=EDGE_CURVE('',#4139,#4138,#1883,.T.);
#4999=EDGE_CURVE('',#4137,#4139,#1884,.T.);
#5000=EDGE_CURVE('',#4140,#4141,#1885,.T.);
#5001=EDGE_CURVE('',#4142,#4140,#1886,.T.);
#5002=EDGE_CURVE('',#4143,#4142,#1887,.T.);
#5003=EDGE_CURVE('',#4141,#4143,#1888,.T.);
#5004=EDGE_CURVE('',#4133,#4144,#1889,.T.);
#5005=EDGE_CURVE('',#4144,#4145,#1890,.T.);
#5006=EDGE_CURVE('',#4145,#4132,#1891,.T.);
#5007=EDGE_CURVE('',#4146,#4144,#1892,.T.);
#5008=EDGE_CURVE('',#4146,#4135,#1893,.T.);
#5009=EDGE_CURVE('',#4145,#4147,#1894,.T.);
#5010=EDGE_CURVE('',#4147,#4134,#1895,.T.);
#5011=EDGE_CURVE('',#4147,#4146,#1896,.T.);
#5012=EDGE_CURVE('',#4145,#4148,#1897,.T.);
#5013=EDGE_CURVE('',#4149,#4148,#1898,.T.);
#5014=EDGE_CURVE('',#4147,#4149,#1899,.T.);
#5015=EDGE_CURVE('',#4144,#4150,#1900,.T.);
#5016=EDGE_CURVE('',#4148,#4150,#1901,.T.);
#5017=EDGE_CURVE('',#4141,#4151,#1902,.T.);
#5018=EDGE_CURVE('',#4151,#4152,#1903,.T.);
#5019=EDGE_CURVE('',#4152,#4140,#1904,.T.);
#5020=EDGE_CURVE('',#4153,#4151,#1905,.T.);
#5021=EDGE_CURVE('',#4153,#4143,#1906,.T.);
#5022=EDGE_CURVE('',#4152,#4154,#1907,.T.);
#5023=EDGE_CURVE('',#4154,#4142,#1908,.T.);
#5024=EDGE_CURVE('',#4154,#4153,#1909,.T.);
#5025=EDGE_CURVE('',#4152,#4155,#1910,.T.);
#5026=EDGE_CURVE('',#4156,#4155,#1911,.T.);
#5027=EDGE_CURVE('',#4154,#4156,#1912,.T.);
#5028=EDGE_CURVE('',#4151,#4157,#1913,.T.);
#5029=EDGE_CURVE('',#4155,#4157,#1914,.T.);
#5030=EDGE_CURVE('',#4158,#4159,#1915,.T.);
#5031=EDGE_CURVE('',#4159,#4139,#1916,.T.);
#5032=EDGE_CURVE('',#4138,#4158,#1917,.T.);
#5033=EDGE_CURVE('',#4137,#4160,#1918,.T.);
#5034=EDGE_CURVE('',#4160,#4161,#1919,.T.);
#5035=EDGE_CURVE('',#4136,#4161,#1920,.T.);
#5036=EDGE_CURVE('',#4159,#4160,#1921,.T.);
#5037=EDGE_CURVE('',#4161,#4158,#1922,.T.);
#5038=EDGE_CURVE('',#4161,#4162,#1923,.T.);
#5039=EDGE_CURVE('',#4162,#4163,#1924,.T.);
#5040=EDGE_CURVE('',#4164,#4163,#1925,.T.);
#5041=EDGE_CURVE('',#4165,#4164,#1926,.T.);
#5042=EDGE_CURVE('',#4166,#4165,#1927,.T.);
#5043=EDGE_CURVE('',#4166,#4167,#1928,.T.);
#5044=EDGE_CURVE('',#4158,#4167,#1929,.T.);
#5045=EDGE_CURVE('',#4160,#4168,#1930,.T.);
#5046=EDGE_CURVE('',#4169,#4168,#1931,.T.);
#5047=EDGE_CURVE('',#4169,#4170,#1932,.T.);
#5048=EDGE_CURVE('',#4170,#4171,#1933,.T.);
#5049=EDGE_CURVE('',#4171,#4172,#1934,.T.);
#5050=EDGE_CURVE('',#4172,#4162,#1935,.T.);
#5051=EDGE_CURVE('',#4114,#4093,#1692,.T.);
#5052=EDGE_CURVE('',#4173,#4130,#1936,.T.);
#5053=EDGE_CURVE('',#4094,#4173,#1693,.T.);
#5054=EDGE_CURVE('',#4174,#4131,#1937,.T.);
#5055=EDGE_CURVE('',#4173,#4174,#1938,.T.);
#5056=EDGE_CURVE('',#4174,#4102,#1694,.T.);
#5057=EDGE_CURVE('',#4103,#4113,#1695,.T.);
#5058=EDGE_CURVE('',#4094,#4175,#1939,.T.);
#5059=EDGE_CURVE('',#4175,#4176,#1696,.T.);
#5060=EDGE_CURVE('',#4173,#4176,#1940,.T.);
#5061=EDGE_CURVE('',#4093,#4177,#1941,.T.);
#5062=EDGE_CURVE('',#4177,#4175,#1942,.T.);
#5063=EDGE_CURVE('',#4178,#4179,#1943,.T.);
#5064=EDGE_CURVE('',#4179,#4180,#1944,.T.);
#5065=EDGE_CURVE('',#4180,#4181,#1945,.T.);
#5066=EDGE_CURVE('',#4181,#4182,#1946,.T.);
#5067=EDGE_CURVE('',#4182,#4178,#1947,.T.);
#5068=EDGE_CURVE('',#4183,#4184,#1948,.T.);
#5069=EDGE_CURVE('',#4184,#4185,#1949,.T.);
#5070=EDGE_CURVE('',#4185,#4186,#1950,.T.);
#5071=EDGE_CURVE('',#4186,#4183,#1951,.T.);
#5072=EDGE_CURVE('',#4187,#4188,#1952,.T.);
#5073=EDGE_CURVE('',#4188,#4189,#1953,.T.);
#5074=EDGE_CURVE('',#4189,#4190,#1954,.T.);
#5075=EDGE_CURVE('',#4190,#4187,#1955,.T.);
#5076=EDGE_CURVE('',#4191,#4192,#1956,.T.);
#5077=EDGE_CURVE('',#4192,#4193,#1957,.T.);
#5078=EDGE_CURVE('',#4193,#4194,#1958,.T.);
#5079=EDGE_CURVE('',#4194,#4191,#1959,.T.);
#5080=EDGE_CURVE('',#4195,#4196,#1960,.T.);
#5081=EDGE_CURVE('',#4196,#4197,#1961,.T.);
#5082=EDGE_CURVE('',#4197,#4198,#1962,.T.);
#5083=EDGE_CURVE('',#4198,#4195,#1963,.T.);
#5084=EDGE_CURVE('',#4199,#4200,#1964,.T.);
#5085=EDGE_CURVE('',#4200,#4201,#1965,.T.);
#5086=EDGE_CURVE('',#4201,#4202,#1966,.T.);
#5087=EDGE_CURVE('',#4202,#4199,#1967,.T.);
#5088=EDGE_CURVE('',#4203,#4204,#1968,.T.);
#5089=EDGE_CURVE('',#4204,#4205,#1969,.T.);
#5090=EDGE_CURVE('',#4205,#4206,#1970,.T.);
#5091=EDGE_CURVE('',#4206,#4203,#1971,.T.);
#5092=EDGE_CURVE('',#4207,#4208,#1972,.T.);
#5093=EDGE_CURVE('',#4208,#4209,#1973,.T.);
#5094=EDGE_CURVE('',#4209,#4210,#1974,.T.);
#5095=EDGE_CURVE('',#4210,#4207,#1975,.T.);
#5096=EDGE_CURVE('',#4211,#4212,#1976,.T.);
#5097=EDGE_CURVE('',#4212,#4213,#1977,.T.);
#5098=EDGE_CURVE('',#4213,#4214,#1978,.T.);
#5099=EDGE_CURVE('',#4214,#4211,#1979,.T.);
#5100=EDGE_CURVE('',#4215,#4216,#1980,.T.);
#5101=EDGE_CURVE('',#4216,#4217,#1981,.T.);
#5102=EDGE_CURVE('',#4217,#4218,#1982,.T.);
#5103=EDGE_CURVE('',#4218,#4215,#1983,.T.);
#5104=EDGE_CURVE('',#4219,#4220,#1984,.T.);
#5105=EDGE_CURVE('',#4220,#4221,#1985,.T.);
#5106=EDGE_CURVE('',#4221,#4222,#1986,.T.);
#5107=EDGE_CURVE('',#4222,#4219,#1987,.T.);
#5108=EDGE_CURVE('',#4223,#4224,#1988,.T.);
#5109=EDGE_CURVE('',#4224,#4225,#1989,.T.);
#5110=EDGE_CURVE('',#4225,#4226,#1990,.T.);
#5111=EDGE_CURVE('',#4226,#4227,#1991,.T.);
#5112=EDGE_CURVE('',#4227,#4223,#1992,.T.);
#5113=EDGE_CURVE('',#4228,#4229,#1993,.T.);
#5114=EDGE_CURVE('',#4229,#4230,#1994,.T.);
#5115=EDGE_CURVE('',#4230,#4231,#1995,.T.);
#5116=EDGE_CURVE('',#4231,#4228,#1996,.T.);
#5117=EDGE_CURVE('',#4232,#4233,#1997,.T.);
#5118=EDGE_CURVE('',#4233,#4234,#1998,.T.);
#5119=EDGE_CURVE('',#4234,#4235,#1999,.T.);
#5120=EDGE_CURVE('',#4235,#4232,#2000,.T.);
#5121=EDGE_CURVE('',#4236,#4237,#2001,.T.);
#5122=EDGE_CURVE('',#4237,#4238,#2002,.T.);
#5123=EDGE_CURVE('',#4238,#4239,#2003,.T.);
#5124=EDGE_CURVE('',#4239,#4236,#2004,.T.);
#5125=EDGE_CURVE('',#4114,#4240,#2005,.T.);
#5126=EDGE_CURVE('',#4240,#4177,#1697,.T.);
#5127=EDGE_CURVE('',#4113,#4241,#2006,.T.);
#5128=EDGE_CURVE('',#4241,#4240,#2007,.T.);
#5129=EDGE_CURVE('',#4242,#4242,#1698,.T.);
#5130=EDGE_CURVE('',#4243,#4244,#2008,.T.);
#5131=EDGE_CURVE('',#4244,#4245,#2009,.T.);
#5132=EDGE_CURVE('',#4245,#4246,#2010,.T.);
#5133=EDGE_CURVE('',#4246,#4247,#2011,.T.);
#5134=EDGE_CURVE('',#4247,#4243,#2012,.T.);
#5135=EDGE_CURVE('',#4248,#4249,#2013,.T.);
#5136=EDGE_CURVE('',#4249,#4250,#2014,.T.);
#5137=EDGE_CURVE('',#4250,#4251,#2015,.T.);
#5138=EDGE_CURVE('',#4251,#4248,#2016,.T.);
#5139=EDGE_CURVE('',#4252,#4253,#2017,.T.);
#5140=EDGE_CURVE('',#4253,#4254,#2018,.T.);
#5141=EDGE_CURVE('',#4254,#4255,#2019,.T.);
#5142=EDGE_CURVE('',#4255,#4252,#2020,.T.);
#5143=EDGE_CURVE('',#4256,#4257,#2021,.T.);
#5144=EDGE_CURVE('',#4257,#4258,#2022,.T.);
#5145=EDGE_CURVE('',#4258,#4259,#2023,.T.);
#5146=EDGE_CURVE('',#4259,#4260,#2024,.T.);
#5147=EDGE_CURVE('',#4260,#4261,#2025,.T.);
#5148=EDGE_CURVE('',#4261,#4262,#2026,.T.);
#5149=EDGE_CURVE('',#4262,#4263,#2027,.T.);
#5150=EDGE_CURVE('',#4263,#4264,#2028,.T.);
#5151=EDGE_CURVE('',#4264,#4265,#2029,.T.);
#5152=EDGE_CURVE('',#4265,#4266,#2030,.T.);
#5153=EDGE_CURVE('',#4266,#4267,#2031,.T.);
#5154=EDGE_CURVE('',#4267,#4268,#2032,.T.);
#5155=EDGE_CURVE('',#4268,#4269,#2033,.T.);
#5156=EDGE_CURVE('',#4270,#4269,#2034,.T.);
#5157=EDGE_CURVE('',#4270,#4271,#2035,.T.);
#5158=EDGE_CURVE('',#4271,#4272,#2036,.T.);
#5159=EDGE_CURVE('',#4272,#4273,#2037,.T.);
#5160=EDGE_CURVE('',#4273,#4274,#2038,.T.);
#5161=EDGE_CURVE('',#4274,#4275,#2039,.T.);
#5162=EDGE_CURVE('',#4275,#4276,#2040,.T.);
#5163=EDGE_CURVE('',#4276,#4277,#2041,.T.);
#5164=EDGE_CURVE('',#4277,#4278,#2042,.T.);
#5165=EDGE_CURVE('',#4278,#4279,#2043,.T.);
#5166=EDGE_CURVE('',#4279,#4280,#2044,.T.);
#5167=EDGE_CURVE('',#4280,#4281,#2045,.T.);
#5168=EDGE_CURVE('',#4281,#4282,#2046,.T.);
#5169=EDGE_CURVE('',#4256,#4282,#2047,.T.);
#5170=EDGE_CURVE('',#4283,#4283,#1699,.T.);
#5171=EDGE_CURVE('',#4283,#4284,#2048,.T.);
#5172=EDGE_CURVE('',#4284,#4284,#1700,.T.);
#5173=EDGE_CURVE('',#4085,#4284,#2049,.T.);
#5174=EDGE_CURVE('',#4285,#4085,#1701,.T.);
#5175=EDGE_CURVE('',#4286,#4285,#2050,.T.);
#5176=EDGE_CURVE('',#4286,#4084,#1702,.T.);
#5177=EDGE_CURVE('',#4287,#4288,#1703,.T.);
#5178=EDGE_CURVE('',#4287,#4289,#2051,.T.);
#5179=EDGE_CURVE('',#4290,#4289,#1704,.T.);
#5180=EDGE_CURVE('',#4290,#4288,#2052,.T.);
#5181=EDGE_CURVE('',#4291,#4292,#1705,.T.);
#5182=EDGE_CURVE('',#4291,#4293,#2053,.T.);
#5183=EDGE_CURVE('',#4294,#4293,#1706,.T.);
#5184=EDGE_CURVE('',#4294,#4292,#2054,.T.);
#5185=EDGE_CURVE('',#4176,#4295,#2055,.T.);
#5186=EDGE_CURVE('',#4174,#4295,#2056,.T.);
#5187=EDGE_CURVE('',#4296,#4297,#2057,.T.);
#5188=EDGE_CURVE('',#4297,#4298,#2058,.T.);
#5189=EDGE_CURVE('',#4298,#4299,#2059,.T.);
#5190=EDGE_CURVE('',#4299,#4300,#2060,.T.);
#5191=EDGE_CURVE('',#4300,#4296,#2061,.T.);
#5192=EDGE_CURVE('',#4301,#4302,#2062,.T.);
#5193=EDGE_CURVE('',#4302,#4303,#2063,.T.);
#5194=EDGE_CURVE('',#4303,#4304,#2064,.T.);
#5195=EDGE_CURVE('',#4304,#4301,#2065,.T.);
#5196=EDGE_CURVE('',#4305,#4306,#2066,.T.);
#5197=EDGE_CURVE('',#4306,#4307,#2067,.T.);
#5198=EDGE_CURVE('',#4307,#4308,#2068,.T.);
#5199=EDGE_CURVE('',#4308,#4305,#2069,.T.);
#5200=EDGE_CURVE('',#4309,#4310,#2070,.T.);
#5201=EDGE_CURVE('',#4310,#4311,#2071,.T.);
#5202=EDGE_CURVE('',#4311,#4312,#2072,.T.);
#5203=EDGE_CURVE('',#4312,#4309,#2073,.T.);
#5204=EDGE_CURVE('',#4313,#4314,#2074,.T.);
#5205=EDGE_CURVE('',#4314,#4315,#2075,.T.);
#5206=EDGE_CURVE('',#4315,#4316,#2076,.T.);
#5207=EDGE_CURVE('',#4316,#4313,#2077,.T.);
#5208=EDGE_CURVE('',#4317,#4318,#2078,.T.);
#5209=EDGE_CURVE('',#4318,#4319,#2079,.T.);
#5210=EDGE_CURVE('',#4320,#4319,#2080,.F.);
#5211=EDGE_CURVE('',#4320,#4321,#2081,.T.);
#5212=EDGE_CURVE('',#4321,#4317,#2082,.T.);
#5213=EDGE_CURVE('',#4321,#4322,#2083,.T.);
#5214=EDGE_CURVE('',#4322,#4323,#2084,.T.);
#5215=EDGE_CURVE('',#4323,#4317,#2085,.T.);
#5216=EDGE_CURVE('',#4322,#4324,#2086,.T.);
#5217=EDGE_CURVE('',#4324,#4325,#2087,.T.);
#5218=EDGE_CURVE('',#4325,#4323,#2088,.T.);
#5219=EDGE_CURVE('',#4317,#4326,#2089,.T.);
#5220=EDGE_CURVE('',#4326,#4327,#2090,.T.);
#5221=EDGE_CURVE('',#4318,#4327,#2091,.T.);
#5222=EDGE_CURVE('',#4323,#4328,#2092,.T.);
#5223=EDGE_CURVE('',#4328,#4326,#2093,.T.);
#5224=EDGE_CURVE('',#4329,#4329,#1707,.T.);
#5225=EDGE_CURVE('',#4330,#4330,#1708,.T.);
#5226=EDGE_CURVE('',#4325,#4331,#2094,.T.);
#5227=EDGE_CURVE('',#4331,#4328,#2095,.T.);
#5228=EDGE_CURVE('',#4332,#4333,#35,.T.);
#5229=EDGE_CURVE('',#4334,#4332,#1709,.T.);
#5230=EDGE_CURVE('',#4335,#4334,#36,.T.);
#5231=EDGE_CURVE('',#4336,#4335,#37,.T.);
#5232=EDGE_CURVE('',#4337,#4336,#1710,.T.);
#5233=EDGE_CURVE('',#4333,#4337,#38,.T.);
#5234=EDGE_CURVE('',#4338,#4339,#39,.T.);
#5235=EDGE_CURVE('',#4340,#4338,#1711,.T.);
#5236=EDGE_CURVE('',#4341,#4340,#40,.T.);
#5237=EDGE_CURVE('',#4342,#4341,#41,.T.);
#5238=EDGE_CURVE('',#4343,#4342,#1712,.T.);
#5239=EDGE_CURVE('',#4339,#4343,#42,.T.);
#5240=EDGE_CURVE('',#4344,#4343,#2096,.T.);
#5241=EDGE_CURVE('',#4345,#4344,#2097,.F.);
#5242=EDGE_CURVE('',#4339,#4345,#2098,.T.);
#5243=EDGE_CURVE('',#4346,#4341,#2099,.T.);
#5244=EDGE_CURVE('',#4347,#4346,#2100,.F.);
#5245=EDGE_CURVE('',#4342,#4347,#2101,.T.);
#5246=EDGE_CURVE('',#4338,#4348,#2102,.T.);
#5247=EDGE_CURVE('',#4348,#4294,#2103,.T.);
#5248=EDGE_CURVE('',#4293,#4349,#2104,.T.);
#5249=EDGE_CURVE('',#4349,#4340,#2105,.T.);
#5250=EDGE_CURVE('',#4348,#4345,#2106,.F.);
#5251=EDGE_CURVE('',#4346,#4349,#2107,.F.);
#5252=EDGE_CURVE('',#4350,#4337,#2108,.T.);
#5253=EDGE_CURVE('',#4351,#4350,#2109,.F.);
#5254=EDGE_CURVE('',#4333,#4351,#2110,.T.);
#5255=EDGE_CURVE('',#4352,#4335,#2111,.T.);
#5256=EDGE_CURVE('',#4353,#4352,#2112,.F.);
#5257=EDGE_CURVE('',#4336,#4353,#2113,.T.);
#5258=EDGE_CURVE('',#4332,#4354,#2114,.T.);
#5259=EDGE_CURVE('',#4354,#4290,#2115,.T.);
#5260=EDGE_CURVE('',#4289,#4355,#2116,.T.);
#5261=EDGE_CURVE('',#4355,#4334,#2117,.T.);
#5262=EDGE_CURVE('',#4354,#4351,#2118,.F.);
#5263=EDGE_CURVE('',#4352,#4355,#2119,.F.);
#5264=EDGE_CURVE('',#4086,#4356,#33,.T.);
#5265=EDGE_CURVE('',#4357,#4286,#2120,.T.);
#5266=EDGE_CURVE('',#4356,#4357,#1713,.T.);
#5267=EDGE_CURVE('',#4358,#4356,#2121,.T.);
#5268=EDGE_CURVE('',#4359,#4358,#2122,.T.);
#5269=EDGE_CURVE('',#4086,#4359,#2123,.T.);
#5270=EDGE_CURVE('',#4360,#4361,#2124,.T.);
#5271=EDGE_CURVE('',#4357,#4360,#2125,.T.);
#5272=EDGE_CURVE('',#4361,#4286,#2126,.T.);
#5273=EDGE_CURVE('',#4087,#4362,#2127,.T.);
#5274=EDGE_CURVE('',#4359,#4362,#2128,.T.);
#5275=EDGE_CURVE('',#4363,#4285,#2129,.T.);
#5276=EDGE_CURVE('',#4361,#4363,#2130,.T.);
#5277=EDGE_CURVE('',#4364,#4363,#2131,.T.);
#5278=EDGE_CURVE('',#4319,#4364,#2132,.F.);
#5279=EDGE_CURVE('',#4327,#4360,#2133,.T.);
#5280=EDGE_CURVE('',#4365,#4365,#1714,.T.);
#5281=EDGE_CURVE('',#4365,#4366,#2134,.T.);
#5282=EDGE_CURVE('',#4367,#4366,#1715,.T.);
#5283=EDGE_CURVE('',#4366,#4367,#1716,.T.);
#5284=EDGE_CURVE('',#4367,#4329,#2135,.T.);
#5285=EDGE_CURVE('',#4368,#4368,#1717,.T.);
#5286=EDGE_CURVE('',#4368,#4369,#2136,.T.);
#5287=EDGE_CURVE('',#4370,#4369,#1718,.T.);
#5288=EDGE_CURVE('',#4369,#4370,#1719,.T.);
#5289=EDGE_CURVE('',#4370,#4330,#2137,.T.);
#5290=EDGE_CURVE('',#4358,#4331,#2138,.T.);
#5291=EDGE_CURVE('',#4362,#4324,#2139,.T.);
#5292=EDGE_CURVE('',#4347,#4291,#2140,.T.);
#5293=EDGE_CURVE('',#4292,#4344,#2141,.T.);
#5294=EDGE_CURVE('',#4353,#4287,#2142,.T.);
#5295=EDGE_CURVE('',#4288,#4350,#2143,.T.);
#5296=EDGE_CURVE('',#4282,#4371,#2144,.F.);
#5297=EDGE_CURVE('',#4371,#4372,#2145,.T.);
#5298=EDGE_CURVE('',#4372,#4256,#2146,.F.);
#5299=EDGE_CURVE('',#4373,#4371,#2147,.T.);
#5300=EDGE_CURVE('',#4374,#4373,#2148,.T.);
#5301=EDGE_CURVE('',#4374,#4372,#2149,.T.);
#5302=EDGE_CURVE('',#4269,#4375,#2150,.F.);
#5303=EDGE_CURVE('',#4375,#4376,#2151,.T.);
#5304=EDGE_CURVE('',#4376,#4270,#2152,.F.);
#5305=EDGE_CURVE('',#4377,#4375,#2153,.T.);
#5306=EDGE_CURVE('',#4378,#4377,#2154,.T.);
#5307=EDGE_CURVE('',#4378,#4376,#2155,.T.);
#5308=EDGE_CURVE('',#4379,#4380,#2156,.T.);
#5309=EDGE_CURVE('',#4380,#4381,#2157,.T.);
#5310=EDGE_CURVE('',#4381,#4382,#2158,.T.);
#5311=EDGE_CURVE('',#4382,#4379,#2159,.T.);
#5312=EDGE_CURVE('',#4382,#4383,#2160,.T.);
#5313=EDGE_CURVE('',#4383,#4384,#2161,.T.);
#5314=EDGE_CURVE('',#4384,#4379,#2162,.T.);
#5315=EDGE_CURVE('',#4383,#4385,#2163,.T.);
#5316=EDGE_CURVE('',#4385,#4386,#2164,.T.);
#5317=EDGE_CURVE('',#4387,#4386,#2165,.F.);
#5318=EDGE_CURVE('',#4387,#4384,#2166,.T.);
#5319=EDGE_CURVE('',#4379,#4388,#2167,.T.);
#5320=EDGE_CURVE('',#4389,#4388,#2168,.T.);
#5321=EDGE_CURVE('',#4380,#4389,#2169,.T.);
#5322=EDGE_CURVE('',#4384,#4390,#2170,.T.);
#5323=EDGE_CURVE('',#4388,#4390,#2171,.T.);
#5324=EDGE_CURVE('',#4391,#4391,#1720,.T.);
#5325=EDGE_CURVE('',#4392,#4392,#1721,.T.);
#5326=EDGE_CURVE('',#4387,#4393,#2172,.T.);
#5327=EDGE_CURVE('',#4390,#4393,#2173,.T.);
#5328=EDGE_CURVE('',#4242,#4394,#2174,.T.);
#5329=EDGE_CURVE('',#4394,#4394,#1722,.T.);
#5330=EDGE_CURVE('',#4395,#4395,#1723,.T.);
#5331=EDGE_CURVE('',#4395,#4394,#2175,.T.);
#5332=EDGE_CURVE('',#4396,#4374,#2176,.T.);
#5333=EDGE_CURVE('',#4396,#4257,#2177,.T.);
#5334=EDGE_CURVE('',#4397,#4396,#2178,.T.);
#5335=EDGE_CURVE('',#4397,#4258,#2179,.T.);
#5336=EDGE_CURVE('',#4398,#4399,#2180,.T.);
#5337=EDGE_CURVE('',#4398,#4268,#2181,.T.);
#5338=EDGE_CURVE('',#4399,#4267,#2182,.T.);
#5339=EDGE_CURVE('',#4377,#4398,#2183,.T.);
#5340=EDGE_CURVE('',#4400,#4378,#2184,.T.);
#5341=EDGE_CURVE('',#4400,#4271,#2185,.T.);
#5342=EDGE_CURVE('',#4401,#4400,#2186,.T.);
#5343=EDGE_CURVE('',#4401,#4272,#2187,.T.);
#5344=EDGE_CURVE('',#4373,#4402,#2188,.T.);
#5345=EDGE_CURVE('',#4402,#4281,#2189,.T.);
#5346=EDGE_CURVE('',#4403,#4266,#2190,.T.);
#5347=EDGE_CURVE('',#4265,#4404,#2191,.T.);
#5348=EDGE_CURVE('',#4405,#4404,#2192,.T.);
#5349=EDGE_CURVE('',#4405,#4406,#2193,.T.);
#5350=EDGE_CURVE('',#4406,#4403,#2194,.T.);
#5351=EDGE_CURVE('',#4273,#4407,#2195,.T.);
#5352=EDGE_CURVE('',#4407,#4408,#2196,.T.);
#5353=EDGE_CURVE('',#4408,#4409,#2197,.T.);
#5354=EDGE_CURVE('',#4410,#4409,#2198,.T.);
#5355=EDGE_CURVE('',#4274,#4410,#2199,.T.);
#5356=EDGE_CURVE('',#4263,#4411,#2200,.T.);
#5357=EDGE_CURVE('',#4411,#4412,#2201,.T.);
#5358=EDGE_CURVE('',#4412,#4413,#2202,.T.);
#5359=EDGE_CURVE('',#4414,#4413,#2203,.T.);
#5360=EDGE_CURVE('',#4264,#4414,#2204,.T.);
#5361=EDGE_CURVE('',#4415,#4262,#2205,.T.);
#5362=EDGE_CURVE('',#4261,#4416,#2206,.T.);
#5363=EDGE_CURVE('',#4417,#4416,#2207,.T.);
#5364=EDGE_CURVE('',#4417,#4418,#2208,.T.);
#5365=EDGE_CURVE('',#4418,#4415,#2209,.T.);
#5366=EDGE_CURVE('',#4277,#4419,#2210,.T.);
#5367=EDGE_CURVE('',#4419,#4420,#2211,.T.);
#5368=EDGE_CURVE('',#4420,#4421,#2212,.T.);
#5369=EDGE_CURVE('',#4422,#4421,#2213,.T.);
#5370=EDGE_CURVE('',#4278,#4422,#2214,.T.);
#5371=EDGE_CURVE('',#4423,#4280,#2215,.T.);
#5372=EDGE_CURVE('',#4279,#4424,#2216,.T.);
#5373=EDGE_CURVE('',#4425,#4424,#2217,.T.);
#5374=EDGE_CURVE('',#4425,#4426,#2218,.T.);
#5375=EDGE_CURVE('',#4426,#4423,#2219,.T.);
#5376=EDGE_CURVE('',#4259,#4427,#2220,.T.);
#5377=EDGE_CURVE('',#4427,#4428,#2221,.T.);
#5378=EDGE_CURVE('',#4428,#4429,#2222,.T.);
#5379=EDGE_CURVE('',#4430,#4429,#2223,.T.);
#5380=EDGE_CURVE('',#4260,#4430,#2224,.T.);
#5381=EDGE_CURVE('',#4407,#4431,#2225,.T.);
#5382=EDGE_CURVE('',#4432,#4401,#2226,.T.);
#5383=EDGE_CURVE('',#4432,#4433,#2227,.T.);
#5384=EDGE_CURVE('',#4419,#4433,#2228,.T.);
#5385=EDGE_CURVE('',#4431,#4276,#2229,.T.);
#5386=EDGE_CURVE('',#4399,#4397,#2230,.T.);
#5387=EDGE_CURVE('',#4411,#4403,#2231,.T.);
#5388=EDGE_CURVE('',#4427,#4415,#2232,.T.);
#5389=EDGE_CURVE('',#4434,#4435,#2233,.T.);
#5390=EDGE_CURVE('',#4409,#4434,#2234,.T.);
#5391=EDGE_CURVE('',#4435,#4408,#2235,.T.);
#5392=EDGE_CURVE('',#4436,#4437,#2236,.T.);
#5393=EDGE_CURVE('',#4438,#4436,#2237,.T.);
#5394=EDGE_CURVE('',#4438,#4439,#2238,.T.);
#5395=EDGE_CURVE('',#4437,#4439,#2239,.T.);
#5396=EDGE_CURVE('',#4440,#4441,#2240,.T.);
#5397=EDGE_CURVE('',#4442,#4440,#2241,.T.);
#5398=EDGE_CURVE('',#4442,#4443,#2242,.T.);
#5399=EDGE_CURVE('',#4441,#4443,#2243,.T.);
#5400=EDGE_CURVE('',#4406,#4412,#2244,.T.);
#5401=EDGE_CURVE('',#4413,#4405,#2245,.T.);
#5402=EDGE_CURVE('',#4429,#4417,#2246,.T.);
#5403=EDGE_CURVE('',#4418,#4428,#2247,.T.);
#5404=EDGE_CURVE('',#4437,#4444,#2248,.T.);
#5405=EDGE_CURVE('',#4439,#4444,#2249,.T.);
#5406=EDGE_CURVE('',#4441,#4445,#2250,.T.);
#5407=EDGE_CURVE('',#4443,#4445,#2251,.T.);
#5408=EDGE_CURVE('',#4435,#4431,#2252,.T.);
#5409=EDGE_CURVE('',#4433,#4423,#2253,.T.);
#5410=EDGE_CURVE('',#4426,#4420,#2254,.T.);
#5411=EDGE_CURVE('',#4445,#4446,#2255,.T.);
#5412=EDGE_CURVE('',#4446,#4442,#2256,.T.);
#5413=EDGE_CURVE('',#4402,#4432,#2257,.T.);
#5414=EDGE_CURVE('',#4444,#4447,#2258,.T.);
#5415=EDGE_CURVE('',#4447,#4438,#2259,.T.);
#5416=EDGE_CURVE('',#4421,#4425,#2260,.T.);
#5417=EDGE_CURVE('',#4275,#4448,#2261,.T.);
#5418=EDGE_CURVE('',#4434,#4448,#2262,.T.);
#5419=EDGE_CURVE('',#4449,#4446,#2263,.T.);
#5420=EDGE_CURVE('',#4244,#4449,#2264,.T.);
#5421=EDGE_CURVE('',#4243,#4450,#2265,.T.);
#5422=EDGE_CURVE('',#4440,#4450,#2266,.T.);
#5423=EDGE_CURVE('',#4451,#4175,#1724,.T.);
#5424=EDGE_CURVE('',#4452,#4451,#1725,.T.);
#5425=EDGE_CURVE('',#4452,#4176,#1726,.T.);
#5426=EDGE_CURVE('',#4453,#4452,#2267,.T.);
#5427=EDGE_CURVE('',#4453,#4295,#1727,.T.);
#5428=EDGE_CURVE('',#4295,#4454,#1728,.T.);
#5429=EDGE_CURVE('',#4455,#4453,#1729,.T.);
#5430=EDGE_CURVE('',#4455,#4454,#1730,.T.);
#5431=EDGE_CURVE('',#4454,#4456,#2268,.T.);
#5432=EDGE_CURVE('',#4457,#4455,#2269,.T.);
#5433=EDGE_CURVE('',#4457,#4456,#1731,.T.);
#5434=EDGE_CURVE('',#4456,#4241,#1732,.T.);
#5435=EDGE_CURVE('',#4458,#4457,#1733,.T.);
#5436=EDGE_CURVE('',#4458,#4241,#1734,.T.);
#5437=EDGE_CURVE('',#4459,#4177,#1735,.T.);
#5438=EDGE_CURVE('',#4451,#4459,#2270,.T.);
#5439=EDGE_CURVE('',#4460,#4240,#1736,.T.);
#5440=EDGE_CURVE('',#4459,#4460,#1737,.T.);
#5441=EDGE_CURVE('',#4460,#4458,#2271,.T.);
#5442=EDGE_CURVE('',#4461,#4462,#1738,.T.);
#5443=EDGE_CURVE('',#4452,#4461,#2272,.T.);
#5444=EDGE_CURVE('',#4451,#4462,#2273,.T.);
#5445=EDGE_CURVE('',#4463,#4461,#2274,.T.);
#5446=EDGE_CURVE('',#4453,#4463,#2275,.T.);
#5447=EDGE_CURVE('',#4462,#4464,#2276,.T.);
#5448=EDGE_CURVE('',#4459,#4464,#2277,.T.);
#5449=EDGE_CURVE('',#4465,#4463,#1739,.T.);
#5450=EDGE_CURVE('',#4455,#4465,#2278,.T.);
#5451=EDGE_CURVE('',#4102,#4454,#2279,.T.);
#5452=EDGE_CURVE('',#4464,#4466,#1740,.T.);
#5453=EDGE_CURVE('',#4460,#4466,#2280,.T.);
#5454=EDGE_CURVE('',#4467,#4465,#2281,.T.);
#5455=EDGE_CURVE('',#4457,#4467,#2282,.T.);
#5456=EDGE_CURVE('',#4103,#4456,#2283,.T.);
#5457=EDGE_CURVE('',#4468,#4469,#2284,.T.);
#5458=EDGE_CURVE('',#4469,#4470,#2285,.T.);
#5459=EDGE_CURVE('',#4470,#4471,#2286,.T.);
#5460=EDGE_CURVE('',#4471,#4468,#2287,.T.);
#5461=EDGE_CURVE('',#4472,#4473,#2288,.T.);
#5462=EDGE_CURVE('',#4473,#4474,#2289,.T.);
#5463=EDGE_CURVE('',#4474,#4475,#2290,.T.);
#5464=EDGE_CURVE('',#4475,#4472,#2291,.T.);
#5465=EDGE_CURVE('',#4476,#4477,#2292,.T.);
#5466=EDGE_CURVE('',#4477,#4478,#2293,.T.);
#5467=EDGE_CURVE('',#4478,#4479,#2294,.T.);
#5468=EDGE_CURVE('',#4479,#4476,#2295,.T.);
#5469=EDGE_CURVE('',#4480,#4481,#2296,.T.);
#5470=EDGE_CURVE('',#4481,#4482,#2297,.T.);
#5471=EDGE_CURVE('',#4482,#4483,#2298,.T.);
#5472=EDGE_CURVE('',#4483,#4484,#2299,.T.);
#5473=EDGE_CURVE('',#4484,#4480,#2300,.T.);
#5474=EDGE_CURVE('',#4485,#4486,#2301,.T.);
#5475=EDGE_CURVE('',#4486,#4487,#2302,.T.);
#5476=EDGE_CURVE('',#4487,#4488,#2303,.T.);
#5477=EDGE_CURVE('',#4488,#4485,#2304,.T.);
#5478=EDGE_CURVE('',#4489,#4490,#2305,.T.);
#5479=EDGE_CURVE('',#4490,#4491,#2306,.T.);
#5480=EDGE_CURVE('',#4491,#4492,#2307,.T.);
#5481=EDGE_CURVE('',#4492,#4489,#2308,.T.);
#5482=EDGE_CURVE('',#4493,#4494,#2309,.T.);
#5483=EDGE_CURVE('',#4494,#4495,#2310,.T.);
#5484=EDGE_CURVE('',#4495,#4496,#2311,.T.);
#5485=EDGE_CURVE('',#4496,#4493,#2312,.T.);
#5486=EDGE_CURVE('',#4497,#4498,#2313,.T.);
#5487=EDGE_CURVE('',#4498,#4499,#2314,.T.);
#5488=EDGE_CURVE('',#4499,#4500,#2315,.T.);
#5489=EDGE_CURVE('',#4500,#4497,#2316,.T.);
#5490=EDGE_CURVE('',#4501,#4502,#2317,.T.);
#5491=EDGE_CURVE('',#4502,#4503,#2318,.T.);
#5492=EDGE_CURVE('',#4503,#4504,#2319,.T.);
#5493=EDGE_CURVE('',#4504,#4501,#2320,.T.);
#5494=EDGE_CURVE('',#4505,#4506,#2321,.T.);
#5495=EDGE_CURVE('',#4506,#4507,#2322,.T.);
#5496=EDGE_CURVE('',#4507,#4508,#2323,.T.);
#5497=EDGE_CURVE('',#4508,#4505,#2324,.T.);
#5498=EDGE_CURVE('',#4509,#4510,#2325,.T.);
#5499=EDGE_CURVE('',#4510,#4511,#2326,.T.);
#5500=EDGE_CURVE('',#4511,#4512,#2327,.T.);
#5501=EDGE_CURVE('',#4512,#4509,#2328,.T.);
#5502=EDGE_CURVE('',#4513,#4514,#2329,.T.);
#5503=EDGE_CURVE('',#4514,#4515,#2330,.T.);
#5504=EDGE_CURVE('',#4515,#4516,#2331,.T.);
#5505=EDGE_CURVE('',#4516,#4513,#2332,.T.);
#5506=EDGE_CURVE('',#4517,#4518,#2333,.T.);
#5507=EDGE_CURVE('',#4518,#4519,#2334,.T.);
#5508=EDGE_CURVE('',#4519,#4520,#2335,.T.);
#5509=EDGE_CURVE('',#4520,#4517,#2336,.T.);
#5510=EDGE_CURVE('',#4521,#4522,#2337,.T.);
#5511=EDGE_CURVE('',#4522,#4523,#2338,.T.);
#5512=EDGE_CURVE('',#4523,#4524,#2339,.T.);
#5513=EDGE_CURVE('',#4524,#4521,#2340,.T.);
#5514=EDGE_CURVE('',#4525,#4526,#2341,.T.);
#5515=EDGE_CURVE('',#4526,#4527,#2342,.T.);
#5516=EDGE_CURVE('',#4527,#4528,#2343,.T.);
#5517=EDGE_CURVE('',#4528,#4529,#2344,.T.);
#5518=EDGE_CURVE('',#4529,#4525,#2345,.T.);
#5519=EDGE_CURVE('',#4466,#4530,#2346,.T.);
#5520=EDGE_CURVE('',#4458,#4530,#2347,.T.);
#5521=EDGE_CURVE('',#4530,#4467,#1741,.T.);
#5522=EDGE_CURVE('',#4470,#4531,#2348,.T.);
#5523=EDGE_CURVE('',#4532,#4531,#2349,.T.);
#5524=EDGE_CURVE('',#4471,#4532,#2350,.T.);
#5525=EDGE_CURVE('',#4533,#4238,#2351,.T.);
#5526=EDGE_CURVE('',#4534,#4533,#2352,.T.);
#5527=EDGE_CURVE('',#4534,#4239,#2353,.T.);
#5528=EDGE_CURVE('',#4535,#4532,#2354,.T.);
#5529=EDGE_CURVE('',#4468,#4535,#2355,.T.);
#5530=EDGE_CURVE('',#4469,#4536,#2356,.T.);
#5531=EDGE_CURVE('',#4531,#4536,#2357,.T.);
#5532=EDGE_CURVE('',#4537,#4534,#2358,.T.);
#5533=EDGE_CURVE('',#4537,#4236,#2359,.T.);
#5534=EDGE_CURVE('',#4536,#4535,#2360,.T.);
#5535=EDGE_CURVE('',#4538,#4537,#2361,.T.);
#5536=EDGE_CURVE('',#4538,#4237,#2362,.T.);
#5537=EDGE_CURVE('',#4533,#4538,#2363,.T.);
#5538=EDGE_CURVE('',#4474,#4539,#2364,.T.);
#5539=EDGE_CURVE('',#4540,#4539,#2365,.T.);
#5540=EDGE_CURVE('',#4475,#4540,#2366,.T.);
#5541=EDGE_CURVE('',#4541,#4234,#2367,.T.);
#5542=EDGE_CURVE('',#4542,#4541,#2368,.T.);
#5543=EDGE_CURVE('',#4542,#4235,#2369,.T.);
#5544=EDGE_CURVE('',#4543,#4540,#2370,.T.);
#5545=EDGE_CURVE('',#4472,#4543,#2371,.T.);
#5546=EDGE_CURVE('',#4473,#4544,#2372,.T.);
#5547=EDGE_CURVE('',#4539,#4544,#2373,.T.);
#5548=EDGE_CURVE('',#4545,#4542,#2374,.T.);
#5549=EDGE_CURVE('',#4545,#4232,#2375,.T.);
#5550=EDGE_CURVE('',#4544,#4543,#2376,.T.);
#5551=EDGE_CURVE('',#4546,#4545,#2377,.T.);
#5552=EDGE_CURVE('',#4546,#4233,#2378,.T.);
#5553=EDGE_CURVE('',#4541,#4546,#2379,.T.);
#5554=EDGE_CURVE('',#4478,#4547,#2380,.T.);
#5555=EDGE_CURVE('',#4548,#4547,#2381,.T.);
#5556=EDGE_CURVE('',#4479,#4548,#2382,.T.);
#5557=EDGE_CURVE('',#4549,#4230,#2383,.T.);
#5558=EDGE_CURVE('',#4550,#4549,#2384,.T.);
#5559=EDGE_CURVE('',#4550,#4231,#2385,.T.);
#5560=EDGE_CURVE('',#4551,#4548,#2386,.T.);
#5561=EDGE_CURVE('',#4476,#4551,#2387,.T.);
#5562=EDGE_CURVE('',#4477,#4552,#2388,.T.);
#5563=EDGE_CURVE('',#4547,#4552,#2389,.T.);
#5564=EDGE_CURVE('',#4553,#4550,#2390,.T.);
#5565=EDGE_CURVE('',#4553,#4228,#2391,.T.);
#5566=EDGE_CURVE('',#4552,#4551,#2392,.T.);
#5567=EDGE_CURVE('',#4554,#4553,#2393,.T.);
#5568=EDGE_CURVE('',#4554,#4229,#2394,.T.);
#5569=EDGE_CURVE('',#4549,#4554,#2395,.T.);
#5570=EDGE_CURVE('',#4483,#4555,#2396,.T.);
#5571=EDGE_CURVE('',#4556,#4555,#2397,.T.);
#5572=EDGE_CURVE('',#4484,#4556,#2398,.T.);
#5573=EDGE_CURVE('',#4482,#4557,#2399,.T.);
#5574=EDGE_CURVE('',#4555,#4557,#2400,.T.);
#5575=EDGE_CURVE('',#4558,#4226,#2401,.T.);
#5576=EDGE_CURVE('',#4559,#4558,#2402,.T.);
#5577=EDGE_CURVE('',#4559,#4227,#2403,.T.);
#5578=EDGE_CURVE('',#4560,#4556,#2404,.T.);
#5579=EDGE_CURVE('',#4480,#4560,#2405,.T.);
#5580=EDGE_CURVE('',#4481,#4561,#2406,.T.);
#5581=EDGE_CURVE('',#4557,#4561,#2407,.T.);
#5582=EDGE_CURVE('',#4562,#4559,#2408,.T.);
#5583=EDGE_CURVE('',#4562,#4223,#2409,.T.);
#5584=EDGE_CURVE('',#4561,#4560,#2410,.T.);
#5585=EDGE_CURVE('',#4563,#4562,#2411,.T.);
#5586=EDGE_CURVE('',#4563,#4224,#2412,.T.);
#5587=EDGE_CURVE('',#4564,#4563,#2413,.T.);
#5588=EDGE_CURVE('',#4564,#4225,#2414,.T.);
#5589=EDGE_CURVE('',#4558,#4564,#2415,.T.);
#5590=EDGE_CURVE('',#4487,#4565,#2416,.T.);
#5591=EDGE_CURVE('',#4566,#4565,#2417,.T.);
#5592=EDGE_CURVE('',#4488,#4566,#2418,.T.);
#5593=EDGE_CURVE('',#4567,#4221,#2419,.T.);
#5594=EDGE_CURVE('',#4568,#4567,#2420,.T.);
#5595=EDGE_CURVE('',#4568,#4222,#2421,.T.);
#5596=EDGE_CURVE('',#4569,#4566,#2422,.T.);
#5597=EDGE_CURVE('',#4485,#4569,#2423,.T.);
#5598=EDGE_CURVE('',#4486,#4570,#2424,.T.);
#5599=EDGE_CURVE('',#4565,#4570,#2425,.T.);
#5600=EDGE_CURVE('',#4571,#4568,#2426,.T.);
#5601=EDGE_CURVE('',#4571,#4219,#2427,.T.);
#5602=EDGE_CURVE('',#4570,#4569,#2428,.T.);
#5603=EDGE_CURVE('',#4572,#4571,#2429,.T.);
#5604=EDGE_CURVE('',#4572,#4220,#2430,.T.);
#5605=EDGE_CURVE('',#4567,#4572,#2431,.T.);
#5606=EDGE_CURVE('',#4491,#4573,#2432,.T.);
#5607=EDGE_CURVE('',#4574,#4573,#2433,.T.);
#5608=EDGE_CURVE('',#4492,#4574,#2434,.T.);
#5609=EDGE_CURVE('',#4575,#4217,#2435,.T.);
#5610=EDGE_CURVE('',#4576,#4575,#2436,.T.);
#5611=EDGE_CURVE('',#4576,#4218,#2437,.T.);
#5612=EDGE_CURVE('',#4577,#4574,#2438,.T.);
#5613=EDGE_CURVE('',#4489,#4577,#2439,.T.);
#5614=EDGE_CURVE('',#4490,#4578,#2440,.T.);
#5615=EDGE_CURVE('',#4573,#4578,#2441,.T.);
#5616=EDGE_CURVE('',#4579,#4576,#2442,.T.);
#5617=EDGE_CURVE('',#4579,#4215,#2443,.T.);
#5618=EDGE_CURVE('',#4578,#4577,#2444,.T.);
#5619=EDGE_CURVE('',#4580,#4579,#2445,.T.);
#5620=EDGE_CURVE('',#4580,#4216,#2446,.T.);
#5621=EDGE_CURVE('',#4575,#4580,#2447,.T.);
#5622=EDGE_CURVE('',#4495,#4581,#2448,.T.);
#5623=EDGE_CURVE('',#4582,#4581,#2449,.T.);
#5624=EDGE_CURVE('',#4496,#4582,#2450,.T.);
#5625=EDGE_CURVE('',#4583,#4213,#2451,.T.);
#5626=EDGE_CURVE('',#4584,#4583,#2452,.T.);
#5627=EDGE_CURVE('',#4584,#4214,#2453,.T.);
#5628=EDGE_CURVE('',#4585,#4582,#2454,.T.);
#5629=EDGE_CURVE('',#4493,#4585,#2455,.T.);
#5630=EDGE_CURVE('',#4494,#4586,#2456,.T.);
#5631=EDGE_CURVE('',#4581,#4586,#2457,.T.);
#5632=EDGE_CURVE('',#4587,#4584,#2458,.T.);
#5633=EDGE_CURVE('',#4587,#4211,#2459,.T.);
#5634=EDGE_CURVE('',#4586,#4585,#2460,.T.);
#5635=EDGE_CURVE('',#4588,#4587,#2461,.T.);
#5636=EDGE_CURVE('',#4588,#4212,#2462,.T.);
#5637=EDGE_CURVE('',#4583,#4588,#2463,.T.);
#5638=EDGE_CURVE('',#4499,#4589,#2464,.T.);
#5639=EDGE_CURVE('',#4590,#4589,#2465,.T.);
#5640=EDGE_CURVE('',#4500,#4590,#2466,.T.);
#5641=EDGE_CURVE('',#4591,#4209,#2467,.T.);
#5642=EDGE_CURVE('',#4592,#4591,#2468,.T.);
#5643=EDGE_CURVE('',#4592,#4210,#2469,.T.);
#5644=EDGE_CURVE('',#4593,#4590,#2470,.T.);
#5645=EDGE_CURVE('',#4497,#4593,#2471,.T.);
#5646=EDGE_CURVE('',#4498,#4594,#2472,.T.);
#5647=EDGE_CURVE('',#4589,#4594,#2473,.T.);
#5648=EDGE_CURVE('',#4595,#4592,#2474,.T.);
#5649=EDGE_CURVE('',#4595,#4207,#2475,.T.);
#5650=EDGE_CURVE('',#4594,#4593,#2476,.T.);
#5651=EDGE_CURVE('',#4596,#4595,#2477,.T.);
#5652=EDGE_CURVE('',#4596,#4208,#2478,.T.);
#5653=EDGE_CURVE('',#4591,#4596,#2479,.T.);
#5654=EDGE_CURVE('',#4503,#4597,#2480,.T.);
#5655=EDGE_CURVE('',#4598,#4597,#2481,.T.);
#5656=EDGE_CURVE('',#4504,#4598,#2482,.T.);
#5657=EDGE_CURVE('',#4599,#4205,#2483,.T.);
#5658=EDGE_CURVE('',#4600,#4599,#2484,.T.);
#5659=EDGE_CURVE('',#4600,#4206,#2485,.T.);
#5660=EDGE_CURVE('',#4601,#4598,#2486,.T.);
#5661=EDGE_CURVE('',#4501,#4601,#2487,.T.);
#5662=EDGE_CURVE('',#4502,#4602,#2488,.T.);
#5663=EDGE_CURVE('',#4597,#4602,#2489,.T.);
#5664=EDGE_CURVE('',#4603,#4600,#2490,.T.);
#5665=EDGE_CURVE('',#4603,#4203,#2491,.T.);
#5666=EDGE_CURVE('',#4602,#4601,#2492,.T.);
#5667=EDGE_CURVE('',#4604,#4603,#2493,.T.);
#5668=EDGE_CURVE('',#4604,#4204,#2494,.T.);
#5669=EDGE_CURVE('',#4599,#4604,#2495,.T.);
#5670=EDGE_CURVE('',#4507,#4605,#2496,.T.);
#5671=EDGE_CURVE('',#4606,#4605,#2497,.T.);
#5672=EDGE_CURVE('',#4508,#4606,#2498,.T.);
#5673=EDGE_CURVE('',#4607,#4201,#2499,.T.);
#5674=EDGE_CURVE('',#4608,#4607,#2500,.T.);
#5675=EDGE_CURVE('',#4608,#4202,#2501,.T.);
#5676=EDGE_CURVE('',#4609,#4606,#2502,.T.);
#5677=EDGE_CURVE('',#4505,#4609,#2503,.T.);
#5678=EDGE_CURVE('',#4506,#4610,#2504,.T.);
#5679=EDGE_CURVE('',#4605,#4610,#2505,.T.);
#5680=EDGE_CURVE('',#4611,#4608,#2506,.T.);
#5681=EDGE_CURVE('',#4611,#4199,#2507,.T.);
#5682=EDGE_CURVE('',#4610,#4609,#2508,.T.);
#5683=EDGE_CURVE('',#4612,#4611,#2509,.T.);
#5684=EDGE_CURVE('',#4612,#4200,#2510,.T.);
#5685=EDGE_CURVE('',#4607,#4612,#2511,.T.);
#5686=EDGE_CURVE('',#4511,#4613,#2512,.T.);
#5687=EDGE_CURVE('',#4614,#4613,#2513,.T.);
#5688=EDGE_CURVE('',#4512,#4614,#2514,.T.);
#5689=EDGE_CURVE('',#4615,#4197,#2515,.T.);
#5690=EDGE_CURVE('',#4616,#4615,#2516,.T.);
#5691=EDGE_CURVE('',#4616,#4198,#2517,.T.);
#5692=EDGE_CURVE('',#4617,#4614,#2518,.T.);
#5693=EDGE_CURVE('',#4509,#4617,#2519,.T.);
#5694=EDGE_CURVE('',#4510,#4618,#2520,.T.);
#5695=EDGE_CURVE('',#4613,#4618,#2521,.T.);
#5696=EDGE_CURVE('',#4619,#4616,#2522,.T.);
#5697=EDGE_CURVE('',#4619,#4195,#2523,.T.);
#5698=EDGE_CURVE('',#4618,#4617,#2524,.T.);
#5699=EDGE_CURVE('',#4620,#4619,#2525,.T.);
#5700=EDGE_CURVE('',#4620,#4196,#2526,.T.);
#5701=EDGE_CURVE('',#4615,#4620,#2527,.T.);
#5702=EDGE_CURVE('',#4515,#4621,#2528,.T.);
#5703=EDGE_CURVE('',#4622,#4621,#2529,.T.);
#5704=EDGE_CURVE('',#4516,#4622,#2530,.T.);
#5705=EDGE_CURVE('',#4623,#4193,#2531,.T.);
#5706=EDGE_CURVE('',#4624,#4623,#2532,.T.);
#5707=EDGE_CURVE('',#4624,#4194,#2533,.T.);
#5708=EDGE_CURVE('',#4625,#4622,#2534,.T.);
#5709=EDGE_CURVE('',#4513,#4625,#2535,.T.);
#5710=EDGE_CURVE('',#4514,#4626,#2536,.T.);
#5711=EDGE_CURVE('',#4621,#4626,#2537,.T.);
#5712=EDGE_CURVE('',#4627,#4624,#2538,.T.);
#5713=EDGE_CURVE('',#4627,#4191,#2539,.T.);
#5714=EDGE_CURVE('',#4626,#4625,#2540,.T.);
#5715=EDGE_CURVE('',#4628,#4627,#2541,.T.);
#5716=EDGE_CURVE('',#4628,#4192,#2542,.T.);
#5717=EDGE_CURVE('',#4623,#4628,#2543,.T.);
#5718=EDGE_CURVE('',#4519,#4629,#2544,.T.);
#5719=EDGE_CURVE('',#4630,#4629,#2545,.T.);
#5720=EDGE_CURVE('',#4520,#4630,#2546,.T.);
#5721=EDGE_CURVE('',#4631,#4189,#2547,.T.);
#5722=EDGE_CURVE('',#4632,#4631,#2548,.T.);
#5723=EDGE_CURVE('',#4632,#4190,#2549,.T.);
#5724=EDGE_CURVE('',#4633,#4630,#2550,.T.);
#5725=EDGE_CURVE('',#4517,#4633,#2551,.T.);
#5726=EDGE_CURVE('',#4518,#4634,#2552,.T.);
#5727=EDGE_CURVE('',#4629,#4634,#2553,.T.);
#5728=EDGE_CURVE('',#4635,#4632,#2554,.T.);
#5729=EDGE_CURVE('',#4635,#4187,#2555,.T.);
#5730=EDGE_CURVE('',#4634,#4633,#2556,.T.);
#5731=EDGE_CURVE('',#4636,#4635,#2557,.T.);
#5732=EDGE_CURVE('',#4636,#4188,#2558,.T.);
#5733=EDGE_CURVE('',#4631,#4636,#2559,.T.);
#5734=EDGE_CURVE('',#4523,#4637,#2560,.T.);
#5735=EDGE_CURVE('',#4638,#4637,#2561,.T.);
#5736=EDGE_CURVE('',#4524,#4638,#2562,.T.);
#5737=EDGE_CURVE('',#4639,#4185,#2563,.T.);
#5738=EDGE_CURVE('',#4640,#4639,#2564,.T.);
#5739=EDGE_CURVE('',#4640,#4186,#2565,.T.);
#5740=EDGE_CURVE('',#4641,#4638,#2566,.T.);
#5741=EDGE_CURVE('',#4521,#4641,#2567,.T.);
#5742=EDGE_CURVE('',#4522,#4642,#2568,.T.);
#5743=EDGE_CURVE('',#4637,#4642,#2569,.T.);
#5744=EDGE_CURVE('',#4643,#4640,#2570,.T.);
#5745=EDGE_CURVE('',#4643,#4183,#2571,.T.);
#5746=EDGE_CURVE('',#4642,#4641,#2572,.T.);
#5747=EDGE_CURVE('',#4644,#4643,#2573,.T.);
#5748=EDGE_CURVE('',#4644,#4184,#2574,.T.);
#5749=EDGE_CURVE('',#4639,#4644,#2575,.T.);
#5750=EDGE_CURVE('',#4528,#4645,#2576,.T.);
#5751=EDGE_CURVE('',#4646,#4645,#2577,.T.);
#5752=EDGE_CURVE('',#4529,#4646,#2578,.T.);
#5753=EDGE_CURVE('',#4527,#4647,#2579,.T.);
#5754=EDGE_CURVE('',#4645,#4647,#2580,.T.);
#5755=EDGE_CURVE('',#4648,#4181,#2581,.T.);
#5756=EDGE_CURVE('',#4649,#4648,#2582,.T.);
#5757=EDGE_CURVE('',#4649,#4182,#2583,.T.);
#5758=EDGE_CURVE('',#4650,#4646,#2584,.T.);
#5759=EDGE_CURVE('',#4525,#4650,#2585,.T.);
#5760=EDGE_CURVE('',#4526,#4651,#2586,.T.);
#5761=EDGE_CURVE('',#4647,#4651,#2587,.T.);
#5762=EDGE_CURVE('',#4652,#4649,#2588,.T.);
#5763=EDGE_CURVE('',#4652,#4178,#2589,.T.);
#5764=EDGE_CURVE('',#4651,#4650,#2590,.T.);
#5765=EDGE_CURVE('',#4653,#4652,#2591,.T.);
#5766=EDGE_CURVE('',#4653,#4179,#2592,.T.);
#5767=EDGE_CURVE('',#4654,#4653,#2593,.T.);
#5768=EDGE_CURVE('',#4654,#4180,#2594,.T.);
#5769=EDGE_CURVE('',#4648,#4654,#2595,.T.);
#5770=EDGE_CURVE('',#4254,#4655,#2596,.T.);
#5771=EDGE_CURVE('',#4656,#4655,#2597,.T.);
#5772=EDGE_CURVE('',#4255,#4656,#2598,.T.);
#5773=EDGE_CURVE('',#4657,#4315,#2599,.T.);
#5774=EDGE_CURVE('',#4658,#4657,#2600,.T.);
#5775=EDGE_CURVE('',#4658,#4316,#2601,.T.);
#5776=EDGE_CURVE('',#4253,#4659,#2602,.T.);
#5777=EDGE_CURVE('',#4655,#4659,#2603,.T.);
#5778=EDGE_CURVE('',#4660,#4658,#2604,.T.);
#5779=EDGE_CURVE('',#4660,#4313,#2605,.T.);
#5780=EDGE_CURVE('',#4661,#4656,#2606,.T.);
#5781=EDGE_CURVE('',#4252,#4661,#2607,.T.);
#5782=EDGE_CURVE('',#4662,#4661,#2608,.T.);
#5783=EDGE_CURVE('',#4386,#4662,#2609,.T.);
#5784=EDGE_CURVE('',#4659,#4385,#2610,.T.);
#5785=EDGE_CURVE('',#4320,#4660,#2611,.T.);
#5786=EDGE_CURVE('',#4663,#4364,#2612,.T.);
#5787=EDGE_CURVE('',#4663,#4314,#2613,.T.);
#5788=EDGE_CURVE('',#4657,#4663,#2614,.T.);
#5789=EDGE_CURVE('',#4664,#4447,#2615,.T.);
#5790=EDGE_CURVE('',#4251,#4664,#2616,.T.);
#5791=EDGE_CURVE('',#4250,#4665,#2617,.T.);
#5792=EDGE_CURVE('',#4436,#4665,#2618,.T.);
#5793=EDGE_CURVE('',#4666,#4311,#2619,.T.);
#5794=EDGE_CURVE('',#4667,#4666,#2620,.T.);
#5795=EDGE_CURVE('',#4667,#4312,#2621,.T.);
#5796=EDGE_CURVE('',#4249,#4668,#2622,.T.);
#5797=EDGE_CURVE('',#4665,#4668,#2623,.T.);
#5798=EDGE_CURVE('',#4669,#4667,#2624,.T.);
#5799=EDGE_CURVE('',#4669,#4309,#2625,.T.);
#5800=EDGE_CURVE('',#4670,#4664,#2626,.T.);
#5801=EDGE_CURVE('',#4248,#4670,#2627,.T.);
#5802=EDGE_CURVE('',#4668,#4670,#2628,.T.);
#5803=EDGE_CURVE('',#4671,#4669,#2629,.T.);
#5804=EDGE_CURVE('',#4671,#4310,#2630,.T.);
#5805=EDGE_CURVE('',#4666,#4671,#2631,.T.);
#5806=EDGE_CURVE('',#4672,#4307,#2632,.T.);
#5807=EDGE_CURVE('',#4673,#4672,#2633,.T.);
#5808=EDGE_CURVE('',#4673,#4308,#2634,.T.);
#5809=EDGE_CURVE('',#4424,#4422,#2635,.T.);
#5810=EDGE_CURVE('',#4674,#4673,#2636,.T.);
#5811=EDGE_CURVE('',#4674,#4305,#2637,.T.);
#5812=EDGE_CURVE('',#4416,#4430,#2638,.T.);
#5813=EDGE_CURVE('',#4675,#4674,#2639,.T.);
#5814=EDGE_CURVE('',#4675,#4306,#2640,.T.);
#5815=EDGE_CURVE('',#4672,#4675,#2641,.T.);
#5816=EDGE_CURVE('',#4676,#4303,#2642,.T.);
#5817=EDGE_CURVE('',#4677,#4676,#2643,.T.);
#5818=EDGE_CURVE('',#4677,#4304,#2644,.T.);
#5819=EDGE_CURVE('',#4448,#4410,#2645,.T.);
#5820=EDGE_CURVE('',#4678,#4677,#2646,.T.);
#5821=EDGE_CURVE('',#4678,#4301,#2647,.T.);
#5822=EDGE_CURVE('',#4404,#4414,#2648,.T.);
#5823=EDGE_CURVE('',#4679,#4678,#2649,.T.);
#5824=EDGE_CURVE('',#4679,#4302,#2650,.T.);
#5825=EDGE_CURVE('',#4676,#4679,#2651,.T.);
#5826=EDGE_CURVE('',#4245,#4680,#2652,.T.);
#5827=EDGE_CURVE('',#4681,#4680,#2653,.T.);
#5828=EDGE_CURVE('',#4246,#4681,#2654,.T.);
#5829=EDGE_CURVE('',#4682,#4299,#2655,.T.);
#5830=EDGE_CURVE('',#4683,#4682,#2656,.T.);
#5831=EDGE_CURVE('',#4683,#4300,#2657,.T.);
#5832=EDGE_CURVE('',#4684,#4681,#2658,.T.);
#5833=EDGE_CURVE('',#4247,#4684,#2659,.T.);
#5834=EDGE_CURVE('',#4680,#4449,#2660,.T.);
#5835=EDGE_CURVE('',#4685,#4683,#2661,.T.);
#5836=EDGE_CURVE('',#4685,#4296,#2662,.T.);
#5837=EDGE_CURVE('',#4450,#4684,#2663,.T.);
#5838=EDGE_CURVE('',#4686,#4685,#2664,.T.);
#5839=EDGE_CURVE('',#4686,#4297,#2665,.T.);
#5840=EDGE_CURVE('',#4687,#4686,#2666,.T.);
#5841=EDGE_CURVE('',#4687,#4298,#2667,.T.);
#5842=EDGE_CURVE('',#4682,#4687,#2668,.T.);
#5843=EDGE_CURVE('',#4688,#4689,#1742,.T.);
#5844=EDGE_CURVE('',#4689,#4690,#2669,.T.);
#5845=EDGE_CURVE('',#4690,#4691,#1743,.T.);
#5846=EDGE_CURVE('',#4691,#4692,#2670,.T.);
#5847=EDGE_CURVE('',#4692,#4693,#1744,.T.);
#5848=EDGE_CURVE('',#4693,#4694,#2671,.T.);
#5849=EDGE_CURVE('',#4694,#4695,#1745,.T.);
#5850=EDGE_CURVE('',#4695,#4688,#2672,.T.);
#5851=EDGE_CURVE('',#4696,#4697,#34,.T.);
#5852=EDGE_CURVE('',#4697,#4698,#1746,.T.);
#5853=EDGE_CURVE('',#4698,#4699,#2673,.T.);
#5854=EDGE_CURVE('',#4699,#4696,#1747,.T.);
#5855=EDGE_CURVE('',#4696,#4700,#2674,.T.);
#5856=EDGE_CURVE('',#4700,#4701,#2675,.T.);
#5857=EDGE_CURVE('',#4701,#4697,#2676,.T.);
#5858=EDGE_CURVE('',#4702,#4703,#2677,.T.);
#5859=EDGE_CURVE('',#4703,#4699,#2678,.T.);
#5860=EDGE_CURVE('',#4698,#4702,#2679,.T.);
#5861=EDGE_CURVE('',#4696,#4704,#2680,.T.);
#5862=EDGE_CURVE('',#4704,#4705,#2681,.T.);
#5863=EDGE_CURVE('',#4700,#4705,#2682,.T.);
#5864=EDGE_CURVE('',#4699,#4706,#2683,.T.);
#5865=EDGE_CURVE('',#4706,#4704,#1748,.T.);
#5866=EDGE_CURVE('',#4707,#4708,#1749,.T.);
#5867=EDGE_CURVE('',#4709,#4708,#2684,.T.);
#5868=EDGE_CURVE('',#4709,#4710,#1750,.T.);
#5869=EDGE_CURVE('',#4707,#4710,#2685,.T.);
#5870=EDGE_CURVE('',#4711,#4712,#1751,.T.);
#5871=EDGE_CURVE('',#4713,#4712,#2686,.T.);
#5872=EDGE_CURVE('',#4713,#4714,#1752,.T.);
#5873=EDGE_CURVE('',#4711,#4714,#2687,.T.);
#5874=EDGE_CURVE('',#4703,#4715,#2688,.T.);
#5875=EDGE_CURVE('',#4715,#4706,#2689,.T.);
#5876=EDGE_CURVE('',#4393,#4702,#2690,.T.);
#5877=EDGE_CURVE('',#4715,#4662,#2691,.T.);
#5878=EDGE_CURVE('',#4716,#4716,#1753,.T.);
#5879=EDGE_CURVE('',#4716,#4717,#2692,.T.);
#5880=EDGE_CURVE('',#4717,#4718,#1754,.T.);
#5881=EDGE_CURVE('',#4718,#4717,#1755,.T.);
#5882=EDGE_CURVE('',#4718,#4391,#2693,.T.);
#5883=EDGE_CURVE('',#4719,#4719,#1756,.T.);
#5884=EDGE_CURVE('',#4719,#4720,#2694,.T.);
#5885=EDGE_CURVE('',#4720,#4721,#1757,.T.);
#5886=EDGE_CURVE('',#4721,#4720,#1758,.T.);
#5887=EDGE_CURVE('',#4721,#4392,#2695,.T.);
#5888=EDGE_CURVE('',#4381,#4705,#2696,.T.);
#5889=EDGE_CURVE('',#4701,#4389,#2697,.T.);
#5890=EDGE_CURVE('',#4722,#4723,#2698,.F.);
#5891=EDGE_CURVE('',#4723,#4724,#2699,.T.);
#5892=EDGE_CURVE('',#4724,#4725,#2700,.F.);
#5893=EDGE_CURVE('',#4722,#4725,#2701,.T.);
#5894=EDGE_CURVE('',#4724,#4713,#2702,.T.);
#5895=EDGE_CURVE('',#4714,#4723,#2703,.T.);
#5896=EDGE_CURVE('',#4725,#4726,#2704,.F.);
#5897=EDGE_CURVE('',#4726,#4727,#2705,.T.);
#5898=EDGE_CURVE('',#4727,#4722,#2706,.F.);
#5899=EDGE_CURVE('',#4727,#4711,#2707,.T.);
#5900=EDGE_CURVE('',#4712,#4726,#2708,.T.);
#5901=EDGE_CURVE('',#4728,#4729,#2709,.F.);
#5902=EDGE_CURVE('',#4729,#4730,#2710,.T.);
#5903=EDGE_CURVE('',#4730,#4731,#2711,.F.);
#5904=EDGE_CURVE('',#4728,#4731,#2712,.T.);
#5905=EDGE_CURVE('',#4730,#4709,#2713,.T.);
#5906=EDGE_CURVE('',#4710,#4729,#2714,.T.);
#5907=EDGE_CURVE('',#4731,#4732,#2715,.F.);
#5908=EDGE_CURVE('',#4732,#4733,#2716,.T.);
#5909=EDGE_CURVE('',#4733,#4728,#2717,.F.);
#5910=EDGE_CURVE('',#4733,#4707,#2718,.T.);
#5911=EDGE_CURVE('',#4708,#4732,#2719,.T.);
#5912=EDGE_CURVE('',#4734,#4735,#2720,.T.);
#5913=EDGE_CURVE('',#4736,#4734,#2721,.T.);
#5914=EDGE_CURVE('',#4737,#4736,#2722,.T.);
#5915=EDGE_CURVE('',#4735,#4737,#2723,.T.);
#5916=EDGE_CURVE('',#4737,#4738,#2724,.T.);
#5917=EDGE_CURVE('',#4739,#4736,#2725,.T.);
#5918=EDGE_CURVE('',#4738,#4739,#2726,.T.);
#5919=EDGE_CURVE('',#4738,#4740,#2727,.T.);
#5920=EDGE_CURVE('',#4741,#4739,#2728,.T.);
#5921=EDGE_CURVE('',#4740,#4741,#2729,.T.);
#5922=EDGE_CURVE('',#4740,#4166,#2730,.T.);
#5923=EDGE_CURVE('',#4167,#4741,#2731,.T.);
#5924=EDGE_CURVE('',#4735,#4165,#2732,.T.);
#5925=EDGE_CURVE('',#4164,#4742,#2733,.T.);
#5926=EDGE_CURVE('',#4742,#4169,#2734,.T.);
#5927=EDGE_CURVE('',#4168,#4743,#2735,.T.);
#5928=EDGE_CURVE('',#4743,#4734,#2736,.T.);
#5929=EDGE_CURVE('',#4744,#4742,#2737,.T.);
#5930=EDGE_CURVE('',#4170,#4744,#2738,.T.);
#5931=EDGE_CURVE('',#4163,#4745,#2739,.T.);
#5932=EDGE_CURVE('',#4745,#4746,#2740,.T.);
#5933=EDGE_CURVE('',#4746,#4744,#2741,.T.);
#5934=EDGE_CURVE('',#4171,#4746,#2742,.T.);
#5935=EDGE_CURVE('',#4172,#4745,#2743,.T.);
#5936=EDGE_CURVE('',#4747,#4156,#2744,.T.);
#5937=EDGE_CURVE('',#4153,#4747,#2745,.T.);
#5938=EDGE_CURVE('',#4157,#4747,#2746,.T.);
#5939=EDGE_CURVE('',#4748,#4149,#2747,.T.);
#5940=EDGE_CURVE('',#4146,#4748,#2748,.T.);
#5941=EDGE_CURVE('',#4150,#4748,#2749,.T.);
#5942=EDGE_CURVE('',#4749,#4128,#2750,.T.);
#5943=EDGE_CURVE('',#4750,#4749,#2751,.T.);
#5944=EDGE_CURVE('',#4129,#4750,#2752,.T.);
#5945=EDGE_CURVE('',#4126,#4750,#2753,.T.);
#5946=EDGE_CURVE('',#4751,#4121,#2754,.T.);
#5947=EDGE_CURVE('',#4127,#4751,#2755,.T.);
#5948=EDGE_CURVE('',#4749,#4751,#2756,.T.);
#5949=EDGE_CURVE('',#4752,#4752,#1759,.T.);
#5950=EDGE_CURVE('',#4752,#4753,#2757,.T.);
#5951=EDGE_CURVE('',#4753,#4753,#1760,.T.);
#5952=EDGE_CURVE('',#4753,#4754,#2758,.T.);
#5953=EDGE_CURVE('',#4754,#4754,#1761,.T.);
#5954=EDGE_CURVE('',#4755,#4755,#1762,.T.);
#5955=EDGE_CURVE('',#4755,#4756,#2759,.T.);
#5956=EDGE_CURVE('',#4756,#4756,#1763,.T.);
#5957=EDGE_CURVE('',#4756,#4757,#2760,.T.);
#5958=EDGE_CURVE('',#4757,#4757,#1764,.T.);
#5959=EDGE_CURVE('',#4758,#4758,#1765,.T.);
#5960=EDGE_CURVE('',#4758,#4759,#2761,.T.);
#5961=EDGE_CURVE('',#4759,#4759,#1766,.T.);
#5962=EDGE_CURVE('',#4759,#4760,#2762,.T.);
#5963=EDGE_CURVE('',#4760,#4760,#1767,.T.);
#5964=EDGE_CURVE('',#4761,#4689,#2763,.T.);
#5965=EDGE_CURVE('',#4762,#4761,#2764,.T.);
#5966=EDGE_CURVE('',#4762,#4690,#2765,.T.);
#5967=EDGE_CURVE('',#4763,#4762,#1768,.T.);
#5968=EDGE_CURVE('',#4763,#4691,#2766,.T.);
#5969=EDGE_CURVE('',#4764,#4763,#2767,.T.);
#5970=EDGE_CURVE('',#4764,#4692,#2768,.T.);
#5971=EDGE_CURVE('',#4765,#4764,#1769,.T.);
#5972=EDGE_CURVE('',#4765,#4693,#2769,.T.);
#5973=EDGE_CURVE('',#4766,#4765,#2770,.T.);
#5974=EDGE_CURVE('',#4766,#4694,#2771,.T.);
#5975=EDGE_CURVE('',#4767,#4766,#1770,.T.);
#5976=EDGE_CURVE('',#4767,#4695,#2772,.T.);
#5977=EDGE_CURVE('',#4768,#4767,#2773,.T.);
#5978=EDGE_CURVE('',#4688,#4768,#2774,.T.);
#5979=EDGE_CURVE('',#4761,#4768,#1771,.T.);
#5980=EDGE_CURVE('',#4159,#4743,#2775,.T.);
#5981=EDGE_CURVE('',#4769,#4770,#1772,.T.);
#5982=EDGE_CURVE('',#4770,#4771,#43,.T.);
#5983=EDGE_CURVE('',#4771,#4769,#44,.T.);
#5984=EDGE_CURVE('',#4772,#4773,#1773,.T.);
#5985=EDGE_CURVE('',#4773,#4774,#45,.T.);
#5986=EDGE_CURVE('',#4774,#4772,#46,.T.);
#5987=EDGE_CURVE('',#4775,#4776,#1774,.T.);
#5988=EDGE_CURVE('',#4776,#4777,#47,.T.);
#5989=EDGE_CURVE('',#4777,#4775,#48,.T.);
#5990=EDGE_CURVE('',#4778,#4779,#1775,.T.);
#5991=EDGE_CURVE('',#4779,#4780,#49,.T.);
#5992=EDGE_CURVE('',#4780,#4778,#50,.T.);
#5993=EDGE_CURVE('',#4771,#4780,#2776,.T.);
#5994=EDGE_CURVE('',#4779,#4769,#2777,.T.);
#5995=EDGE_CURVE('',#4776,#4778,#2778,.T.);
#5996=EDGE_CURVE('',#4780,#4777,#2779,.T.);
#5997=EDGE_CURVE('',#4773,#4775,#2780,.T.);
#5998=EDGE_CURVE('',#4777,#4774,#2781,.T.);
#5999=EDGE_CURVE('',#4770,#4772,#2782,.T.);
#6000=EDGE_CURVE('',#4774,#4771,#2783,.T.);
#6001=EDGE_CURVE('',#4781,#4770,#2784,.T.);
#6002=EDGE_CURVE('',#4782,#4781,#2785,.T.);
#6003=EDGE_CURVE('',#4782,#4772,#2786,.T.);
#6004=EDGE_CURVE('',#4783,#4769,#2787,.T.);
#6005=EDGE_CURVE('',#4781,#4783,#1776,.T.);
#6006=EDGE_CURVE('',#4784,#4779,#2788,.T.);
#6007=EDGE_CURVE('',#4783,#4784,#2789,.T.);
#6008=EDGE_CURVE('',#4785,#4778,#2790,.T.);
#6009=EDGE_CURVE('',#4784,#4785,#1777,.T.);
#6010=EDGE_CURVE('',#4786,#4787,#2791,.T.);
#6011=EDGE_CURVE('',#4788,#4786,#1778,.T.);
#6012=EDGE_CURVE('',#4789,#4788,#2792,.T.);
#6013=EDGE_CURVE('',#4790,#4789,#1779,.T.);
#6014=EDGE_CURVE('',#4791,#4790,#2793,.T.);
#6015=EDGE_CURVE('',#4792,#4791,#1780,.T.);
#6016=EDGE_CURVE('',#4793,#4792,#2794,.T.);
#6017=EDGE_CURVE('',#4787,#4793,#1781,.T.);
#6018=EDGE_CURVE('',#4794,#4795,#1782,.T.);
#6019=EDGE_CURVE('',#4795,#4796,#2795,.T.);
#6020=EDGE_CURVE('',#4796,#4797,#1783,.T.);
#6021=EDGE_CURVE('',#4797,#4798,#2796,.T.);
#6022=EDGE_CURVE('',#4798,#4799,#1784,.T.);
#6023=EDGE_CURVE('',#4799,#4800,#2797,.T.);
#6024=EDGE_CURVE('',#4800,#4801,#1785,.T.);
#6025=EDGE_CURVE('',#4801,#4794,#2798,.T.);
#6026=EDGE_CURVE('',#4786,#4802,#2799,.T.);
#6027=EDGE_CURVE('',#4803,#4802,#1786,.T.);
#6028=EDGE_CURVE('',#4788,#4803,#2800,.T.);
#6029=EDGE_CURVE('',#4804,#4803,#2801,.T.);
#6030=EDGE_CURVE('',#4789,#4804,#2802,.T.);
#6031=EDGE_CURVE('',#4805,#4804,#1787,.T.);
#6032=EDGE_CURVE('',#4790,#4805,#2803,.T.);
#6033=EDGE_CURVE('',#4806,#4805,#2804,.T.);
#6034=EDGE_CURVE('',#4791,#4806,#2805,.T.);
#6035=EDGE_CURVE('',#4807,#4806,#1788,.T.);
#6036=EDGE_CURVE('',#4792,#4807,#2806,.T.);
#6037=EDGE_CURVE('',#4808,#4807,#2807,.T.);
#6038=EDGE_CURVE('',#4793,#4808,#2808,.T.);
#6039=EDGE_CURVE('',#4809,#4808,#1789,.T.);
#6040=EDGE_CURVE('',#4787,#4809,#2809,.T.);
#6041=EDGE_CURVE('',#4802,#4809,#2810,.T.);
#6042=EDGE_CURVE('',#4794,#4810,#2811,.T.);
#6043=EDGE_CURVE('',#4810,#4811,#1790,.T.);
#6044=EDGE_CURVE('',#4795,#4811,#2812,.T.);
#6045=EDGE_CURVE('',#4810,#4784,#1791,.T.);
#6046=EDGE_CURVE('',#4811,#4785,#1792,.T.);
#6047=EDGE_CURVE('',#4801,#4812,#2813,.T.);
#6048=EDGE_CURVE('',#4812,#4810,#2814,.T.);
#6049=EDGE_CURVE('',#4812,#4783,#1793,.T.);
#6050=EDGE_CURVE('',#4800,#4813,#2815,.T.);
#6051=EDGE_CURVE('',#4813,#4812,#1794,.T.);
#6052=EDGE_CURVE('',#4813,#4781,#1795,.T.);
#6053=EDGE_CURVE('',#4799,#4814,#2816,.T.);
#6054=EDGE_CURVE('',#4814,#4813,#2817,.T.);
#6055=EDGE_CURVE('',#4814,#4782,#1796,.T.);
#6056=EDGE_CURVE('',#4798,#4815,#2818,.T.);
#6057=EDGE_CURVE('',#4815,#4814,#1797,.T.);
#6058=EDGE_CURVE('',#4816,#4782,#1798,.T.);
#6059=EDGE_CURVE('',#4816,#4773,#2819,.T.);
#6060=EDGE_CURVE('',#4815,#4816,#1799,.T.);
#6061=EDGE_CURVE('',#4797,#4817,#2820,.T.);
#6062=EDGE_CURVE('',#4817,#4815,#2821,.T.);
#6063=EDGE_CURVE('',#4818,#4816,#2822,.T.);
#6064=EDGE_CURVE('',#4818,#4775,#2823,.T.);
#6065=EDGE_CURVE('',#4817,#4818,#1800,.T.);
#6066=EDGE_CURVE('',#4796,#4819,#2824,.T.);
#6067=EDGE_CURVE('',#4819,#4817,#1801,.T.);
#6068=EDGE_CURVE('',#4820,#4818,#1802,.T.);
#6069=EDGE_CURVE('',#4820,#4776,#2825,.T.);
#6070=EDGE_CURVE('',#4819,#4820,#1803,.T.);
#6071=EDGE_CURVE('',#4811,#4819,#2826,.T.);
#6072=EDGE_CURVE('',#4785,#4820,#2827,.T.);
#6073=EDGE_CURVE('',#4821,#4821,#1804,.T.);
#6074=EDGE_CURVE('',#4821,#4822,#2828,.T.);
#6075=EDGE_CURVE('',#4822,#4822,#1805,.T.);
#6076=EDGE_CURVE('',#4823,#4824,#2829,.T.);
#6077=EDGE_CURVE('',#4824,#4825,#2830,.F.);
#6078=EDGE_CURVE('',#4825,#4826,#2831,.T.);
#6079=EDGE_CURVE('',#4826,#4823,#2832,.T.);
#6080=EDGE_CURVE('',#4827,#4827,#1806,.T.);
#6081=EDGE_CURVE('',#4828,#4828,#1807,.T.);
#6082=EDGE_CURVE('',#4828,#4822,#2833,.T.);
#6083=EDGE_CURVE('',#4827,#4829,#2834,.T.);
#6084=EDGE_CURVE('',#4829,#4829,#1808,.T.);
#6085=EDGE_CURVE('',#4830,#4830,#1809,.T.);
#6086=EDGE_CURVE('',#4830,#4829,#2835,.T.);
#6087=EDGE_CURVE('',#4831,#4832,#2836,.T.);
#6088=EDGE_CURVE('',#4832,#4833,#2837,.T.);
#6089=EDGE_CURVE('',#4833,#4834,#2838,.F.);
#6090=EDGE_CURVE('',#4834,#4831,#2839,.T.);
#6091=EDGE_CURVE('',#4834,#4835,#2840,.F.);
#6092=EDGE_CURVE('',#4836,#4835,#2841,.F.);
#6093=EDGE_CURVE('',#4836,#4831,#2842,.T.);
#6094=EDGE_CURVE('',#4837,#4833,#2843,.F.);
#6095=EDGE_CURVE('',#4838,#4837,#2844,.F.);
#6096=EDGE_CURVE('',#4838,#4839,#1810,.T.);
#6097=EDGE_CURVE('',#4840,#4839,#2845,.F.);
#6098=EDGE_CURVE('',#4841,#4840,#2846,.F.);
#6099=EDGE_CURVE('',#4842,#4841,#2847,.F.);
#6100=EDGE_CURVE('',#4843,#4842,#2848,.F.);
#6101=EDGE_CURVE('',#4843,#4844,#2849,.F.);
#6102=EDGE_CURVE('',#4844,#4825,#2850,.T.);
#6103=EDGE_CURVE('',#4845,#4824,#2851,.F.);
#6104=EDGE_CURVE('',#4845,#4835,#2852,.F.);
#6105=EDGE_CURVE('',#4846,#4847,#2853,.T.);
#6106=EDGE_CURVE('',#4847,#4840,#2854,.T.);
#6107=EDGE_CURVE('',#4839,#4846,#2855,.T.);
#6108=EDGE_CURVE('',#4847,#4848,#2856,.T.);
#6109=EDGE_CURVE('',#4841,#4848,#2857,.T.);
#6110=EDGE_CURVE('',#4848,#4849,#2858,.T.);
#6111=EDGE_CURVE('',#4849,#4842,#2859,.T.);
#6112=EDGE_CURVE('',#4850,#4851,#2860,.T.);
#6113=EDGE_CURVE('',#4851,#4838,#2861,.T.);
#6114=EDGE_CURVE('',#4837,#4850,#2862,.T.);
#6115=EDGE_CURVE('',#4851,#4846,#1811,.T.);
#6116=EDGE_CURVE('',#4852,#4853,#1812,.T.);
#6117=EDGE_CURVE('',#4854,#4853,#2863,.T.);
#6118=EDGE_CURVE('',#4854,#4855,#1813,.T.);
#6119=EDGE_CURVE('',#4852,#4855,#2864,.T.);
#6120=EDGE_CURVE('',#4856,#4857,#1814,.T.);
#6121=EDGE_CURVE('',#4858,#4857,#2865,.T.);
#6122=EDGE_CURVE('',#4858,#4859,#1815,.T.);
#6123=EDGE_CURVE('',#4856,#4859,#2866,.T.);
#6124=EDGE_CURVE('',#4860,#4861,#2867,.F.);
#6125=EDGE_CURVE('',#4861,#4862,#2868,.T.);
#6126=EDGE_CURVE('',#4862,#4863,#2869,.F.);
#6127=EDGE_CURVE('',#4860,#4863,#2870,.T.);
#6128=EDGE_CURVE('',#4862,#4858,#2871,.T.);
#6129=EDGE_CURVE('',#4859,#4861,#2872,.T.);
#6130=EDGE_CURVE('',#4863,#4864,#2873,.F.);
#6131=EDGE_CURVE('',#4864,#4865,#2874,.T.);
#6132=EDGE_CURVE('',#4865,#4860,#2875,.F.);
#6133=EDGE_CURVE('',#4865,#4856,#2876,.T.);
#6134=EDGE_CURVE('',#4857,#4864,#2877,.T.);
#6135=EDGE_CURVE('',#4866,#4867,#2878,.F.);
#6136=EDGE_CURVE('',#4867,#4868,#2879,.T.);
#6137=EDGE_CURVE('',#4868,#4869,#2880,.F.);
#6138=EDGE_CURVE('',#4866,#4869,#2881,.T.);
#6139=EDGE_CURVE('',#4868,#4854,#2882,.T.);
#6140=EDGE_CURVE('',#4855,#4867,#2883,.T.);
#6141=EDGE_CURVE('',#4869,#4870,#2884,.F.);
#6142=EDGE_CURVE('',#4870,#4871,#2885,.T.);
#6143=EDGE_CURVE('',#4871,#4866,#2886,.F.);
#6144=EDGE_CURVE('',#4871,#4852,#2887,.T.);
#6145=EDGE_CURVE('',#4853,#4870,#2888,.T.);
#6146=EDGE_CURVE('',#4849,#4872,#2889,.T.);
#6147=EDGE_CURVE('',#4843,#4872,#2890,.F.);
#6148=EDGE_CURVE('',#4832,#4850,#2891,.T.);
#6149=EDGE_CURVE('',#4873,#4872,#2892,.T.);
#6150=EDGE_CURVE('',#4844,#4873,#2893,.T.);
#6151=EDGE_CURVE('',#4874,#4845,#2894,.T.);
#6152=EDGE_CURVE('',#4836,#4874,#2895,.T.);
#6153=EDGE_CURVE('',#4874,#4823,#2896,.T.);
#6154=EDGE_CURVE('',#4873,#4826,#2897,.T.);
#6155=EDGE_CURVE('',#4875,#4876,#1816,.T.);
#6156=EDGE_CURVE('',#4877,#4875,#2898,.T.);
#6157=EDGE_CURVE('',#4878,#4877,#1817,.T.);
#6158=EDGE_CURVE('',#4876,#4878,#2899,.T.);
#6159=EDGE_CURVE('',#4879,#4880,#1818,.T.);
#6160=EDGE_CURVE('',#4881,#4879,#2900,.T.);
#6161=EDGE_CURVE('',#4882,#4881,#1819,.T.);
#6162=EDGE_CURVE('',#4880,#4882,#2901,.T.);
#6163=EDGE_CURVE('',#4881,#4883,#2902,.T.);
#6164=EDGE_CURVE('',#4883,#4884,#1820,.T.);
#6165=EDGE_CURVE('',#4884,#4882,#2903,.T.);
#6166=EDGE_CURVE('',#4885,#4879,#2904,.T.);
#6167=EDGE_CURVE('',#4883,#4885,#2905,.T.);
#6168=EDGE_CURVE('',#4877,#4886,#2906,.T.);
#6169=EDGE_CURVE('',#4886,#4887,#1821,.T.);
#6170=EDGE_CURVE('',#4887,#4878,#2907,.T.);
#6171=EDGE_CURVE('',#4888,#4875,#2908,.T.);
#6172=EDGE_CURVE('',#4886,#4888,#2909,.T.);
#6173=EDGE_CURVE('',#4889,#4889,#1822,.T.);
#6174=EDGE_CURVE('',#4889,#4890,#2910,.T.);
#6175=EDGE_CURVE('',#4890,#4890,#1823,.T.);
#6176=EDGE_CURVE('',#4891,#4892,#2911,.T.);
#6177=EDGE_CURVE('',#4893,#4891,#2912,.T.);
#6178=EDGE_CURVE('',#4894,#4893,#2913,.T.);
#6179=EDGE_CURVE('',#4892,#4894,#2914,.T.);
#6180=EDGE_CURVE('',#4895,#4895,#1824,.T.);
#6181=EDGE_CURVE('',#4896,#4896,#1825,.T.);
#6182=EDGE_CURVE('',#4896,#4890,#2915,.T.);
#6183=EDGE_CURVE('',#4895,#4897,#2916,.T.);
#6184=EDGE_CURVE('',#4897,#4897,#1826,.T.);
#6185=EDGE_CURVE('',#4898,#4898,#1827,.T.);
#6186=EDGE_CURVE('',#4898,#4897,#2917,.T.);
#6187=EDGE_CURVE('',#4899,#4900,#2918,.T.);
#6188=EDGE_CURVE('',#4901,#4899,#2919,.T.);
#6189=EDGE_CURVE('',#4902,#4901,#2920,.T.);
#6190=EDGE_CURVE('',#4900,#4902,#2921,.T.);
#6191=EDGE_CURVE('',#4903,#4899,#2922,.T.);
#6192=EDGE_CURVE('',#4903,#4904,#2923,.F.);
#6193=EDGE_CURVE('',#4901,#4904,#2924,.T.);
#6194=EDGE_CURVE('',#4905,#4904,#2925,.T.);
#6195=EDGE_CURVE('',#4905,#4892,#2926,.T.);
#6196=EDGE_CURVE('',#4906,#4894,#2927,.F.);
#6197=EDGE_CURVE('',#4907,#4906,#2928,.T.);
#6198=EDGE_CURVE('',#4907,#4908,#2929,.T.);
#6199=EDGE_CURVE('',#4908,#4909,#2930,.T.);
#6200=EDGE_CURVE('',#4909,#4910,#2931,.T.);
#6201=EDGE_CURVE('',#4910,#4911,#2932,.T.);
#6202=EDGE_CURVE('',#4912,#4911,#1828,.F.);
#6203=EDGE_CURVE('',#4912,#4913,#2933,.T.);
#6204=EDGE_CURVE('',#4913,#4902,#2934,.T.);
#6205=EDGE_CURVE('',#4914,#4915,#2935,.T.);
#6206=EDGE_CURVE('',#4911,#4914,#2936,.T.);
#6207=EDGE_CURVE('',#4915,#4910,#2937,.T.);
#6208=EDGE_CURVE('',#4909,#4916,#2938,.T.);
#6209=EDGE_CURVE('',#4915,#4916,#2939,.T.);
#6210=EDGE_CURVE('',#4916,#4917,#2940,.T.);
#6211=EDGE_CURVE('',#4917,#4908,#2941,.T.);
#6212=EDGE_CURVE('',#4918,#4919,#2942,.T.);
#6213=EDGE_CURVE('',#4913,#4918,#2943,.T.);
#6214=EDGE_CURVE('',#4919,#4912,#2944,.T.);
#6215=EDGE_CURVE('',#4919,#4914,#1829,.T.);
#6216=EDGE_CURVE('',#4920,#4888,#1830,.T.);
#6217=EDGE_CURVE('',#4920,#4887,#2945,.T.);
#6218=EDGE_CURVE('',#4921,#4885,#1831,.T.);
#6219=EDGE_CURVE('',#4921,#4884,#2946,.T.);
#6220=EDGE_CURVE('',#4880,#4921,#2947,.T.);
#6221=EDGE_CURVE('',#4876,#4920,#2948,.T.);
#6222=EDGE_CURVE('',#4907,#4922,#2949,.F.);
#6223=EDGE_CURVE('',#4917,#4922,#2950,.T.);
#6224=EDGE_CURVE('',#4900,#4918,#2951,.T.);
#6225=EDGE_CURVE('',#4906,#4923,#2952,.T.);
#6226=EDGE_CURVE('',#4923,#4922,#2953,.T.);
#6227=EDGE_CURVE('',#4903,#4924,#2954,.T.);
#6228=EDGE_CURVE('',#4924,#4905,#2955,.T.);
#6229=EDGE_CURVE('',#4923,#4893,#2956,.T.);
#6230=EDGE_CURVE('',#4924,#4891,#2957,.T.);
#6231=ORIENTED_EDGE('',*,*,#4925,.F.);
#6232=ORIENTED_EDGE('',*,*,#4926,.T.);
#6233=ORIENTED_EDGE('',*,*,#4927,.T.);
#6234=ORIENTED_EDGE('',*,*,#4928,.F.);
#6235=ORIENTED_EDGE('',*,*,#4929,.F.);
#6236=ORIENTED_EDGE('',*,*,#4930,.T.);
#6237=ORIENTED_EDGE('',*,*,#4931,.T.);
#6238=ORIENTED_EDGE('',*,*,#4932,.T.);
#6239=ORIENTED_EDGE('',*,*,#4931,.F.);
#6240=ORIENTED_EDGE('',*,*,#4933,.T.);
#6241=ORIENTED_EDGE('',*,*,#4929,.T.);
#6242=ORIENTED_EDGE('',*,*,#4934,.T.);
#6243=ORIENTED_EDGE('',*,*,#4935,.F.);
#6244=ORIENTED_EDGE('',*,*,#4936,.T.);
#6245=ORIENTED_EDGE('',*,*,#4937,.T.);
#6246=ORIENTED_EDGE('',*,*,#4938,.T.);
#6247=ORIENTED_EDGE('',*,*,#4939,.F.);
#6248=ORIENTED_EDGE('',*,*,#4940,.T.);
#6249=ORIENTED_EDGE('',*,*,#4932,.F.);
#6250=ORIENTED_EDGE('',*,*,#4940,.F.);
#6251=ORIENTED_EDGE('',*,*,#4941,.F.);
#6252=ORIENTED_EDGE('',*,*,#4942,.T.);
#6253=ORIENTED_EDGE('',*,*,#4943,.T.);
#6254=ORIENTED_EDGE('',*,*,#4944,.T.);
#6255=ORIENTED_EDGE('',*,*,#4943,.F.);
#6256=ORIENTED_EDGE('',*,*,#4945,.T.);
#6257=ORIENTED_EDGE('',*,*,#4941,.T.);
#6258=ORIENTED_EDGE('',*,*,#4946,.T.);
#6259=ORIENTED_EDGE('',*,*,#4947,.F.);
#6260=ORIENTED_EDGE('',*,*,#4948,.T.);
#6261=ORIENTED_EDGE('',*,*,#4949,.T.);
#6262=ORIENTED_EDGE('',*,*,#4950,.T.);
#6263=ORIENTED_EDGE('',*,*,#4951,.T.);
#6264=ORIENTED_EDGE('',*,*,#4952,.T.);
#6265=ORIENTED_EDGE('',*,*,#4953,.F.);
#6266=ORIENTED_EDGE('',*,*,#4954,.T.);
#6267=ORIENTED_EDGE('',*,*,#4944,.F.);
#6268=ORIENTED_EDGE('',*,*,#4954,.F.);
#6269=ORIENTED_EDGE('',*,*,#4951,.F.);
#6270=ORIENTED_EDGE('',*,*,#4955,.T.);
#6271=ORIENTED_EDGE('',*,*,#4956,.F.);
#6272=ORIENTED_EDGE('',*,*,#4957,.T.);
#6273=ORIENTED_EDGE('',*,*,#4958,.T.);
#6274=ORIENTED_EDGE('',*,*,#4957,.F.);
#6275=ORIENTED_EDGE('',*,*,#4959,.F.);
#6276=ORIENTED_EDGE('',*,*,#4960,.T.);
#6277=ORIENTED_EDGE('',*,*,#4959,.T.);
#6278=ORIENTED_EDGE('',*,*,#4956,.T.);
#6279=ORIENTED_EDGE('',*,*,#4961,.T.);
#6280=ORIENTED_EDGE('',*,*,#4962,.T.);
#6281=ORIENTED_EDGE('',*,*,#4963,.T.);
#6282=ORIENTED_EDGE('',*,*,#4964,.T.);
#6283=ORIENTED_EDGE('',*,*,#4965,.T.);
#6284=ORIENTED_EDGE('',*,*,#4955,.F.);
#6285=ORIENTED_EDGE('',*,*,#4950,.F.);
#6286=ORIENTED_EDGE('',*,*,#4966,.F.);
#6287=ORIENTED_EDGE('',*,*,#4961,.F.);
#6288=ORIENTED_EDGE('',*,*,#4967,.F.);
#6289=ORIENTED_EDGE('',*,*,#4968,.T.);
#6290=ORIENTED_EDGE('',*,*,#4958,.F.);
#6291=ORIENTED_EDGE('',*,*,#4968,.F.);
#6292=ORIENTED_EDGE('',*,*,#4969,.T.);
#6293=ORIENTED_EDGE('',*,*,#4970,.T.);
#6294=ORIENTED_EDGE('',*,*,#4971,.T.);
#6295=ORIENTED_EDGE('',*,*,#4972,.T.);
#6296=ORIENTED_EDGE('',*,*,#4973,.T.);
#6297=ORIENTED_EDGE('',*,*,#4970,.F.);
#6298=ORIENTED_EDGE('',*,*,#4974,.T.);
#6299=ORIENTED_EDGE('',*,*,#4975,.T.);
#6300=ORIENTED_EDGE('',*,*,#4976,.T.);
#6301=ORIENTED_EDGE('',*,*,#4972,.F.);
#6302=ORIENTED_EDGE('',*,*,#4977,.T.);
#6303=ORIENTED_EDGE('',*,*,#4978,.T.);
#6304=ORIENTED_EDGE('',*,*,#4979,.T.);
#6305=ORIENTED_EDGE('',*,*,#4978,.F.);
#6306=ORIENTED_EDGE('',*,*,#4980,.T.);
#6307=ORIENTED_EDGE('',*,*,#4975,.F.);
#6308=ORIENTED_EDGE('',*,*,#4977,.F.);
#6309=ORIENTED_EDGE('',*,*,#4981,.F.);
#6310=ORIENTED_EDGE('',*,*,#4982,.T.);
#6311=ORIENTED_EDGE('',*,*,#4983,.F.);
#6312=ORIENTED_EDGE('',*,*,#4971,.F.);
#6313=ORIENTED_EDGE('',*,*,#4984,.T.);
#6314=ORIENTED_EDGE('',*,*,#4985,.T.);
#6315=ORIENTED_EDGE('',*,*,#4986,.T.);
#6316=ORIENTED_EDGE('',*,*,#4987,.T.);
#6317=ORIENTED_EDGE('',*,*,#4981,.T.);
#6318=ORIENTED_EDGE('',*,*,#4930,.F.);
#6319=ORIENTED_EDGE('',*,*,#4938,.F.);
#6320=ORIENTED_EDGE('',*,*,#4988,.F.);
#6321=ORIENTED_EDGE('',*,*,#4989,.F.);
#6322=ORIENTED_EDGE('',*,*,#4990,.F.);
#6323=ORIENTED_EDGE('',*,*,#4946,.F.);
#6324=ORIENTED_EDGE('',*,*,#4945,.F.);
#6325=ORIENTED_EDGE('',*,*,#4942,.F.);
#6326=ORIENTED_EDGE('',*,*,#4952,.F.);
#6327=ORIENTED_EDGE('',*,*,#4960,.F.);
#6328=ORIENTED_EDGE('',*,*,#4965,.F.);
#6329=ORIENTED_EDGE('',*,*,#4991,.F.);
#6330=ORIENTED_EDGE('',*,*,#4934,.F.);
#6331=ORIENTED_EDGE('',*,*,#4933,.F.);
#6332=ORIENTED_EDGE('',*,*,#4992,.F.);
#6333=ORIENTED_EDGE('',*,*,#4993,.F.);
#6334=ORIENTED_EDGE('',*,*,#4994,.F.);
#6335=ORIENTED_EDGE('',*,*,#4995,.F.);
#6336=ORIENTED_EDGE('',*,*,#4996,.F.);
#6337=ORIENTED_EDGE('',*,*,#4997,.F.);
#6338=ORIENTED_EDGE('',*,*,#4998,.F.);
#6339=ORIENTED_EDGE('',*,*,#4999,.F.);
#6340=ORIENTED_EDGE('',*,*,#5000,.F.);
#6341=ORIENTED_EDGE('',*,*,#5001,.F.);
#6342=ORIENTED_EDGE('',*,*,#5002,.F.);
#6343=ORIENTED_EDGE('',*,*,#5003,.F.);
#6344=ORIENTED_EDGE('',*,*,#4969,.F.);
#6345=ORIENTED_EDGE('',*,*,#4976,.F.);
#6346=ORIENTED_EDGE('',*,*,#4979,.F.);
#6347=ORIENTED_EDGE('',*,*,#4974,.F.);
#6348=ORIENTED_EDGE('',*,*,#4992,.T.);
#6349=ORIENTED_EDGE('',*,*,#5004,.T.);
#6350=ORIENTED_EDGE('',*,*,#5005,.T.);
#6351=ORIENTED_EDGE('',*,*,#5006,.T.);
#6352=ORIENTED_EDGE('',*,*,#5007,.T.);
#6353=ORIENTED_EDGE('',*,*,#5004,.F.);
#6354=ORIENTED_EDGE('',*,*,#4995,.T.);
#6355=ORIENTED_EDGE('',*,*,#5008,.F.);
#6356=ORIENTED_EDGE('',*,*,#4993,.T.);
#6357=ORIENTED_EDGE('',*,*,#5006,.F.);
#6358=ORIENTED_EDGE('',*,*,#5009,.T.);
#6359=ORIENTED_EDGE('',*,*,#5010,.T.);
#6360=ORIENTED_EDGE('',*,*,#4994,.T.);
#6361=ORIENTED_EDGE('',*,*,#5010,.F.);
#6362=ORIENTED_EDGE('',*,*,#5011,.T.);
#6363=ORIENTED_EDGE('',*,*,#5008,.T.);
#6364=ORIENTED_EDGE('',*,*,#5009,.F.);
#6365=ORIENTED_EDGE('',*,*,#5012,.T.);
#6366=ORIENTED_EDGE('',*,*,#5013,.F.);
#6367=ORIENTED_EDGE('',*,*,#5014,.F.);
#6368=ORIENTED_EDGE('',*,*,#5005,.F.);
#6369=ORIENTED_EDGE('',*,*,#5015,.T.);
#6370=ORIENTED_EDGE('',*,*,#5016,.F.);
#6371=ORIENTED_EDGE('',*,*,#5012,.F.);
#6372=ORIENTED_EDGE('',*,*,#5000,.T.);
#6373=ORIENTED_EDGE('',*,*,#5017,.T.);
#6374=ORIENTED_EDGE('',*,*,#5018,.T.);
#6375=ORIENTED_EDGE('',*,*,#5019,.T.);
#6376=ORIENTED_EDGE('',*,*,#5020,.T.);
#6377=ORIENTED_EDGE('',*,*,#5017,.F.);
#6378=ORIENTED_EDGE('',*,*,#5003,.T.);
#6379=ORIENTED_EDGE('',*,*,#5021,.F.);
#6380=ORIENTED_EDGE('',*,*,#5001,.T.);
#6381=ORIENTED_EDGE('',*,*,#5019,.F.);
#6382=ORIENTED_EDGE('',*,*,#5022,.T.);
#6383=ORIENTED_EDGE('',*,*,#5023,.T.);
#6384=ORIENTED_EDGE('',*,*,#5002,.T.);
#6385=ORIENTED_EDGE('',*,*,#5023,.F.);
#6386=ORIENTED_EDGE('',*,*,#5024,.T.);
#6387=ORIENTED_EDGE('',*,*,#5021,.T.);
#6388=ORIENTED_EDGE('',*,*,#5022,.F.);
#6389=ORIENTED_EDGE('',*,*,#5025,.T.);
#6390=ORIENTED_EDGE('',*,*,#5026,.F.);
#6391=ORIENTED_EDGE('',*,*,#5027,.F.);
#6392=ORIENTED_EDGE('',*,*,#5018,.F.);
#6393=ORIENTED_EDGE('',*,*,#5028,.T.);
#6394=ORIENTED_EDGE('',*,*,#5029,.F.);
#6395=ORIENTED_EDGE('',*,*,#5025,.F.);
#6396=ORIENTED_EDGE('',*,*,#5030,.T.);
#6397=ORIENTED_EDGE('',*,*,#5031,.T.);
#6398=ORIENTED_EDGE('',*,*,#4998,.T.);
#6399=ORIENTED_EDGE('',*,*,#5032,.T.);
#6400=ORIENTED_EDGE('',*,*,#4996,.T.);
#6401=ORIENTED_EDGE('',*,*,#5033,.T.);
#6402=ORIENTED_EDGE('',*,*,#5034,.T.);
#6403=ORIENTED_EDGE('',*,*,#5035,.F.);
#6404=ORIENTED_EDGE('',*,*,#5036,.T.);
#6405=ORIENTED_EDGE('',*,*,#5033,.F.);
#6406=ORIENTED_EDGE('',*,*,#4999,.T.);
#6407=ORIENTED_EDGE('',*,*,#5031,.F.);
#6408=ORIENTED_EDGE('',*,*,#5037,.T.);
#6409=ORIENTED_EDGE('',*,*,#5032,.F.);
#6410=ORIENTED_EDGE('',*,*,#4997,.T.);
#6411=ORIENTED_EDGE('',*,*,#5035,.T.);
#6412=ORIENTED_EDGE('',*,*,#5037,.F.);
#6413=ORIENTED_EDGE('',*,*,#5038,.T.);
#6414=ORIENTED_EDGE('',*,*,#5039,.T.);
#6415=ORIENTED_EDGE('',*,*,#5040,.F.);
#6416=ORIENTED_EDGE('',*,*,#5041,.F.);
#6417=ORIENTED_EDGE('',*,*,#5042,.F.);
#6418=ORIENTED_EDGE('',*,*,#5043,.T.);
#6419=ORIENTED_EDGE('',*,*,#5044,.F.);
#6420=ORIENTED_EDGE('',*,*,#5034,.F.);
#6421=ORIENTED_EDGE('',*,*,#5045,.T.);
#6422=ORIENTED_EDGE('',*,*,#5046,.F.);
#6423=ORIENTED_EDGE('',*,*,#5047,.T.);
#6424=ORIENTED_EDGE('',*,*,#5048,.T.);
#6425=ORIENTED_EDGE('',*,*,#5049,.T.);
#6426=ORIENTED_EDGE('',*,*,#5050,.T.);
#6427=ORIENTED_EDGE('',*,*,#5038,.F.);
#6428=ORIENTED_EDGE('',*,*,#4935,.T.);
#6429=ORIENTED_EDGE('',*,*,#4991,.T.);
#6430=ORIENTED_EDGE('',*,*,#4964,.F.);
#6431=ORIENTED_EDGE('',*,*,#5051,.T.);
#6432=ORIENTED_EDGE('',*,*,#5052,.T.);
#6433=ORIENTED_EDGE('',*,*,#4988,.T.);
#6434=ORIENTED_EDGE('',*,*,#4937,.F.);
#6435=ORIENTED_EDGE('',*,*,#5053,.T.);
#6436=ORIENTED_EDGE('',*,*,#5054,.T.);
#6437=ORIENTED_EDGE('',*,*,#4989,.T.);
#6438=ORIENTED_EDGE('',*,*,#5052,.F.);
#6439=ORIENTED_EDGE('',*,*,#5055,.T.);
#6440=ORIENTED_EDGE('',*,*,#4947,.T.);
#6441=ORIENTED_EDGE('',*,*,#4990,.T.);
#6442=ORIENTED_EDGE('',*,*,#5054,.F.);
#6443=ORIENTED_EDGE('',*,*,#5056,.T.);
#6444=ORIENTED_EDGE('',*,*,#4962,.F.);
#6445=ORIENTED_EDGE('',*,*,#4966,.T.);
#6446=ORIENTED_EDGE('',*,*,#4949,.F.);
#6447=ORIENTED_EDGE('',*,*,#5057,.T.);
#6448=ORIENTED_EDGE('',*,*,#5053,.F.);
#6449=ORIENTED_EDGE('',*,*,#5058,.T.);
#6450=ORIENTED_EDGE('',*,*,#5059,.T.);
#6451=ORIENTED_EDGE('',*,*,#5060,.F.);
#6452=ORIENTED_EDGE('',*,*,#4936,.F.);
#6453=ORIENTED_EDGE('',*,*,#5061,.T.);
#6454=ORIENTED_EDGE('',*,*,#5062,.T.);
#6455=ORIENTED_EDGE('',*,*,#5058,.F.);
#6456=ORIENTED_EDGE('',*,*,#5063,.T.);
#6457=ORIENTED_EDGE('',*,*,#5064,.T.);
#6458=ORIENTED_EDGE('',*,*,#5065,.T.);
#6459=ORIENTED_EDGE('',*,*,#5066,.T.);
#6460=ORIENTED_EDGE('',*,*,#5067,.T.);
#6461=ORIENTED_EDGE('',*,*,#5068,.T.);
#6462=ORIENTED_EDGE('',*,*,#5069,.T.);
#6463=ORIENTED_EDGE('',*,*,#5070,.T.);
#6464=ORIENTED_EDGE('',*,*,#5071,.T.);
#6465=ORIENTED_EDGE('',*,*,#5072,.T.);
#6466=ORIENTED_EDGE('',*,*,#5073,.T.);
#6467=ORIENTED_EDGE('',*,*,#5074,.T.);
#6468=ORIENTED_EDGE('',*,*,#5075,.T.);
#6469=ORIENTED_EDGE('',*,*,#5076,.T.);
#6470=ORIENTED_EDGE('',*,*,#5077,.T.);
#6471=ORIENTED_EDGE('',*,*,#5078,.T.);
#6472=ORIENTED_EDGE('',*,*,#5079,.T.);
#6473=ORIENTED_EDGE('',*,*,#5080,.T.);
#6474=ORIENTED_EDGE('',*,*,#5081,.T.);
#6475=ORIENTED_EDGE('',*,*,#5082,.T.);
#6476=ORIENTED_EDGE('',*,*,#5083,.T.);
#6477=ORIENTED_EDGE('',*,*,#5084,.T.);
#6478=ORIENTED_EDGE('',*,*,#5085,.T.);
#6479=ORIENTED_EDGE('',*,*,#5086,.T.);
#6480=ORIENTED_EDGE('',*,*,#5087,.T.);
#6481=ORIENTED_EDGE('',*,*,#5088,.T.);
#6482=ORIENTED_EDGE('',*,*,#5089,.T.);
#6483=ORIENTED_EDGE('',*,*,#5090,.T.);
#6484=ORIENTED_EDGE('',*,*,#5091,.T.);
#6485=ORIENTED_EDGE('',*,*,#5092,.T.);
#6486=ORIENTED_EDGE('',*,*,#5093,.T.);
#6487=ORIENTED_EDGE('',*,*,#5094,.T.);
#6488=ORIENTED_EDGE('',*,*,#5095,.T.);
#6489=ORIENTED_EDGE('',*,*,#5096,.T.);
#6490=ORIENTED_EDGE('',*,*,#5097,.T.);
#6491=ORIENTED_EDGE('',*,*,#5098,.T.);
#6492=ORIENTED_EDGE('',*,*,#5099,.T.);
#6493=ORIENTED_EDGE('',*,*,#5100,.T.);
#6494=ORIENTED_EDGE('',*,*,#5101,.T.);
#6495=ORIENTED_EDGE('',*,*,#5102,.T.);
#6496=ORIENTED_EDGE('',*,*,#5103,.T.);
#6497=ORIENTED_EDGE('',*,*,#5104,.T.);
#6498=ORIENTED_EDGE('',*,*,#5105,.T.);
#6499=ORIENTED_EDGE('',*,*,#5106,.T.);
#6500=ORIENTED_EDGE('',*,*,#5107,.T.);
#6501=ORIENTED_EDGE('',*,*,#5108,.T.);
#6502=ORIENTED_EDGE('',*,*,#5109,.T.);
#6503=ORIENTED_EDGE('',*,*,#5110,.T.);
#6504=ORIENTED_EDGE('',*,*,#5111,.T.);
#6505=ORIENTED_EDGE('',*,*,#5112,.T.);
#6506=ORIENTED_EDGE('',*,*,#5113,.T.);
#6507=ORIENTED_EDGE('',*,*,#5114,.T.);
#6508=ORIENTED_EDGE('',*,*,#5115,.T.);
#6509=ORIENTED_EDGE('',*,*,#5116,.T.);
#6510=ORIENTED_EDGE('',*,*,#5117,.T.);
#6511=ORIENTED_EDGE('',*,*,#5118,.T.);
#6512=ORIENTED_EDGE('',*,*,#5119,.T.);
#6513=ORIENTED_EDGE('',*,*,#5120,.T.);
#6514=ORIENTED_EDGE('',*,*,#5121,.T.);
#6515=ORIENTED_EDGE('',*,*,#5122,.T.);
#6516=ORIENTED_EDGE('',*,*,#5123,.T.);
#6517=ORIENTED_EDGE('',*,*,#5124,.T.);
#6518=ORIENTED_EDGE('',*,*,#5051,.F.);
#6519=ORIENTED_EDGE('',*,*,#5125,.T.);
#6520=ORIENTED_EDGE('',*,*,#5126,.T.);
#6521=ORIENTED_EDGE('',*,*,#5061,.F.);
#6522=ORIENTED_EDGE('',*,*,#4963,.F.);
#6523=ORIENTED_EDGE('',*,*,#5127,.T.);
#6524=ORIENTED_EDGE('',*,*,#5128,.T.);
#6525=ORIENTED_EDGE('',*,*,#5125,.F.);
#6526=ORIENTED_EDGE('',*,*,#5129,.F.);
#6527=ORIENTED_EDGE('',*,*,#5130,.T.);
#6528=ORIENTED_EDGE('',*,*,#5131,.T.);
#6529=ORIENTED_EDGE('',*,*,#5132,.T.);
#6530=ORIENTED_EDGE('',*,*,#5133,.T.);
#6531=ORIENTED_EDGE('',*,*,#5134,.T.);
#6532=ORIENTED_EDGE('',*,*,#5135,.T.);
#6533=ORIENTED_EDGE('',*,*,#5136,.T.);
#6534=ORIENTED_EDGE('',*,*,#5137,.T.);
#6535=ORIENTED_EDGE('',*,*,#5138,.T.);
#6536=ORIENTED_EDGE('',*,*,#5139,.T.);
#6537=ORIENTED_EDGE('',*,*,#5140,.T.);
#6538=ORIENTED_EDGE('',*,*,#5141,.T.);
#6539=ORIENTED_EDGE('',*,*,#5142,.T.);
#6540=ORIENTED_EDGE('',*,*,#5143,.T.);
#6541=ORIENTED_EDGE('',*,*,#5144,.T.);
#6542=ORIENTED_EDGE('',*,*,#5145,.T.);
#6543=ORIENTED_EDGE('',*,*,#5146,.T.);
#6544=ORIENTED_EDGE('',*,*,#5147,.T.);
#6545=ORIENTED_EDGE('',*,*,#5148,.T.);
#6546=ORIENTED_EDGE('',*,*,#5149,.T.);
#6547=ORIENTED_EDGE('',*,*,#5150,.T.);
#6548=ORIENTED_EDGE('',*,*,#5151,.T.);
#6549=ORIENTED_EDGE('',*,*,#5152,.T.);
#6550=ORIENTED_EDGE('',*,*,#5153,.T.);
#6551=ORIENTED_EDGE('',*,*,#5154,.T.);
#6552=ORIENTED_EDGE('',*,*,#5155,.T.);
#6553=ORIENTED_EDGE('',*,*,#5156,.F.);
#6554=ORIENTED_EDGE('',*,*,#5157,.T.);
#6555=ORIENTED_EDGE('',*,*,#5158,.T.);
#6556=ORIENTED_EDGE('',*,*,#5159,.T.);
#6557=ORIENTED_EDGE('',*,*,#5160,.T.);
#6558=ORIENTED_EDGE('',*,*,#5161,.T.);
#6559=ORIENTED_EDGE('',*,*,#5162,.T.);
#6560=ORIENTED_EDGE('',*,*,#5163,.T.);
#6561=ORIENTED_EDGE('',*,*,#5164,.T.);
#6562=ORIENTED_EDGE('',*,*,#5165,.T.);
#6563=ORIENTED_EDGE('',*,*,#5166,.T.);
#6564=ORIENTED_EDGE('',*,*,#5167,.T.);
#6565=ORIENTED_EDGE('',*,*,#5168,.T.);
#6566=ORIENTED_EDGE('',*,*,#5169,.F.);
#6567=ORIENTED_EDGE('',*,*,#5170,.T.);
#6568=ORIENTED_EDGE('',*,*,#5171,.T.);
#6569=ORIENTED_EDGE('',*,*,#5172,.T.);
#6570=ORIENTED_EDGE('',*,*,#5171,.F.);
#6571=ORIENTED_EDGE('',*,*,#5173,.F.);
#6572=ORIENTED_EDGE('',*,*,#5174,.F.);
#6573=ORIENTED_EDGE('',*,*,#5175,.F.);
#6574=ORIENTED_EDGE('',*,*,#5176,.T.);
#6575=ORIENTED_EDGE('',*,*,#4925,.T.);
#6576=ORIENTED_EDGE('',*,*,#5173,.T.);
#6577=ORIENTED_EDGE('',*,*,#5172,.F.);
#6578=ORIENTED_EDGE('',*,*,#5177,.F.);
#6579=ORIENTED_EDGE('',*,*,#5178,.T.);
#6580=ORIENTED_EDGE('',*,*,#5179,.F.);
#6581=ORIENTED_EDGE('',*,*,#5180,.T.);
#6582=ORIENTED_EDGE('',*,*,#5181,.F.);
#6583=ORIENTED_EDGE('',*,*,#5182,.T.);
#6584=ORIENTED_EDGE('',*,*,#5183,.F.);
#6585=ORIENTED_EDGE('',*,*,#5184,.T.);
#6586=ORIENTED_EDGE('',*,*,#5055,.F.);
#6587=ORIENTED_EDGE('',*,*,#5060,.T.);
#6588=ORIENTED_EDGE('',*,*,#5185,.T.);
#6589=ORIENTED_EDGE('',*,*,#5186,.F.);
#6590=ORIENTED_EDGE('',*,*,#5187,.T.);
#6591=ORIENTED_EDGE('',*,*,#5188,.T.);
#6592=ORIENTED_EDGE('',*,*,#5189,.T.);
#6593=ORIENTED_EDGE('',*,*,#5190,.T.);
#6594=ORIENTED_EDGE('',*,*,#5191,.T.);
#6595=ORIENTED_EDGE('',*,*,#5192,.T.);
#6596=ORIENTED_EDGE('',*,*,#5193,.T.);
#6597=ORIENTED_EDGE('',*,*,#5194,.T.);
#6598=ORIENTED_EDGE('',*,*,#5195,.T.);
#6599=ORIENTED_EDGE('',*,*,#5196,.T.);
#6600=ORIENTED_EDGE('',*,*,#5197,.T.);
#6601=ORIENTED_EDGE('',*,*,#5198,.T.);
#6602=ORIENTED_EDGE('',*,*,#5199,.T.);
#6603=ORIENTED_EDGE('',*,*,#5200,.T.);
#6604=ORIENTED_EDGE('',*,*,#5201,.T.);
#6605=ORIENTED_EDGE('',*,*,#5202,.T.);
#6606=ORIENTED_EDGE('',*,*,#5203,.T.);
#6607=ORIENTED_EDGE('',*,*,#5204,.T.);
#6608=ORIENTED_EDGE('',*,*,#5205,.T.);
#6609=ORIENTED_EDGE('',*,*,#5206,.T.);
#6610=ORIENTED_EDGE('',*,*,#5207,.T.);
#6611=ORIENTED_EDGE('',*,*,#5170,.F.);
#6612=ORIENTED_EDGE('',*,*,#5208,.T.);
#6613=ORIENTED_EDGE('',*,*,#5209,.T.);
#6614=ORIENTED_EDGE('',*,*,#5210,.F.);
#6615=ORIENTED_EDGE('',*,*,#5211,.T.);
#6616=ORIENTED_EDGE('',*,*,#5212,.T.);
#6617=ORIENTED_EDGE('',*,*,#5213,.T.);
#6618=ORIENTED_EDGE('',*,*,#5214,.T.);
#6619=ORIENTED_EDGE('',*,*,#5215,.T.);
#6620=ORIENTED_EDGE('',*,*,#5212,.F.);
#6621=ORIENTED_EDGE('',*,*,#5216,.T.);
#6622=ORIENTED_EDGE('',*,*,#5217,.T.);
#6623=ORIENTED_EDGE('',*,*,#5218,.T.);
#6624=ORIENTED_EDGE('',*,*,#5214,.F.);
#6625=ORIENTED_EDGE('',*,*,#5208,.F.);
#6626=ORIENTED_EDGE('',*,*,#5219,.T.);
#6627=ORIENTED_EDGE('',*,*,#5220,.T.);
#6628=ORIENTED_EDGE('',*,*,#5221,.F.);
#6629=ORIENTED_EDGE('',*,*,#5215,.F.);
#6630=ORIENTED_EDGE('',*,*,#5222,.T.);
#6631=ORIENTED_EDGE('',*,*,#5223,.T.);
#6632=ORIENTED_EDGE('',*,*,#5219,.F.);
#6633=ORIENTED_EDGE('',*,*,#5224,.F.);
#6634=ORIENTED_EDGE('',*,*,#5225,.F.);
#6635=ORIENTED_EDGE('',*,*,#5218,.F.);
#6636=ORIENTED_EDGE('',*,*,#5226,.T.);
#6637=ORIENTED_EDGE('',*,*,#5227,.T.);
#6638=ORIENTED_EDGE('',*,*,#5222,.F.);
#6639=ORIENTED_EDGE('',*,*,#5228,.F.);
#6640=ORIENTED_EDGE('',*,*,#5229,.F.);
#6641=ORIENTED_EDGE('',*,*,#5230,.F.);
#6642=ORIENTED_EDGE('',*,*,#5231,.F.);
#6643=ORIENTED_EDGE('',*,*,#5232,.F.);
#6644=ORIENTED_EDGE('',*,*,#5233,.F.);
#6645=ORIENTED_EDGE('',*,*,#5234,.F.);
#6646=ORIENTED_EDGE('',*,*,#5235,.F.);
#6647=ORIENTED_EDGE('',*,*,#5236,.F.);
#6648=ORIENTED_EDGE('',*,*,#5237,.F.);
#6649=ORIENTED_EDGE('',*,*,#5238,.F.);
#6650=ORIENTED_EDGE('',*,*,#5239,.F.);
#6651=ORIENTED_EDGE('',*,*,#5239,.T.);
#6652=ORIENTED_EDGE('',*,*,#5240,.F.);
#6653=ORIENTED_EDGE('',*,*,#5241,.F.);
#6654=ORIENTED_EDGE('',*,*,#5242,.F.);
#6655=ORIENTED_EDGE('',*,*,#5237,.T.);
#6656=ORIENTED_EDGE('',*,*,#5243,.F.);
#6657=ORIENTED_EDGE('',*,*,#5244,.F.);
#6658=ORIENTED_EDGE('',*,*,#5245,.F.);
#6659=ORIENTED_EDGE('',*,*,#5235,.T.);
#6660=ORIENTED_EDGE('',*,*,#5246,.T.);
#6661=ORIENTED_EDGE('',*,*,#5247,.T.);
#6662=ORIENTED_EDGE('',*,*,#5183,.T.);
#6663=ORIENTED_EDGE('',*,*,#5248,.T.);
#6664=ORIENTED_EDGE('',*,*,#5249,.T.);
#6665=ORIENTED_EDGE('',*,*,#5234,.T.);
#6666=ORIENTED_EDGE('',*,*,#5242,.T.);
#6667=ORIENTED_EDGE('',*,*,#5250,.F.);
#6668=ORIENTED_EDGE('',*,*,#5246,.F.);
#6669=ORIENTED_EDGE('',*,*,#5236,.T.);
#6670=ORIENTED_EDGE('',*,*,#5249,.F.);
#6671=ORIENTED_EDGE('',*,*,#5251,.F.);
#6672=ORIENTED_EDGE('',*,*,#5243,.T.);
#6673=ORIENTED_EDGE('',*,*,#5233,.T.);
#6674=ORIENTED_EDGE('',*,*,#5252,.F.);
#6675=ORIENTED_EDGE('',*,*,#5253,.F.);
#6676=ORIENTED_EDGE('',*,*,#5254,.F.);
#6677=ORIENTED_EDGE('',*,*,#5231,.T.);
#6678=ORIENTED_EDGE('',*,*,#5255,.F.);
#6679=ORIENTED_EDGE('',*,*,#5256,.F.);
#6680=ORIENTED_EDGE('',*,*,#5257,.F.);
#6681=ORIENTED_EDGE('',*,*,#5229,.T.);
#6682=ORIENTED_EDGE('',*,*,#5258,.T.);
#6683=ORIENTED_EDGE('',*,*,#5259,.T.);
#6684=ORIENTED_EDGE('',*,*,#5179,.T.);
#6685=ORIENTED_EDGE('',*,*,#5260,.T.);
#6686=ORIENTED_EDGE('',*,*,#5261,.T.);
#6687=ORIENTED_EDGE('',*,*,#5228,.T.);
#6688=ORIENTED_EDGE('',*,*,#5254,.T.);
#6689=ORIENTED_EDGE('',*,*,#5262,.F.);
#6690=ORIENTED_EDGE('',*,*,#5258,.F.);
#6691=ORIENTED_EDGE('',*,*,#5230,.T.);
#6692=ORIENTED_EDGE('',*,*,#5261,.F.);
#6693=ORIENTED_EDGE('',*,*,#5263,.F.);
#6694=ORIENTED_EDGE('',*,*,#5255,.T.);
#6695=ORIENTED_EDGE('',*,*,#5264,.F.);
#6696=ORIENTED_EDGE('',*,*,#4926,.F.);
#6697=ORIENTED_EDGE('',*,*,#5176,.F.);
#6698=ORIENTED_EDGE('',*,*,#5265,.F.);
#6699=ORIENTED_EDGE('',*,*,#5266,.F.);
#6700=ORIENTED_EDGE('',*,*,#5264,.T.);
#6701=ORIENTED_EDGE('',*,*,#5267,.F.);
#6702=ORIENTED_EDGE('',*,*,#5268,.F.);
#6703=ORIENTED_EDGE('',*,*,#5269,.F.);
#6704=ORIENTED_EDGE('',*,*,#5270,.F.);
#6705=ORIENTED_EDGE('',*,*,#5271,.F.);
#6706=ORIENTED_EDGE('',*,*,#5265,.T.);
#6707=ORIENTED_EDGE('',*,*,#5272,.F.);
#6708=ORIENTED_EDGE('',*,*,#5273,.F.);
#6709=ORIENTED_EDGE('',*,*,#4927,.F.);
#6710=ORIENTED_EDGE('',*,*,#5269,.T.);
#6711=ORIENTED_EDGE('',*,*,#5274,.T.);
#6712=ORIENTED_EDGE('',*,*,#5272,.T.);
#6713=ORIENTED_EDGE('',*,*,#5175,.T.);
#6714=ORIENTED_EDGE('',*,*,#5275,.F.);
#6715=ORIENTED_EDGE('',*,*,#5276,.F.);
#6716=ORIENTED_EDGE('',*,*,#5270,.T.);
#6717=ORIENTED_EDGE('',*,*,#5276,.T.);
#6718=ORIENTED_EDGE('',*,*,#5277,.F.);
#6719=ORIENTED_EDGE('',*,*,#5278,.F.);
#6720=ORIENTED_EDGE('',*,*,#5209,.F.);
#6721=ORIENTED_EDGE('',*,*,#5221,.T.);
#6722=ORIENTED_EDGE('',*,*,#5279,.T.);
#6723=ORIENTED_EDGE('',*,*,#5280,.T.);
#6724=ORIENTED_EDGE('',*,*,#5280,.F.);
#6725=ORIENTED_EDGE('',*,*,#5281,.T.);
#6726=ORIENTED_EDGE('',*,*,#5282,.F.);
#6727=ORIENTED_EDGE('',*,*,#5283,.F.);
#6728=ORIENTED_EDGE('',*,*,#5281,.F.);
#6729=ORIENTED_EDGE('',*,*,#5283,.T.);
#6730=ORIENTED_EDGE('',*,*,#5284,.T.);
#6731=ORIENTED_EDGE('',*,*,#5224,.T.);
#6732=ORIENTED_EDGE('',*,*,#5284,.F.);
#6733=ORIENTED_EDGE('',*,*,#5282,.T.);
#6734=ORIENTED_EDGE('',*,*,#5285,.F.);
#6735=ORIENTED_EDGE('',*,*,#5286,.T.);
#6736=ORIENTED_EDGE('',*,*,#5287,.F.);
#6737=ORIENTED_EDGE('',*,*,#5288,.F.);
#6738=ORIENTED_EDGE('',*,*,#5286,.F.);
#6739=ORIENTED_EDGE('',*,*,#5288,.T.);
#6740=ORIENTED_EDGE('',*,*,#5289,.T.);
#6741=ORIENTED_EDGE('',*,*,#5225,.T.);
#6742=ORIENTED_EDGE('',*,*,#5289,.F.);
#6743=ORIENTED_EDGE('',*,*,#5287,.T.);
#6744=ORIENTED_EDGE('',*,*,#5268,.T.);
#6745=ORIENTED_EDGE('',*,*,#5290,.T.);
#6746=ORIENTED_EDGE('',*,*,#5226,.F.);
#6747=ORIENTED_EDGE('',*,*,#5217,.F.);
#6748=ORIENTED_EDGE('',*,*,#5291,.F.);
#6749=ORIENTED_EDGE('',*,*,#5274,.F.);
#6750=ORIENTED_EDGE('',*,*,#5285,.T.);
#6751=ORIENTED_EDGE('',*,*,#5238,.T.);
#6752=ORIENTED_EDGE('',*,*,#5245,.T.);
#6753=ORIENTED_EDGE('',*,*,#5292,.T.);
#6754=ORIENTED_EDGE('',*,*,#5181,.T.);
#6755=ORIENTED_EDGE('',*,*,#5293,.T.);
#6756=ORIENTED_EDGE('',*,*,#5240,.T.);
#6757=ORIENTED_EDGE('',*,*,#5232,.T.);
#6758=ORIENTED_EDGE('',*,*,#5257,.T.);
#6759=ORIENTED_EDGE('',*,*,#5294,.T.);
#6760=ORIENTED_EDGE('',*,*,#5177,.T.);
#6761=ORIENTED_EDGE('',*,*,#5295,.T.);
#6762=ORIENTED_EDGE('',*,*,#5252,.T.);
#6763=ORIENTED_EDGE('',*,*,#5248,.F.);
#6764=ORIENTED_EDGE('',*,*,#5182,.F.);
#6765=ORIENTED_EDGE('',*,*,#5292,.F.);
#6766=ORIENTED_EDGE('',*,*,#5244,.T.);
#6767=ORIENTED_EDGE('',*,*,#5251,.T.);
#6768=ORIENTED_EDGE('',*,*,#5293,.F.);
#6769=ORIENTED_EDGE('',*,*,#5184,.F.);
#6770=ORIENTED_EDGE('',*,*,#5247,.F.);
#6771=ORIENTED_EDGE('',*,*,#5250,.T.);
#6772=ORIENTED_EDGE('',*,*,#5241,.T.);
#6773=ORIENTED_EDGE('',*,*,#5260,.F.);
#6774=ORIENTED_EDGE('',*,*,#5178,.F.);
#6775=ORIENTED_EDGE('',*,*,#5294,.F.);
#6776=ORIENTED_EDGE('',*,*,#5256,.T.);
#6777=ORIENTED_EDGE('',*,*,#5263,.T.);
#6778=ORIENTED_EDGE('',*,*,#5295,.F.);
#6779=ORIENTED_EDGE('',*,*,#5180,.F.);
#6780=ORIENTED_EDGE('',*,*,#5259,.F.);
#6781=ORIENTED_EDGE('',*,*,#5262,.T.);
#6782=ORIENTED_EDGE('',*,*,#5253,.T.);
#6783=ORIENTED_EDGE('',*,*,#5267,.T.);
#6784=ORIENTED_EDGE('',*,*,#5266,.T.);
#6785=ORIENTED_EDGE('',*,*,#5271,.T.);
#6786=ORIENTED_EDGE('',*,*,#5279,.F.);
#6787=ORIENTED_EDGE('',*,*,#5220,.F.);
#6788=ORIENTED_EDGE('',*,*,#5223,.F.);
#6789=ORIENTED_EDGE('',*,*,#5227,.F.);
#6790=ORIENTED_EDGE('',*,*,#5290,.F.);
#6791=ORIENTED_EDGE('',*,*,#5296,.T.);
#6792=ORIENTED_EDGE('',*,*,#5297,.T.);
#6793=ORIENTED_EDGE('',*,*,#5298,.T.);
#6794=ORIENTED_EDGE('',*,*,#5169,.T.);
#6795=ORIENTED_EDGE('',*,*,#5297,.F.);
#6796=ORIENTED_EDGE('',*,*,#5299,.F.);
#6797=ORIENTED_EDGE('',*,*,#5300,.F.);
#6798=ORIENTED_EDGE('',*,*,#5301,.T.);
#6799=ORIENTED_EDGE('',*,*,#5302,.T.);
#6800=ORIENTED_EDGE('',*,*,#5303,.T.);
#6801=ORIENTED_EDGE('',*,*,#5304,.T.);
#6802=ORIENTED_EDGE('',*,*,#5156,.T.);
#6803=ORIENTED_EDGE('',*,*,#5303,.F.);
#6804=ORIENTED_EDGE('',*,*,#5305,.F.);
#6805=ORIENTED_EDGE('',*,*,#5306,.F.);
#6806=ORIENTED_EDGE('',*,*,#5307,.T.);
#6807=ORIENTED_EDGE('',*,*,#5308,.T.);
#6808=ORIENTED_EDGE('',*,*,#5309,.T.);
#6809=ORIENTED_EDGE('',*,*,#5310,.T.);
#6810=ORIENTED_EDGE('',*,*,#5311,.T.);
#6811=ORIENTED_EDGE('',*,*,#5312,.T.);
#6812=ORIENTED_EDGE('',*,*,#5313,.T.);
#6813=ORIENTED_EDGE('',*,*,#5314,.T.);
#6814=ORIENTED_EDGE('',*,*,#5311,.F.);
#6815=ORIENTED_EDGE('',*,*,#5315,.T.);
#6816=ORIENTED_EDGE('',*,*,#5316,.T.);
#6817=ORIENTED_EDGE('',*,*,#5317,.F.);
#6818=ORIENTED_EDGE('',*,*,#5318,.T.);
#6819=ORIENTED_EDGE('',*,*,#5313,.F.);
#6820=ORIENTED_EDGE('',*,*,#5308,.F.);
#6821=ORIENTED_EDGE('',*,*,#5319,.T.);
#6822=ORIENTED_EDGE('',*,*,#5320,.F.);
#6823=ORIENTED_EDGE('',*,*,#5321,.F.);
#6824=ORIENTED_EDGE('',*,*,#5314,.F.);
#6825=ORIENTED_EDGE('',*,*,#5322,.T.);
#6826=ORIENTED_EDGE('',*,*,#5323,.F.);
#6827=ORIENTED_EDGE('',*,*,#5319,.F.);
#6828=ORIENTED_EDGE('',*,*,#5324,.T.);
#6829=ORIENTED_EDGE('',*,*,#5325,.T.);
#6830=ORIENTED_EDGE('',*,*,#5318,.F.);
#6831=ORIENTED_EDGE('',*,*,#5326,.T.);
#6832=ORIENTED_EDGE('',*,*,#5327,.F.);
#6833=ORIENTED_EDGE('',*,*,#5322,.F.);
#6834=ORIENTED_EDGE('',*,*,#5129,.T.);
#6835=ORIENTED_EDGE('',*,*,#5328,.T.);
#6836=ORIENTED_EDGE('',*,*,#5329,.T.);
#6837=ORIENTED_EDGE('',*,*,#5328,.F.);
#6838=ORIENTED_EDGE('',*,*,#5330,.F.);
#6839=ORIENTED_EDGE('',*,*,#5331,.T.);
#6840=ORIENTED_EDGE('',*,*,#5329,.F.);
#6841=ORIENTED_EDGE('',*,*,#5331,.F.);
#6842=ORIENTED_EDGE('',*,*,#5332,.F.);
#6843=ORIENTED_EDGE('',*,*,#5333,.T.);
#6844=ORIENTED_EDGE('',*,*,#5143,.F.);
#6845=ORIENTED_EDGE('',*,*,#5298,.F.);
#6846=ORIENTED_EDGE('',*,*,#5301,.F.);
#6847=ORIENTED_EDGE('',*,*,#5334,.F.);
#6848=ORIENTED_EDGE('',*,*,#5335,.T.);
#6849=ORIENTED_EDGE('',*,*,#5144,.F.);
#6850=ORIENTED_EDGE('',*,*,#5333,.F.);
#6851=ORIENTED_EDGE('',*,*,#5336,.F.);
#6852=ORIENTED_EDGE('',*,*,#5337,.T.);
#6853=ORIENTED_EDGE('',*,*,#5154,.F.);
#6854=ORIENTED_EDGE('',*,*,#5338,.F.);
#6855=ORIENTED_EDGE('',*,*,#5339,.F.);
#6856=ORIENTED_EDGE('',*,*,#5305,.T.);
#6857=ORIENTED_EDGE('',*,*,#5302,.F.);
#6858=ORIENTED_EDGE('',*,*,#5155,.F.);
#6859=ORIENTED_EDGE('',*,*,#5337,.F.);
#6860=ORIENTED_EDGE('',*,*,#5340,.F.);
#6861=ORIENTED_EDGE('',*,*,#5341,.T.);
#6862=ORIENTED_EDGE('',*,*,#5157,.F.);
#6863=ORIENTED_EDGE('',*,*,#5304,.F.);
#6864=ORIENTED_EDGE('',*,*,#5307,.F.);
#6865=ORIENTED_EDGE('',*,*,#5342,.F.);
#6866=ORIENTED_EDGE('',*,*,#5343,.T.);
#6867=ORIENTED_EDGE('',*,*,#5158,.F.);
#6868=ORIENTED_EDGE('',*,*,#5341,.F.);
#6869=ORIENTED_EDGE('',*,*,#5344,.F.);
#6870=ORIENTED_EDGE('',*,*,#5299,.T.);
#6871=ORIENTED_EDGE('',*,*,#5296,.F.);
#6872=ORIENTED_EDGE('',*,*,#5168,.F.);
#6873=ORIENTED_EDGE('',*,*,#5345,.F.);
#6874=ORIENTED_EDGE('',*,*,#5346,.T.);
#6875=ORIENTED_EDGE('',*,*,#5152,.F.);
#6876=ORIENTED_EDGE('',*,*,#5347,.T.);
#6877=ORIENTED_EDGE('',*,*,#5348,.F.);
#6878=ORIENTED_EDGE('',*,*,#5349,.T.);
#6879=ORIENTED_EDGE('',*,*,#5350,.T.);
#6880=ORIENTED_EDGE('',*,*,#5351,.T.);
#6881=ORIENTED_EDGE('',*,*,#5352,.T.);
#6882=ORIENTED_EDGE('',*,*,#5353,.T.);
#6883=ORIENTED_EDGE('',*,*,#5354,.F.);
#6884=ORIENTED_EDGE('',*,*,#5355,.F.);
#6885=ORIENTED_EDGE('',*,*,#5160,.F.);
#6886=ORIENTED_EDGE('',*,*,#5356,.T.);
#6887=ORIENTED_EDGE('',*,*,#5357,.T.);
#6888=ORIENTED_EDGE('',*,*,#5358,.T.);
#6889=ORIENTED_EDGE('',*,*,#5359,.F.);
#6890=ORIENTED_EDGE('',*,*,#5360,.F.);
#6891=ORIENTED_EDGE('',*,*,#5150,.F.);
#6892=ORIENTED_EDGE('',*,*,#5361,.T.);
#6893=ORIENTED_EDGE('',*,*,#5148,.F.);
#6894=ORIENTED_EDGE('',*,*,#5362,.T.);
#6895=ORIENTED_EDGE('',*,*,#5363,.F.);
#6896=ORIENTED_EDGE('',*,*,#5364,.T.);
#6897=ORIENTED_EDGE('',*,*,#5365,.T.);
#6898=ORIENTED_EDGE('',*,*,#5366,.T.);
#6899=ORIENTED_EDGE('',*,*,#5367,.T.);
#6900=ORIENTED_EDGE('',*,*,#5368,.T.);
#6901=ORIENTED_EDGE('',*,*,#5369,.F.);
#6902=ORIENTED_EDGE('',*,*,#5370,.F.);
#6903=ORIENTED_EDGE('',*,*,#5164,.F.);
#6904=ORIENTED_EDGE('',*,*,#5371,.T.);
#6905=ORIENTED_EDGE('',*,*,#5166,.F.);
#6906=ORIENTED_EDGE('',*,*,#5372,.T.);
#6907=ORIENTED_EDGE('',*,*,#5373,.F.);
#6908=ORIENTED_EDGE('',*,*,#5374,.T.);
#6909=ORIENTED_EDGE('',*,*,#5375,.T.);
#6910=ORIENTED_EDGE('',*,*,#5376,.T.);
#6911=ORIENTED_EDGE('',*,*,#5377,.T.);
#6912=ORIENTED_EDGE('',*,*,#5378,.T.);
#6913=ORIENTED_EDGE('',*,*,#5379,.F.);
#6914=ORIENTED_EDGE('',*,*,#5380,.F.);
#6915=ORIENTED_EDGE('',*,*,#5146,.F.);
#6916=ORIENTED_EDGE('',*,*,#5381,.F.);
#6917=ORIENTED_EDGE('',*,*,#5351,.F.);
#6918=ORIENTED_EDGE('',*,*,#5159,.F.);
#6919=ORIENTED_EDGE('',*,*,#5343,.F.);
#6920=ORIENTED_EDGE('',*,*,#5382,.F.);
#6921=ORIENTED_EDGE('',*,*,#5383,.T.);
#6922=ORIENTED_EDGE('',*,*,#5384,.F.);
#6923=ORIENTED_EDGE('',*,*,#5366,.F.);
#6924=ORIENTED_EDGE('',*,*,#5163,.F.);
#6925=ORIENTED_EDGE('',*,*,#5385,.F.);
#6926=ORIENTED_EDGE('',*,*,#5386,.F.);
#6927=ORIENTED_EDGE('',*,*,#5338,.T.);
#6928=ORIENTED_EDGE('',*,*,#5153,.F.);
#6929=ORIENTED_EDGE('',*,*,#5346,.F.);
#6930=ORIENTED_EDGE('',*,*,#5387,.F.);
#6931=ORIENTED_EDGE('',*,*,#5356,.F.);
#6932=ORIENTED_EDGE('',*,*,#5149,.F.);
#6933=ORIENTED_EDGE('',*,*,#5361,.F.);
#6934=ORIENTED_EDGE('',*,*,#5388,.F.);
#6935=ORIENTED_EDGE('',*,*,#5376,.F.);
#6936=ORIENTED_EDGE('',*,*,#5145,.F.);
#6937=ORIENTED_EDGE('',*,*,#5335,.F.);
#6938=ORIENTED_EDGE('',*,*,#5389,.F.);
#6939=ORIENTED_EDGE('',*,*,#5390,.F.);
#6940=ORIENTED_EDGE('',*,*,#5353,.F.);
#6941=ORIENTED_EDGE('',*,*,#5391,.F.);
#6942=ORIENTED_EDGE('',*,*,#5392,.F.);
#6943=ORIENTED_EDGE('',*,*,#5393,.F.);
#6944=ORIENTED_EDGE('',*,*,#5394,.T.);
#6945=ORIENTED_EDGE('',*,*,#5395,.F.);
#6946=ORIENTED_EDGE('',*,*,#5396,.F.);
#6947=ORIENTED_EDGE('',*,*,#5397,.F.);
#6948=ORIENTED_EDGE('',*,*,#5398,.T.);
#6949=ORIENTED_EDGE('',*,*,#5399,.F.);
#6950=ORIENTED_EDGE('',*,*,#5358,.F.);
#6951=ORIENTED_EDGE('',*,*,#5400,.F.);
#6952=ORIENTED_EDGE('',*,*,#5349,.F.);
#6953=ORIENTED_EDGE('',*,*,#5401,.F.);
#6954=ORIENTED_EDGE('',*,*,#5364,.F.);
#6955=ORIENTED_EDGE('',*,*,#5402,.F.);
#6956=ORIENTED_EDGE('',*,*,#5378,.F.);
#6957=ORIENTED_EDGE('',*,*,#5403,.F.);
#6958=ORIENTED_EDGE('',*,*,#5404,.F.);
#6959=ORIENTED_EDGE('',*,*,#5395,.T.);
#6960=ORIENTED_EDGE('',*,*,#5405,.T.);
#6961=ORIENTED_EDGE('',*,*,#5406,.F.);
#6962=ORIENTED_EDGE('',*,*,#5399,.T.);
#6963=ORIENTED_EDGE('',*,*,#5407,.T.);
#6964=ORIENTED_EDGE('',*,*,#5408,.F.);
#6965=ORIENTED_EDGE('',*,*,#5391,.T.);
#6966=ORIENTED_EDGE('',*,*,#5352,.F.);
#6967=ORIENTED_EDGE('',*,*,#5381,.T.);
#6968=ORIENTED_EDGE('',*,*,#5365,.F.);
#6969=ORIENTED_EDGE('',*,*,#5403,.T.);
#6970=ORIENTED_EDGE('',*,*,#5377,.F.);
#6971=ORIENTED_EDGE('',*,*,#5388,.T.);
#6972=ORIENTED_EDGE('',*,*,#5367,.F.);
#6973=ORIENTED_EDGE('',*,*,#5384,.T.);
#6974=ORIENTED_EDGE('',*,*,#5409,.T.);
#6975=ORIENTED_EDGE('',*,*,#5375,.F.);
#6976=ORIENTED_EDGE('',*,*,#5410,.T.);
#6977=ORIENTED_EDGE('',*,*,#5357,.F.);
#6978=ORIENTED_EDGE('',*,*,#5387,.T.);
#6979=ORIENTED_EDGE('',*,*,#5350,.F.);
#6980=ORIENTED_EDGE('',*,*,#5400,.T.);
#6981=ORIENTED_EDGE('',*,*,#5411,.F.);
#6982=ORIENTED_EDGE('',*,*,#5407,.F.);
#6983=ORIENTED_EDGE('',*,*,#5398,.F.);
#6984=ORIENTED_EDGE('',*,*,#5412,.F.);
#6985=ORIENTED_EDGE('',*,*,#5409,.F.);
#6986=ORIENTED_EDGE('',*,*,#5383,.F.);
#6987=ORIENTED_EDGE('',*,*,#5413,.F.);
#6988=ORIENTED_EDGE('',*,*,#5345,.T.);
#6989=ORIENTED_EDGE('',*,*,#5167,.F.);
#6990=ORIENTED_EDGE('',*,*,#5371,.F.);
#6991=ORIENTED_EDGE('',*,*,#5414,.F.);
#6992=ORIENTED_EDGE('',*,*,#5405,.F.);
#6993=ORIENTED_EDGE('',*,*,#5394,.F.);
#6994=ORIENTED_EDGE('',*,*,#5415,.F.);
#6995=ORIENTED_EDGE('',*,*,#5368,.F.);
#6996=ORIENTED_EDGE('',*,*,#5410,.F.);
#6997=ORIENTED_EDGE('',*,*,#5374,.F.);
#6998=ORIENTED_EDGE('',*,*,#5416,.F.);
#6999=ORIENTED_EDGE('',*,*,#5385,.T.);
#7000=ORIENTED_EDGE('',*,*,#5162,.F.);
#7001=ORIENTED_EDGE('',*,*,#5417,.T.);
#7002=ORIENTED_EDGE('',*,*,#5418,.F.);
#7003=ORIENTED_EDGE('',*,*,#5389,.T.);
#7004=ORIENTED_EDGE('',*,*,#5408,.T.);
#7005=ORIENTED_EDGE('',*,*,#5396,.T.);
#7006=ORIENTED_EDGE('',*,*,#5406,.T.);
#7007=ORIENTED_EDGE('',*,*,#5411,.T.);
#7008=ORIENTED_EDGE('',*,*,#5419,.F.);
#7009=ORIENTED_EDGE('',*,*,#5420,.F.);
#7010=ORIENTED_EDGE('',*,*,#5130,.F.);
#7011=ORIENTED_EDGE('',*,*,#5421,.T.);
#7012=ORIENTED_EDGE('',*,*,#5422,.F.);
#7013=ORIENTED_EDGE('',*,*,#5059,.F.);
#7014=ORIENTED_EDGE('',*,*,#5423,.F.);
#7015=ORIENTED_EDGE('',*,*,#5424,.F.);
#7016=ORIENTED_EDGE('',*,*,#5425,.T.);
#7017=ORIENTED_EDGE('',*,*,#5185,.F.);
#7018=ORIENTED_EDGE('',*,*,#5425,.F.);
#7019=ORIENTED_EDGE('',*,*,#5426,.F.);
#7020=ORIENTED_EDGE('',*,*,#5427,.T.);
#7021=ORIENTED_EDGE('',*,*,#5428,.F.);
#7022=ORIENTED_EDGE('',*,*,#5427,.F.);
#7023=ORIENTED_EDGE('',*,*,#5429,.F.);
#7024=ORIENTED_EDGE('',*,*,#5430,.T.);
#7025=ORIENTED_EDGE('',*,*,#5431,.F.);
#7026=ORIENTED_EDGE('',*,*,#5430,.F.);
#7027=ORIENTED_EDGE('',*,*,#5432,.F.);
#7028=ORIENTED_EDGE('',*,*,#5433,.T.);
#7029=ORIENTED_EDGE('',*,*,#5434,.F.);
#7030=ORIENTED_EDGE('',*,*,#5433,.F.);
#7031=ORIENTED_EDGE('',*,*,#5435,.F.);
#7032=ORIENTED_EDGE('',*,*,#5436,.T.);
#7033=ORIENTED_EDGE('',*,*,#5062,.F.);
#7034=ORIENTED_EDGE('',*,*,#5437,.F.);
#7035=ORIENTED_EDGE('',*,*,#5438,.F.);
#7036=ORIENTED_EDGE('',*,*,#5423,.T.);
#7037=ORIENTED_EDGE('',*,*,#5126,.F.);
#7038=ORIENTED_EDGE('',*,*,#5439,.F.);
#7039=ORIENTED_EDGE('',*,*,#5440,.F.);
#7040=ORIENTED_EDGE('',*,*,#5437,.T.);
#7041=ORIENTED_EDGE('',*,*,#5128,.F.);
#7042=ORIENTED_EDGE('',*,*,#5436,.F.);
#7043=ORIENTED_EDGE('',*,*,#5441,.F.);
#7044=ORIENTED_EDGE('',*,*,#5439,.T.);
#7045=ORIENTED_EDGE('',*,*,#5442,.F.);
#7046=ORIENTED_EDGE('',*,*,#5443,.F.);
#7047=ORIENTED_EDGE('',*,*,#5424,.T.);
#7048=ORIENTED_EDGE('',*,*,#5444,.T.);
#7049=ORIENTED_EDGE('',*,*,#5445,.F.);
#7050=ORIENTED_EDGE('',*,*,#5446,.F.);
#7051=ORIENTED_EDGE('',*,*,#5426,.T.);
#7052=ORIENTED_EDGE('',*,*,#5443,.T.);
#7053=ORIENTED_EDGE('',*,*,#5447,.F.);
#7054=ORIENTED_EDGE('',*,*,#5444,.F.);
#7055=ORIENTED_EDGE('',*,*,#5438,.T.);
#7056=ORIENTED_EDGE('',*,*,#5448,.T.);
#7057=ORIENTED_EDGE('',*,*,#5449,.F.);
#7058=ORIENTED_EDGE('',*,*,#5450,.F.);
#7059=ORIENTED_EDGE('',*,*,#5429,.T.);
#7060=ORIENTED_EDGE('',*,*,#5446,.T.);
#7061=ORIENTED_EDGE('',*,*,#5056,.F.);
#7062=ORIENTED_EDGE('',*,*,#5186,.T.);
#7063=ORIENTED_EDGE('',*,*,#5428,.T.);
#7064=ORIENTED_EDGE('',*,*,#5451,.F.);
#7065=ORIENTED_EDGE('',*,*,#5452,.F.);
#7066=ORIENTED_EDGE('',*,*,#5448,.F.);
#7067=ORIENTED_EDGE('',*,*,#5440,.T.);
#7068=ORIENTED_EDGE('',*,*,#5453,.T.);
#7069=ORIENTED_EDGE('',*,*,#5454,.F.);
#7070=ORIENTED_EDGE('',*,*,#5455,.F.);
#7071=ORIENTED_EDGE('',*,*,#5432,.T.);
#7072=ORIENTED_EDGE('',*,*,#5450,.T.);
#7073=ORIENTED_EDGE('',*,*,#4948,.F.);
#7074=ORIENTED_EDGE('',*,*,#5451,.T.);
#7075=ORIENTED_EDGE('',*,*,#5431,.T.);
#7076=ORIENTED_EDGE('',*,*,#5456,.F.);
#7077=ORIENTED_EDGE('',*,*,#5457,.T.);
#7078=ORIENTED_EDGE('',*,*,#5458,.T.);
#7079=ORIENTED_EDGE('',*,*,#5459,.T.);
#7080=ORIENTED_EDGE('',*,*,#5460,.T.);
#7081=ORIENTED_EDGE('',*,*,#5461,.T.);
#7082=ORIENTED_EDGE('',*,*,#5462,.T.);
#7083=ORIENTED_EDGE('',*,*,#5463,.T.);
#7084=ORIENTED_EDGE('',*,*,#5464,.T.);
#7085=ORIENTED_EDGE('',*,*,#5465,.T.);
#7086=ORIENTED_EDGE('',*,*,#5466,.T.);
#7087=ORIENTED_EDGE('',*,*,#5467,.T.);
#7088=ORIENTED_EDGE('',*,*,#5468,.T.);
#7089=ORIENTED_EDGE('',*,*,#5469,.T.);
#7090=ORIENTED_EDGE('',*,*,#5470,.T.);
#7091=ORIENTED_EDGE('',*,*,#5471,.T.);
#7092=ORIENTED_EDGE('',*,*,#5472,.T.);
#7093=ORIENTED_EDGE('',*,*,#5473,.T.);
#7094=ORIENTED_EDGE('',*,*,#5474,.T.);
#7095=ORIENTED_EDGE('',*,*,#5475,.T.);
#7096=ORIENTED_EDGE('',*,*,#5476,.T.);
#7097=ORIENTED_EDGE('',*,*,#5477,.T.);
#7098=ORIENTED_EDGE('',*,*,#5478,.T.);
#7099=ORIENTED_EDGE('',*,*,#5479,.T.);
#7100=ORIENTED_EDGE('',*,*,#5480,.T.);
#7101=ORIENTED_EDGE('',*,*,#5481,.T.);
#7102=ORIENTED_EDGE('',*,*,#5482,.T.);
#7103=ORIENTED_EDGE('',*,*,#5483,.T.);
#7104=ORIENTED_EDGE('',*,*,#5484,.T.);
#7105=ORIENTED_EDGE('',*,*,#5485,.T.);
#7106=ORIENTED_EDGE('',*,*,#5486,.T.);
#7107=ORIENTED_EDGE('',*,*,#5487,.T.);
#7108=ORIENTED_EDGE('',*,*,#5488,.T.);
#7109=ORIENTED_EDGE('',*,*,#5489,.T.);
#7110=ORIENTED_EDGE('',*,*,#5490,.T.);
#7111=ORIENTED_EDGE('',*,*,#5491,.T.);
#7112=ORIENTED_EDGE('',*,*,#5492,.T.);
#7113=ORIENTED_EDGE('',*,*,#5493,.T.);
#7114=ORIENTED_EDGE('',*,*,#5494,.T.);
#7115=ORIENTED_EDGE('',*,*,#5495,.T.);
#7116=ORIENTED_EDGE('',*,*,#5496,.T.);
#7117=ORIENTED_EDGE('',*,*,#5497,.T.);
#7118=ORIENTED_EDGE('',*,*,#5498,.T.);
#7119=ORIENTED_EDGE('',*,*,#5499,.T.);
#7120=ORIENTED_EDGE('',*,*,#5500,.T.);
#7121=ORIENTED_EDGE('',*,*,#5501,.T.);
#7122=ORIENTED_EDGE('',*,*,#5502,.T.);
#7123=ORIENTED_EDGE('',*,*,#5503,.T.);
#7124=ORIENTED_EDGE('',*,*,#5504,.T.);
#7125=ORIENTED_EDGE('',*,*,#5505,.T.);
#7126=ORIENTED_EDGE('',*,*,#5506,.T.);
#7127=ORIENTED_EDGE('',*,*,#5507,.T.);
#7128=ORIENTED_EDGE('',*,*,#5508,.T.);
#7129=ORIENTED_EDGE('',*,*,#5509,.T.);
#7130=ORIENTED_EDGE('',*,*,#5510,.T.);
#7131=ORIENTED_EDGE('',*,*,#5511,.T.);
#7132=ORIENTED_EDGE('',*,*,#5512,.T.);
#7133=ORIENTED_EDGE('',*,*,#5513,.T.);
#7134=ORIENTED_EDGE('',*,*,#5514,.T.);
#7135=ORIENTED_EDGE('',*,*,#5515,.T.);
#7136=ORIENTED_EDGE('',*,*,#5516,.T.);
#7137=ORIENTED_EDGE('',*,*,#5517,.T.);
#7138=ORIENTED_EDGE('',*,*,#5518,.T.);
#7139=ORIENTED_EDGE('',*,*,#5519,.F.);
#7140=ORIENTED_EDGE('',*,*,#5453,.F.);
#7141=ORIENTED_EDGE('',*,*,#5441,.T.);
#7142=ORIENTED_EDGE('',*,*,#5520,.T.);
#7143=ORIENTED_EDGE('',*,*,#5521,.F.);
#7144=ORIENTED_EDGE('',*,*,#5520,.F.);
#7145=ORIENTED_EDGE('',*,*,#5435,.T.);
#7146=ORIENTED_EDGE('',*,*,#5455,.T.);
#7147=ORIENTED_EDGE('',*,*,#5459,.F.);
#7148=ORIENTED_EDGE('',*,*,#5522,.T.);
#7149=ORIENTED_EDGE('',*,*,#5523,.F.);
#7150=ORIENTED_EDGE('',*,*,#5524,.F.);
#7151=ORIENTED_EDGE('',*,*,#5123,.F.);
#7152=ORIENTED_EDGE('',*,*,#5525,.F.);
#7153=ORIENTED_EDGE('',*,*,#5526,.F.);
#7154=ORIENTED_EDGE('',*,*,#5527,.T.);
#7155=ORIENTED_EDGE('',*,*,#5460,.F.);
#7156=ORIENTED_EDGE('',*,*,#5524,.T.);
#7157=ORIENTED_EDGE('',*,*,#5528,.F.);
#7158=ORIENTED_EDGE('',*,*,#5529,.F.);
#7159=ORIENTED_EDGE('',*,*,#5458,.F.);
#7160=ORIENTED_EDGE('',*,*,#5530,.T.);
#7161=ORIENTED_EDGE('',*,*,#5531,.F.);
#7162=ORIENTED_EDGE('',*,*,#5522,.F.);
#7163=ORIENTED_EDGE('',*,*,#5124,.F.);
#7164=ORIENTED_EDGE('',*,*,#5527,.F.);
#7165=ORIENTED_EDGE('',*,*,#5532,.F.);
#7166=ORIENTED_EDGE('',*,*,#5533,.T.);
#7167=ORIENTED_EDGE('',*,*,#5457,.F.);
#7168=ORIENTED_EDGE('',*,*,#5529,.T.);
#7169=ORIENTED_EDGE('',*,*,#5534,.F.);
#7170=ORIENTED_EDGE('',*,*,#5530,.F.);
#7171=ORIENTED_EDGE('',*,*,#5121,.F.);
#7172=ORIENTED_EDGE('',*,*,#5533,.F.);
#7173=ORIENTED_EDGE('',*,*,#5535,.F.);
#7174=ORIENTED_EDGE('',*,*,#5536,.T.);
#7175=ORIENTED_EDGE('',*,*,#5122,.F.);
#7176=ORIENTED_EDGE('',*,*,#5536,.F.);
#7177=ORIENTED_EDGE('',*,*,#5537,.F.);
#7178=ORIENTED_EDGE('',*,*,#5525,.T.);
#7179=ORIENTED_EDGE('',*,*,#5463,.F.);
#7180=ORIENTED_EDGE('',*,*,#5538,.T.);
#7181=ORIENTED_EDGE('',*,*,#5539,.F.);
#7182=ORIENTED_EDGE('',*,*,#5540,.F.);
#7183=ORIENTED_EDGE('',*,*,#5119,.F.);
#7184=ORIENTED_EDGE('',*,*,#5541,.F.);
#7185=ORIENTED_EDGE('',*,*,#5542,.F.);
#7186=ORIENTED_EDGE('',*,*,#5543,.T.);
#7187=ORIENTED_EDGE('',*,*,#5464,.F.);
#7188=ORIENTED_EDGE('',*,*,#5540,.T.);
#7189=ORIENTED_EDGE('',*,*,#5544,.F.);
#7190=ORIENTED_EDGE('',*,*,#5545,.F.);
#7191=ORIENTED_EDGE('',*,*,#5462,.F.);
#7192=ORIENTED_EDGE('',*,*,#5546,.T.);
#7193=ORIENTED_EDGE('',*,*,#5547,.F.);
#7194=ORIENTED_EDGE('',*,*,#5538,.F.);
#7195=ORIENTED_EDGE('',*,*,#5120,.F.);
#7196=ORIENTED_EDGE('',*,*,#5543,.F.);
#7197=ORIENTED_EDGE('',*,*,#5548,.F.);
#7198=ORIENTED_EDGE('',*,*,#5549,.T.);
#7199=ORIENTED_EDGE('',*,*,#5461,.F.);
#7200=ORIENTED_EDGE('',*,*,#5545,.T.);
#7201=ORIENTED_EDGE('',*,*,#5550,.F.);
#7202=ORIENTED_EDGE('',*,*,#5546,.F.);
#7203=ORIENTED_EDGE('',*,*,#5117,.F.);
#7204=ORIENTED_EDGE('',*,*,#5549,.F.);
#7205=ORIENTED_EDGE('',*,*,#5551,.F.);
#7206=ORIENTED_EDGE('',*,*,#5552,.T.);
#7207=ORIENTED_EDGE('',*,*,#5118,.F.);
#7208=ORIENTED_EDGE('',*,*,#5552,.F.);
#7209=ORIENTED_EDGE('',*,*,#5553,.F.);
#7210=ORIENTED_EDGE('',*,*,#5541,.T.);
#7211=ORIENTED_EDGE('',*,*,#5467,.F.);
#7212=ORIENTED_EDGE('',*,*,#5554,.T.);
#7213=ORIENTED_EDGE('',*,*,#5555,.F.);
#7214=ORIENTED_EDGE('',*,*,#5556,.F.);
#7215=ORIENTED_EDGE('',*,*,#5115,.F.);
#7216=ORIENTED_EDGE('',*,*,#5557,.F.);
#7217=ORIENTED_EDGE('',*,*,#5558,.F.);
#7218=ORIENTED_EDGE('',*,*,#5559,.T.);
#7219=ORIENTED_EDGE('',*,*,#5468,.F.);
#7220=ORIENTED_EDGE('',*,*,#5556,.T.);
#7221=ORIENTED_EDGE('',*,*,#5560,.F.);
#7222=ORIENTED_EDGE('',*,*,#5561,.F.);
#7223=ORIENTED_EDGE('',*,*,#5466,.F.);
#7224=ORIENTED_EDGE('',*,*,#5562,.T.);
#7225=ORIENTED_EDGE('',*,*,#5563,.F.);
#7226=ORIENTED_EDGE('',*,*,#5554,.F.);
#7227=ORIENTED_EDGE('',*,*,#5116,.F.);
#7228=ORIENTED_EDGE('',*,*,#5559,.F.);
#7229=ORIENTED_EDGE('',*,*,#5564,.F.);
#7230=ORIENTED_EDGE('',*,*,#5565,.T.);
#7231=ORIENTED_EDGE('',*,*,#5465,.F.);
#7232=ORIENTED_EDGE('',*,*,#5561,.T.);
#7233=ORIENTED_EDGE('',*,*,#5566,.F.);
#7234=ORIENTED_EDGE('',*,*,#5562,.F.);
#7235=ORIENTED_EDGE('',*,*,#5113,.F.);
#7236=ORIENTED_EDGE('',*,*,#5565,.F.);
#7237=ORIENTED_EDGE('',*,*,#5567,.F.);
#7238=ORIENTED_EDGE('',*,*,#5568,.T.);
#7239=ORIENTED_EDGE('',*,*,#5114,.F.);
#7240=ORIENTED_EDGE('',*,*,#5568,.F.);
#7241=ORIENTED_EDGE('',*,*,#5569,.F.);
#7242=ORIENTED_EDGE('',*,*,#5557,.T.);
#7243=ORIENTED_EDGE('',*,*,#5472,.F.);
#7244=ORIENTED_EDGE('',*,*,#5570,.T.);
#7245=ORIENTED_EDGE('',*,*,#5571,.F.);
#7246=ORIENTED_EDGE('',*,*,#5572,.F.);
#7247=ORIENTED_EDGE('',*,*,#5471,.F.);
#7248=ORIENTED_EDGE('',*,*,#5573,.T.);
#7249=ORIENTED_EDGE('',*,*,#5574,.F.);
#7250=ORIENTED_EDGE('',*,*,#5570,.F.);
#7251=ORIENTED_EDGE('',*,*,#5111,.F.);
#7252=ORIENTED_EDGE('',*,*,#5575,.F.);
#7253=ORIENTED_EDGE('',*,*,#5576,.F.);
#7254=ORIENTED_EDGE('',*,*,#5577,.T.);
#7255=ORIENTED_EDGE('',*,*,#5473,.F.);
#7256=ORIENTED_EDGE('',*,*,#5572,.T.);
#7257=ORIENTED_EDGE('',*,*,#5578,.F.);
#7258=ORIENTED_EDGE('',*,*,#5579,.F.);
#7259=ORIENTED_EDGE('',*,*,#5470,.F.);
#7260=ORIENTED_EDGE('',*,*,#5580,.T.);
#7261=ORIENTED_EDGE('',*,*,#5581,.F.);
#7262=ORIENTED_EDGE('',*,*,#5573,.F.);
#7263=ORIENTED_EDGE('',*,*,#5112,.F.);
#7264=ORIENTED_EDGE('',*,*,#5577,.F.);
#7265=ORIENTED_EDGE('',*,*,#5582,.F.);
#7266=ORIENTED_EDGE('',*,*,#5583,.T.);
#7267=ORIENTED_EDGE('',*,*,#5469,.F.);
#7268=ORIENTED_EDGE('',*,*,#5579,.T.);
#7269=ORIENTED_EDGE('',*,*,#5584,.F.);
#7270=ORIENTED_EDGE('',*,*,#5580,.F.);
#7271=ORIENTED_EDGE('',*,*,#5108,.F.);
#7272=ORIENTED_EDGE('',*,*,#5583,.F.);
#7273=ORIENTED_EDGE('',*,*,#5585,.F.);
#7274=ORIENTED_EDGE('',*,*,#5586,.T.);
#7275=ORIENTED_EDGE('',*,*,#5109,.F.);
#7276=ORIENTED_EDGE('',*,*,#5586,.F.);
#7277=ORIENTED_EDGE('',*,*,#5587,.F.);
#7278=ORIENTED_EDGE('',*,*,#5588,.T.);
#7279=ORIENTED_EDGE('',*,*,#5110,.F.);
#7280=ORIENTED_EDGE('',*,*,#5588,.F.);
#7281=ORIENTED_EDGE('',*,*,#5589,.F.);
#7282=ORIENTED_EDGE('',*,*,#5575,.T.);
#7283=ORIENTED_EDGE('',*,*,#5476,.F.);
#7284=ORIENTED_EDGE('',*,*,#5590,.T.);
#7285=ORIENTED_EDGE('',*,*,#5591,.F.);
#7286=ORIENTED_EDGE('',*,*,#5592,.F.);
#7287=ORIENTED_EDGE('',*,*,#5106,.F.);
#7288=ORIENTED_EDGE('',*,*,#5593,.F.);
#7289=ORIENTED_EDGE('',*,*,#5594,.F.);
#7290=ORIENTED_EDGE('',*,*,#5595,.T.);
#7291=ORIENTED_EDGE('',*,*,#5477,.F.);
#7292=ORIENTED_EDGE('',*,*,#5592,.T.);
#7293=ORIENTED_EDGE('',*,*,#5596,.F.);
#7294=ORIENTED_EDGE('',*,*,#5597,.F.);
#7295=ORIENTED_EDGE('',*,*,#5475,.F.);
#7296=ORIENTED_EDGE('',*,*,#5598,.T.);
#7297=ORIENTED_EDGE('',*,*,#5599,.F.);
#7298=ORIENTED_EDGE('',*,*,#5590,.F.);
#7299=ORIENTED_EDGE('',*,*,#5107,.F.);
#7300=ORIENTED_EDGE('',*,*,#5595,.F.);
#7301=ORIENTED_EDGE('',*,*,#5600,.F.);
#7302=ORIENTED_EDGE('',*,*,#5601,.T.);
#7303=ORIENTED_EDGE('',*,*,#5474,.F.);
#7304=ORIENTED_EDGE('',*,*,#5597,.T.);
#7305=ORIENTED_EDGE('',*,*,#5602,.F.);
#7306=ORIENTED_EDGE('',*,*,#5598,.F.);
#7307=ORIENTED_EDGE('',*,*,#5104,.F.);
#7308=ORIENTED_EDGE('',*,*,#5601,.F.);
#7309=ORIENTED_EDGE('',*,*,#5603,.F.);
#7310=ORIENTED_EDGE('',*,*,#5604,.T.);
#7311=ORIENTED_EDGE('',*,*,#5105,.F.);
#7312=ORIENTED_EDGE('',*,*,#5604,.F.);
#7313=ORIENTED_EDGE('',*,*,#5605,.F.);
#7314=ORIENTED_EDGE('',*,*,#5593,.T.);
#7315=ORIENTED_EDGE('',*,*,#5480,.F.);
#7316=ORIENTED_EDGE('',*,*,#5606,.T.);
#7317=ORIENTED_EDGE('',*,*,#5607,.F.);
#7318=ORIENTED_EDGE('',*,*,#5608,.F.);
#7319=ORIENTED_EDGE('',*,*,#5102,.F.);
#7320=ORIENTED_EDGE('',*,*,#5609,.F.);
#7321=ORIENTED_EDGE('',*,*,#5610,.F.);
#7322=ORIENTED_EDGE('',*,*,#5611,.T.);
#7323=ORIENTED_EDGE('',*,*,#5481,.F.);
#7324=ORIENTED_EDGE('',*,*,#5608,.T.);
#7325=ORIENTED_EDGE('',*,*,#5612,.F.);
#7326=ORIENTED_EDGE('',*,*,#5613,.F.);
#7327=ORIENTED_EDGE('',*,*,#5479,.F.);
#7328=ORIENTED_EDGE('',*,*,#5614,.T.);
#7329=ORIENTED_EDGE('',*,*,#5615,.F.);
#7330=ORIENTED_EDGE('',*,*,#5606,.F.);
#7331=ORIENTED_EDGE('',*,*,#5103,.F.);
#7332=ORIENTED_EDGE('',*,*,#5611,.F.);
#7333=ORIENTED_EDGE('',*,*,#5616,.F.);
#7334=ORIENTED_EDGE('',*,*,#5617,.T.);
#7335=ORIENTED_EDGE('',*,*,#5478,.F.);
#7336=ORIENTED_EDGE('',*,*,#5613,.T.);
#7337=ORIENTED_EDGE('',*,*,#5618,.F.);
#7338=ORIENTED_EDGE('',*,*,#5614,.F.);
#7339=ORIENTED_EDGE('',*,*,#5100,.F.);
#7340=ORIENTED_EDGE('',*,*,#5617,.F.);
#7341=ORIENTED_EDGE('',*,*,#5619,.F.);
#7342=ORIENTED_EDGE('',*,*,#5620,.T.);
#7343=ORIENTED_EDGE('',*,*,#5101,.F.);
#7344=ORIENTED_EDGE('',*,*,#5620,.F.);
#7345=ORIENTED_EDGE('',*,*,#5621,.F.);
#7346=ORIENTED_EDGE('',*,*,#5609,.T.);
#7347=ORIENTED_EDGE('',*,*,#5484,.F.);
#7348=ORIENTED_EDGE('',*,*,#5622,.T.);
#7349=ORIENTED_EDGE('',*,*,#5623,.F.);
#7350=ORIENTED_EDGE('',*,*,#5624,.F.);
#7351=ORIENTED_EDGE('',*,*,#5098,.F.);
#7352=ORIENTED_EDGE('',*,*,#5625,.F.);
#7353=ORIENTED_EDGE('',*,*,#5626,.F.);
#7354=ORIENTED_EDGE('',*,*,#5627,.T.);
#7355=ORIENTED_EDGE('',*,*,#5485,.F.);
#7356=ORIENTED_EDGE('',*,*,#5624,.T.);
#7357=ORIENTED_EDGE('',*,*,#5628,.F.);
#7358=ORIENTED_EDGE('',*,*,#5629,.F.);
#7359=ORIENTED_EDGE('',*,*,#5483,.F.);
#7360=ORIENTED_EDGE('',*,*,#5630,.T.);
#7361=ORIENTED_EDGE('',*,*,#5631,.F.);
#7362=ORIENTED_EDGE('',*,*,#5622,.F.);
#7363=ORIENTED_EDGE('',*,*,#5099,.F.);
#7364=ORIENTED_EDGE('',*,*,#5627,.F.);
#7365=ORIENTED_EDGE('',*,*,#5632,.F.);
#7366=ORIENTED_EDGE('',*,*,#5633,.T.);
#7367=ORIENTED_EDGE('',*,*,#5482,.F.);
#7368=ORIENTED_EDGE('',*,*,#5629,.T.);
#7369=ORIENTED_EDGE('',*,*,#5634,.F.);
#7370=ORIENTED_EDGE('',*,*,#5630,.F.);
#7371=ORIENTED_EDGE('',*,*,#5096,.F.);
#7372=ORIENTED_EDGE('',*,*,#5633,.F.);
#7373=ORIENTED_EDGE('',*,*,#5635,.F.);
#7374=ORIENTED_EDGE('',*,*,#5636,.T.);
#7375=ORIENTED_EDGE('',*,*,#5097,.F.);
#7376=ORIENTED_EDGE('',*,*,#5636,.F.);
#7377=ORIENTED_EDGE('',*,*,#5637,.F.);
#7378=ORIENTED_EDGE('',*,*,#5625,.T.);
#7379=ORIENTED_EDGE('',*,*,#5488,.F.);
#7380=ORIENTED_EDGE('',*,*,#5638,.T.);
#7381=ORIENTED_EDGE('',*,*,#5639,.F.);
#7382=ORIENTED_EDGE('',*,*,#5640,.F.);
#7383=ORIENTED_EDGE('',*,*,#5094,.F.);
#7384=ORIENTED_EDGE('',*,*,#5641,.F.);
#7385=ORIENTED_EDGE('',*,*,#5642,.F.);
#7386=ORIENTED_EDGE('',*,*,#5643,.T.);
#7387=ORIENTED_EDGE('',*,*,#5489,.F.);
#7388=ORIENTED_EDGE('',*,*,#5640,.T.);
#7389=ORIENTED_EDGE('',*,*,#5644,.F.);
#7390=ORIENTED_EDGE('',*,*,#5645,.F.);
#7391=ORIENTED_EDGE('',*,*,#5487,.F.);
#7392=ORIENTED_EDGE('',*,*,#5646,.T.);
#7393=ORIENTED_EDGE('',*,*,#5647,.F.);
#7394=ORIENTED_EDGE('',*,*,#5638,.F.);
#7395=ORIENTED_EDGE('',*,*,#5095,.F.);
#7396=ORIENTED_EDGE('',*,*,#5643,.F.);
#7397=ORIENTED_EDGE('',*,*,#5648,.F.);
#7398=ORIENTED_EDGE('',*,*,#5649,.T.);
#7399=ORIENTED_EDGE('',*,*,#5486,.F.);
#7400=ORIENTED_EDGE('',*,*,#5645,.T.);
#7401=ORIENTED_EDGE('',*,*,#5650,.F.);
#7402=ORIENTED_EDGE('',*,*,#5646,.F.);
#7403=ORIENTED_EDGE('',*,*,#5092,.F.);
#7404=ORIENTED_EDGE('',*,*,#5649,.F.);
#7405=ORIENTED_EDGE('',*,*,#5651,.F.);
#7406=ORIENTED_EDGE('',*,*,#5652,.T.);
#7407=ORIENTED_EDGE('',*,*,#5093,.F.);
#7408=ORIENTED_EDGE('',*,*,#5652,.F.);
#7409=ORIENTED_EDGE('',*,*,#5653,.F.);
#7410=ORIENTED_EDGE('',*,*,#5641,.T.);
#7411=ORIENTED_EDGE('',*,*,#5492,.F.);
#7412=ORIENTED_EDGE('',*,*,#5654,.T.);
#7413=ORIENTED_EDGE('',*,*,#5655,.F.);
#7414=ORIENTED_EDGE('',*,*,#5656,.F.);
#7415=ORIENTED_EDGE('',*,*,#5090,.F.);
#7416=ORIENTED_EDGE('',*,*,#5657,.F.);
#7417=ORIENTED_EDGE('',*,*,#5658,.F.);
#7418=ORIENTED_EDGE('',*,*,#5659,.T.);
#7419=ORIENTED_EDGE('',*,*,#5493,.F.);
#7420=ORIENTED_EDGE('',*,*,#5656,.T.);
#7421=ORIENTED_EDGE('',*,*,#5660,.F.);
#7422=ORIENTED_EDGE('',*,*,#5661,.F.);
#7423=ORIENTED_EDGE('',*,*,#5491,.F.);
#7424=ORIENTED_EDGE('',*,*,#5662,.T.);
#7425=ORIENTED_EDGE('',*,*,#5663,.F.);
#7426=ORIENTED_EDGE('',*,*,#5654,.F.);
#7427=ORIENTED_EDGE('',*,*,#5091,.F.);
#7428=ORIENTED_EDGE('',*,*,#5659,.F.);
#7429=ORIENTED_EDGE('',*,*,#5664,.F.);
#7430=ORIENTED_EDGE('',*,*,#5665,.T.);
#7431=ORIENTED_EDGE('',*,*,#5490,.F.);
#7432=ORIENTED_EDGE('',*,*,#5661,.T.);
#7433=ORIENTED_EDGE('',*,*,#5666,.F.);
#7434=ORIENTED_EDGE('',*,*,#5662,.F.);
#7435=ORIENTED_EDGE('',*,*,#5088,.F.);
#7436=ORIENTED_EDGE('',*,*,#5665,.F.);
#7437=ORIENTED_EDGE('',*,*,#5667,.F.);
#7438=ORIENTED_EDGE('',*,*,#5668,.T.);
#7439=ORIENTED_EDGE('',*,*,#5089,.F.);
#7440=ORIENTED_EDGE('',*,*,#5668,.F.);
#7441=ORIENTED_EDGE('',*,*,#5669,.F.);
#7442=ORIENTED_EDGE('',*,*,#5657,.T.);
#7443=ORIENTED_EDGE('',*,*,#5496,.F.);
#7444=ORIENTED_EDGE('',*,*,#5670,.T.);
#7445=ORIENTED_EDGE('',*,*,#5671,.F.);
#7446=ORIENTED_EDGE('',*,*,#5672,.F.);
#7447=ORIENTED_EDGE('',*,*,#5086,.F.);
#7448=ORIENTED_EDGE('',*,*,#5673,.F.);
#7449=ORIENTED_EDGE('',*,*,#5674,.F.);
#7450=ORIENTED_EDGE('',*,*,#5675,.T.);
#7451=ORIENTED_EDGE('',*,*,#5497,.F.);
#7452=ORIENTED_EDGE('',*,*,#5672,.T.);
#7453=ORIENTED_EDGE('',*,*,#5676,.F.);
#7454=ORIENTED_EDGE('',*,*,#5677,.F.);
#7455=ORIENTED_EDGE('',*,*,#5495,.F.);
#7456=ORIENTED_EDGE('',*,*,#5678,.T.);
#7457=ORIENTED_EDGE('',*,*,#5679,.F.);
#7458=ORIENTED_EDGE('',*,*,#5670,.F.);
#7459=ORIENTED_EDGE('',*,*,#5087,.F.);
#7460=ORIENTED_EDGE('',*,*,#5675,.F.);
#7461=ORIENTED_EDGE('',*,*,#5680,.F.);
#7462=ORIENTED_EDGE('',*,*,#5681,.T.);
#7463=ORIENTED_EDGE('',*,*,#5494,.F.);
#7464=ORIENTED_EDGE('',*,*,#5677,.T.);
#7465=ORIENTED_EDGE('',*,*,#5682,.F.);
#7466=ORIENTED_EDGE('',*,*,#5678,.F.);
#7467=ORIENTED_EDGE('',*,*,#5084,.F.);
#7468=ORIENTED_EDGE('',*,*,#5681,.F.);
#7469=ORIENTED_EDGE('',*,*,#5683,.F.);
#7470=ORIENTED_EDGE('',*,*,#5684,.T.);
#7471=ORIENTED_EDGE('',*,*,#5085,.F.);
#7472=ORIENTED_EDGE('',*,*,#5684,.F.);
#7473=ORIENTED_EDGE('',*,*,#5685,.F.);
#7474=ORIENTED_EDGE('',*,*,#5673,.T.);
#7475=ORIENTED_EDGE('',*,*,#5500,.F.);
#7476=ORIENTED_EDGE('',*,*,#5686,.T.);
#7477=ORIENTED_EDGE('',*,*,#5687,.F.);
#7478=ORIENTED_EDGE('',*,*,#5688,.F.);
#7479=ORIENTED_EDGE('',*,*,#5082,.F.);
#7480=ORIENTED_EDGE('',*,*,#5689,.F.);
#7481=ORIENTED_EDGE('',*,*,#5690,.F.);
#7482=ORIENTED_EDGE('',*,*,#5691,.T.);
#7483=ORIENTED_EDGE('',*,*,#5501,.F.);
#7484=ORIENTED_EDGE('',*,*,#5688,.T.);
#7485=ORIENTED_EDGE('',*,*,#5692,.F.);
#7486=ORIENTED_EDGE('',*,*,#5693,.F.);
#7487=ORIENTED_EDGE('',*,*,#5499,.F.);
#7488=ORIENTED_EDGE('',*,*,#5694,.T.);
#7489=ORIENTED_EDGE('',*,*,#5695,.F.);
#7490=ORIENTED_EDGE('',*,*,#5686,.F.);
#7491=ORIENTED_EDGE('',*,*,#5083,.F.);
#7492=ORIENTED_EDGE('',*,*,#5691,.F.);
#7493=ORIENTED_EDGE('',*,*,#5696,.F.);
#7494=ORIENTED_EDGE('',*,*,#5697,.T.);
#7495=ORIENTED_EDGE('',*,*,#5498,.F.);
#7496=ORIENTED_EDGE('',*,*,#5693,.T.);
#7497=ORIENTED_EDGE('',*,*,#5698,.F.);
#7498=ORIENTED_EDGE('',*,*,#5694,.F.);
#7499=ORIENTED_EDGE('',*,*,#5080,.F.);
#7500=ORIENTED_EDGE('',*,*,#5697,.F.);
#7501=ORIENTED_EDGE('',*,*,#5699,.F.);
#7502=ORIENTED_EDGE('',*,*,#5700,.T.);
#7503=ORIENTED_EDGE('',*,*,#5081,.F.);
#7504=ORIENTED_EDGE('',*,*,#5700,.F.);
#7505=ORIENTED_EDGE('',*,*,#5701,.F.);
#7506=ORIENTED_EDGE('',*,*,#5689,.T.);
#7507=ORIENTED_EDGE('',*,*,#5504,.F.);
#7508=ORIENTED_EDGE('',*,*,#5702,.T.);
#7509=ORIENTED_EDGE('',*,*,#5703,.F.);
#7510=ORIENTED_EDGE('',*,*,#5704,.F.);
#7511=ORIENTED_EDGE('',*,*,#5078,.F.);
#7512=ORIENTED_EDGE('',*,*,#5705,.F.);
#7513=ORIENTED_EDGE('',*,*,#5706,.F.);
#7514=ORIENTED_EDGE('',*,*,#5707,.T.);
#7515=ORIENTED_EDGE('',*,*,#5505,.F.);
#7516=ORIENTED_EDGE('',*,*,#5704,.T.);
#7517=ORIENTED_EDGE('',*,*,#5708,.F.);
#7518=ORIENTED_EDGE('',*,*,#5709,.F.);
#7519=ORIENTED_EDGE('',*,*,#5503,.F.);
#7520=ORIENTED_EDGE('',*,*,#5710,.T.);
#7521=ORIENTED_EDGE('',*,*,#5711,.F.);
#7522=ORIENTED_EDGE('',*,*,#5702,.F.);
#7523=ORIENTED_EDGE('',*,*,#5079,.F.);
#7524=ORIENTED_EDGE('',*,*,#5707,.F.);
#7525=ORIENTED_EDGE('',*,*,#5712,.F.);
#7526=ORIENTED_EDGE('',*,*,#5713,.T.);
#7527=ORIENTED_EDGE('',*,*,#5502,.F.);
#7528=ORIENTED_EDGE('',*,*,#5709,.T.);
#7529=ORIENTED_EDGE('',*,*,#5714,.F.);
#7530=ORIENTED_EDGE('',*,*,#5710,.F.);
#7531=ORIENTED_EDGE('',*,*,#5076,.F.);
#7532=ORIENTED_EDGE('',*,*,#5713,.F.);
#7533=ORIENTED_EDGE('',*,*,#5715,.F.);
#7534=ORIENTED_EDGE('',*,*,#5716,.T.);
#7535=ORIENTED_EDGE('',*,*,#5077,.F.);
#7536=ORIENTED_EDGE('',*,*,#5716,.F.);
#7537=ORIENTED_EDGE('',*,*,#5717,.F.);
#7538=ORIENTED_EDGE('',*,*,#5705,.T.);
#7539=ORIENTED_EDGE('',*,*,#5508,.F.);
#7540=ORIENTED_EDGE('',*,*,#5718,.T.);
#7541=ORIENTED_EDGE('',*,*,#5719,.F.);
#7542=ORIENTED_EDGE('',*,*,#5720,.F.);
#7543=ORIENTED_EDGE('',*,*,#5074,.F.);
#7544=ORIENTED_EDGE('',*,*,#5721,.F.);
#7545=ORIENTED_EDGE('',*,*,#5722,.F.);
#7546=ORIENTED_EDGE('',*,*,#5723,.T.);
#7547=ORIENTED_EDGE('',*,*,#5509,.F.);
#7548=ORIENTED_EDGE('',*,*,#5720,.T.);
#7549=ORIENTED_EDGE('',*,*,#5724,.F.);
#7550=ORIENTED_EDGE('',*,*,#5725,.F.);
#7551=ORIENTED_EDGE('',*,*,#5507,.F.);
#7552=ORIENTED_EDGE('',*,*,#5726,.T.);
#7553=ORIENTED_EDGE('',*,*,#5727,.F.);
#7554=ORIENTED_EDGE('',*,*,#5718,.F.);
#7555=ORIENTED_EDGE('',*,*,#5075,.F.);
#7556=ORIENTED_EDGE('',*,*,#5723,.F.);
#7557=ORIENTED_EDGE('',*,*,#5728,.F.);
#7558=ORIENTED_EDGE('',*,*,#5729,.T.);
#7559=ORIENTED_EDGE('',*,*,#5506,.F.);
#7560=ORIENTED_EDGE('',*,*,#5725,.T.);
#7561=ORIENTED_EDGE('',*,*,#5730,.F.);
#7562=ORIENTED_EDGE('',*,*,#5726,.F.);
#7563=ORIENTED_EDGE('',*,*,#5072,.F.);
#7564=ORIENTED_EDGE('',*,*,#5729,.F.);
#7565=ORIENTED_EDGE('',*,*,#5731,.F.);
#7566=ORIENTED_EDGE('',*,*,#5732,.T.);
#7567=ORIENTED_EDGE('',*,*,#5073,.F.);
#7568=ORIENTED_EDGE('',*,*,#5732,.F.);
#7569=ORIENTED_EDGE('',*,*,#5733,.F.);
#7570=ORIENTED_EDGE('',*,*,#5721,.T.);
#7571=ORIENTED_EDGE('',*,*,#5512,.F.);
#7572=ORIENTED_EDGE('',*,*,#5734,.T.);
#7573=ORIENTED_EDGE('',*,*,#5735,.F.);
#7574=ORIENTED_EDGE('',*,*,#5736,.F.);
#7575=ORIENTED_EDGE('',*,*,#5070,.F.);
#7576=ORIENTED_EDGE('',*,*,#5737,.F.);
#7577=ORIENTED_EDGE('',*,*,#5738,.F.);
#7578=ORIENTED_EDGE('',*,*,#5739,.T.);
#7579=ORIENTED_EDGE('',*,*,#5513,.F.);
#7580=ORIENTED_EDGE('',*,*,#5736,.T.);
#7581=ORIENTED_EDGE('',*,*,#5740,.F.);
#7582=ORIENTED_EDGE('',*,*,#5741,.F.);
#7583=ORIENTED_EDGE('',*,*,#5511,.F.);
#7584=ORIENTED_EDGE('',*,*,#5742,.T.);
#7585=ORIENTED_EDGE('',*,*,#5743,.F.);
#7586=ORIENTED_EDGE('',*,*,#5734,.F.);
#7587=ORIENTED_EDGE('',*,*,#5071,.F.);
#7588=ORIENTED_EDGE('',*,*,#5739,.F.);
#7589=ORIENTED_EDGE('',*,*,#5744,.F.);
#7590=ORIENTED_EDGE('',*,*,#5745,.T.);
#7591=ORIENTED_EDGE('',*,*,#5510,.F.);
#7592=ORIENTED_EDGE('',*,*,#5741,.T.);
#7593=ORIENTED_EDGE('',*,*,#5746,.F.);
#7594=ORIENTED_EDGE('',*,*,#5742,.F.);
#7595=ORIENTED_EDGE('',*,*,#5068,.F.);
#7596=ORIENTED_EDGE('',*,*,#5745,.F.);
#7597=ORIENTED_EDGE('',*,*,#5747,.F.);
#7598=ORIENTED_EDGE('',*,*,#5748,.T.);
#7599=ORIENTED_EDGE('',*,*,#5069,.F.);
#7600=ORIENTED_EDGE('',*,*,#5748,.F.);
#7601=ORIENTED_EDGE('',*,*,#5749,.F.);
#7602=ORIENTED_EDGE('',*,*,#5737,.T.);
#7603=ORIENTED_EDGE('',*,*,#5517,.F.);
#7604=ORIENTED_EDGE('',*,*,#5750,.T.);
#7605=ORIENTED_EDGE('',*,*,#5751,.F.);
#7606=ORIENTED_EDGE('',*,*,#5752,.F.);
#7607=ORIENTED_EDGE('',*,*,#5516,.F.);
#7608=ORIENTED_EDGE('',*,*,#5753,.T.);
#7609=ORIENTED_EDGE('',*,*,#5754,.F.);
#7610=ORIENTED_EDGE('',*,*,#5750,.F.);
#7611=ORIENTED_EDGE('',*,*,#5066,.F.);
#7612=ORIENTED_EDGE('',*,*,#5755,.F.);
#7613=ORIENTED_EDGE('',*,*,#5756,.F.);
#7614=ORIENTED_EDGE('',*,*,#5757,.T.);
#7615=ORIENTED_EDGE('',*,*,#5518,.F.);
#7616=ORIENTED_EDGE('',*,*,#5752,.T.);
#7617=ORIENTED_EDGE('',*,*,#5758,.F.);
#7618=ORIENTED_EDGE('',*,*,#5759,.F.);
#7619=ORIENTED_EDGE('',*,*,#5515,.F.);
#7620=ORIENTED_EDGE('',*,*,#5760,.T.);
#7621=ORIENTED_EDGE('',*,*,#5761,.F.);
#7622=ORIENTED_EDGE('',*,*,#5753,.F.);
#7623=ORIENTED_EDGE('',*,*,#5067,.F.);
#7624=ORIENTED_EDGE('',*,*,#5757,.F.);
#7625=ORIENTED_EDGE('',*,*,#5762,.F.);
#7626=ORIENTED_EDGE('',*,*,#5763,.T.);
#7627=ORIENTED_EDGE('',*,*,#5514,.F.);
#7628=ORIENTED_EDGE('',*,*,#5759,.T.);
#7629=ORIENTED_EDGE('',*,*,#5764,.F.);
#7630=ORIENTED_EDGE('',*,*,#5760,.F.);
#7631=ORIENTED_EDGE('',*,*,#5063,.F.);
#7632=ORIENTED_EDGE('',*,*,#5763,.F.);
#7633=ORIENTED_EDGE('',*,*,#5765,.F.);
#7634=ORIENTED_EDGE('',*,*,#5766,.T.);
#7635=ORIENTED_EDGE('',*,*,#5064,.F.);
#7636=ORIENTED_EDGE('',*,*,#5766,.F.);
#7637=ORIENTED_EDGE('',*,*,#5767,.F.);
#7638=ORIENTED_EDGE('',*,*,#5768,.T.);
#7639=ORIENTED_EDGE('',*,*,#5065,.F.);
#7640=ORIENTED_EDGE('',*,*,#5768,.F.);
#7641=ORIENTED_EDGE('',*,*,#5769,.F.);
#7642=ORIENTED_EDGE('',*,*,#5755,.T.);
#7643=ORIENTED_EDGE('',*,*,#5141,.F.);
#7644=ORIENTED_EDGE('',*,*,#5770,.T.);
#7645=ORIENTED_EDGE('',*,*,#5771,.F.);
#7646=ORIENTED_EDGE('',*,*,#5772,.F.);
#7647=ORIENTED_EDGE('',*,*,#5206,.F.);
#7648=ORIENTED_EDGE('',*,*,#5773,.F.);
#7649=ORIENTED_EDGE('',*,*,#5774,.F.);
#7650=ORIENTED_EDGE('',*,*,#5775,.T.);
#7651=ORIENTED_EDGE('',*,*,#5140,.F.);
#7652=ORIENTED_EDGE('',*,*,#5776,.T.);
#7653=ORIENTED_EDGE('',*,*,#5777,.F.);
#7654=ORIENTED_EDGE('',*,*,#5770,.F.);
#7655=ORIENTED_EDGE('',*,*,#5207,.F.);
#7656=ORIENTED_EDGE('',*,*,#5775,.F.);
#7657=ORIENTED_EDGE('',*,*,#5778,.F.);
#7658=ORIENTED_EDGE('',*,*,#5779,.T.);
#7659=ORIENTED_EDGE('',*,*,#5142,.F.);
#7660=ORIENTED_EDGE('',*,*,#5772,.T.);
#7661=ORIENTED_EDGE('',*,*,#5780,.F.);
#7662=ORIENTED_EDGE('',*,*,#5781,.F.);
#7663=ORIENTED_EDGE('',*,*,#5139,.F.);
#7664=ORIENTED_EDGE('',*,*,#5781,.T.);
#7665=ORIENTED_EDGE('',*,*,#5782,.F.);
#7666=ORIENTED_EDGE('',*,*,#5783,.F.);
#7667=ORIENTED_EDGE('',*,*,#5316,.F.);
#7668=ORIENTED_EDGE('',*,*,#5784,.F.);
#7669=ORIENTED_EDGE('',*,*,#5776,.F.);
#7670=ORIENTED_EDGE('',*,*,#5204,.F.);
#7671=ORIENTED_EDGE('',*,*,#5779,.F.);
#7672=ORIENTED_EDGE('',*,*,#5785,.F.);
#7673=ORIENTED_EDGE('',*,*,#5210,.T.);
#7674=ORIENTED_EDGE('',*,*,#5278,.T.);
#7675=ORIENTED_EDGE('',*,*,#5786,.F.);
#7676=ORIENTED_EDGE('',*,*,#5787,.T.);
#7677=ORIENTED_EDGE('',*,*,#5205,.F.);
#7678=ORIENTED_EDGE('',*,*,#5787,.F.);
#7679=ORIENTED_EDGE('',*,*,#5788,.F.);
#7680=ORIENTED_EDGE('',*,*,#5773,.T.);
#7681=ORIENTED_EDGE('',*,*,#5414,.T.);
#7682=ORIENTED_EDGE('',*,*,#5789,.F.);
#7683=ORIENTED_EDGE('',*,*,#5790,.F.);
#7684=ORIENTED_EDGE('',*,*,#5137,.F.);
#7685=ORIENTED_EDGE('',*,*,#5791,.T.);
#7686=ORIENTED_EDGE('',*,*,#5792,.F.);
#7687=ORIENTED_EDGE('',*,*,#5392,.T.);
#7688=ORIENTED_EDGE('',*,*,#5404,.T.);
#7689=ORIENTED_EDGE('',*,*,#5202,.F.);
#7690=ORIENTED_EDGE('',*,*,#5793,.F.);
#7691=ORIENTED_EDGE('',*,*,#5794,.F.);
#7692=ORIENTED_EDGE('',*,*,#5795,.T.);
#7693=ORIENTED_EDGE('',*,*,#5136,.F.);
#7694=ORIENTED_EDGE('',*,*,#5796,.T.);
#7695=ORIENTED_EDGE('',*,*,#5797,.F.);
#7696=ORIENTED_EDGE('',*,*,#5791,.F.);
#7697=ORIENTED_EDGE('',*,*,#5203,.F.);
#7698=ORIENTED_EDGE('',*,*,#5795,.F.);
#7699=ORIENTED_EDGE('',*,*,#5798,.F.);
#7700=ORIENTED_EDGE('',*,*,#5799,.T.);
#7701=ORIENTED_EDGE('',*,*,#5138,.F.);
#7702=ORIENTED_EDGE('',*,*,#5790,.T.);
#7703=ORIENTED_EDGE('',*,*,#5800,.F.);
#7704=ORIENTED_EDGE('',*,*,#5801,.F.);
#7705=ORIENTED_EDGE('',*,*,#5135,.F.);
#7706=ORIENTED_EDGE('',*,*,#5801,.T.);
#7707=ORIENTED_EDGE('',*,*,#5802,.F.);
#7708=ORIENTED_EDGE('',*,*,#5796,.F.);
#7709=ORIENTED_EDGE('',*,*,#5200,.F.);
#7710=ORIENTED_EDGE('',*,*,#5799,.F.);
#7711=ORIENTED_EDGE('',*,*,#5803,.F.);
#7712=ORIENTED_EDGE('',*,*,#5804,.T.);
#7713=ORIENTED_EDGE('',*,*,#5201,.F.);
#7714=ORIENTED_EDGE('',*,*,#5804,.F.);
#7715=ORIENTED_EDGE('',*,*,#5805,.F.);
#7716=ORIENTED_EDGE('',*,*,#5793,.T.);
#7717=ORIENTED_EDGE('',*,*,#5198,.F.);
#7718=ORIENTED_EDGE('',*,*,#5806,.F.);
#7719=ORIENTED_EDGE('',*,*,#5807,.F.);
#7720=ORIENTED_EDGE('',*,*,#5808,.T.);
#7721=ORIENTED_EDGE('',*,*,#5165,.F.);
#7722=ORIENTED_EDGE('',*,*,#5370,.T.);
#7723=ORIENTED_EDGE('',*,*,#5809,.F.);
#7724=ORIENTED_EDGE('',*,*,#5372,.F.);
#7725=ORIENTED_EDGE('',*,*,#5199,.F.);
#7726=ORIENTED_EDGE('',*,*,#5808,.F.);
#7727=ORIENTED_EDGE('',*,*,#5810,.F.);
#7728=ORIENTED_EDGE('',*,*,#5811,.T.);
#7729=ORIENTED_EDGE('',*,*,#5147,.F.);
#7730=ORIENTED_EDGE('',*,*,#5380,.T.);
#7731=ORIENTED_EDGE('',*,*,#5812,.F.);
#7732=ORIENTED_EDGE('',*,*,#5362,.F.);
#7733=ORIENTED_EDGE('',*,*,#5196,.F.);
#7734=ORIENTED_EDGE('',*,*,#5811,.F.);
#7735=ORIENTED_EDGE('',*,*,#5813,.F.);
#7736=ORIENTED_EDGE('',*,*,#5814,.T.);
#7737=ORIENTED_EDGE('',*,*,#5197,.F.);
#7738=ORIENTED_EDGE('',*,*,#5814,.F.);
#7739=ORIENTED_EDGE('',*,*,#5815,.F.);
#7740=ORIENTED_EDGE('',*,*,#5806,.T.);
#7741=ORIENTED_EDGE('',*,*,#5194,.F.);
#7742=ORIENTED_EDGE('',*,*,#5816,.F.);
#7743=ORIENTED_EDGE('',*,*,#5817,.F.);
#7744=ORIENTED_EDGE('',*,*,#5818,.T.);
#7745=ORIENTED_EDGE('',*,*,#5161,.F.);
#7746=ORIENTED_EDGE('',*,*,#5355,.T.);
#7747=ORIENTED_EDGE('',*,*,#5819,.F.);
#7748=ORIENTED_EDGE('',*,*,#5417,.F.);
#7749=ORIENTED_EDGE('',*,*,#5195,.F.);
#7750=ORIENTED_EDGE('',*,*,#5818,.F.);
#7751=ORIENTED_EDGE('',*,*,#5820,.F.);
#7752=ORIENTED_EDGE('',*,*,#5821,.T.);
#7753=ORIENTED_EDGE('',*,*,#5151,.F.);
#7754=ORIENTED_EDGE('',*,*,#5360,.T.);
#7755=ORIENTED_EDGE('',*,*,#5822,.F.);
#7756=ORIENTED_EDGE('',*,*,#5347,.F.);
#7757=ORIENTED_EDGE('',*,*,#5192,.F.);
#7758=ORIENTED_EDGE('',*,*,#5821,.F.);
#7759=ORIENTED_EDGE('',*,*,#5823,.F.);
#7760=ORIENTED_EDGE('',*,*,#5824,.T.);
#7761=ORIENTED_EDGE('',*,*,#5193,.F.);
#7762=ORIENTED_EDGE('',*,*,#5824,.F.);
#7763=ORIENTED_EDGE('',*,*,#5825,.F.);
#7764=ORIENTED_EDGE('',*,*,#5816,.T.);
#7765=ORIENTED_EDGE('',*,*,#5132,.F.);
#7766=ORIENTED_EDGE('',*,*,#5826,.T.);
#7767=ORIENTED_EDGE('',*,*,#5827,.F.);
#7768=ORIENTED_EDGE('',*,*,#5828,.F.);
#7769=ORIENTED_EDGE('',*,*,#5190,.F.);
#7770=ORIENTED_EDGE('',*,*,#5829,.F.);
#7771=ORIENTED_EDGE('',*,*,#5830,.F.);
#7772=ORIENTED_EDGE('',*,*,#5831,.T.);
#7773=ORIENTED_EDGE('',*,*,#5133,.F.);
#7774=ORIENTED_EDGE('',*,*,#5828,.T.);
#7775=ORIENTED_EDGE('',*,*,#5832,.F.);
#7776=ORIENTED_EDGE('',*,*,#5833,.F.);
#7777=ORIENTED_EDGE('',*,*,#5131,.F.);
#7778=ORIENTED_EDGE('',*,*,#5420,.T.);
#7779=ORIENTED_EDGE('',*,*,#5834,.F.);
#7780=ORIENTED_EDGE('',*,*,#5826,.F.);
#7781=ORIENTED_EDGE('',*,*,#5191,.F.);
#7782=ORIENTED_EDGE('',*,*,#5831,.F.);
#7783=ORIENTED_EDGE('',*,*,#5835,.F.);
#7784=ORIENTED_EDGE('',*,*,#5836,.T.);
#7785=ORIENTED_EDGE('',*,*,#5134,.F.);
#7786=ORIENTED_EDGE('',*,*,#5833,.T.);
#7787=ORIENTED_EDGE('',*,*,#5837,.F.);
#7788=ORIENTED_EDGE('',*,*,#5421,.F.);
#7789=ORIENTED_EDGE('',*,*,#5187,.F.);
#7790=ORIENTED_EDGE('',*,*,#5836,.F.);
#7791=ORIENTED_EDGE('',*,*,#5838,.F.);
#7792=ORIENTED_EDGE('',*,*,#5839,.T.);
#7793=ORIENTED_EDGE('',*,*,#5188,.F.);
#7794=ORIENTED_EDGE('',*,*,#5839,.F.);
#7795=ORIENTED_EDGE('',*,*,#5840,.F.);
#7796=ORIENTED_EDGE('',*,*,#5841,.T.);
#7797=ORIENTED_EDGE('',*,*,#5189,.F.);
#7798=ORIENTED_EDGE('',*,*,#5841,.F.);
#7799=ORIENTED_EDGE('',*,*,#5842,.F.);
#7800=ORIENTED_EDGE('',*,*,#5829,.T.);
#7801=ORIENTED_EDGE('',*,*,#5057,.F.);
#7802=ORIENTED_EDGE('',*,*,#5456,.T.);
#7803=ORIENTED_EDGE('',*,*,#5434,.T.);
#7804=ORIENTED_EDGE('',*,*,#5127,.F.);
#7805=ORIENTED_EDGE('',*,*,#5843,.T.);
#7806=ORIENTED_EDGE('',*,*,#5844,.T.);
#7807=ORIENTED_EDGE('',*,*,#5845,.T.);
#7808=ORIENTED_EDGE('',*,*,#5846,.T.);
#7809=ORIENTED_EDGE('',*,*,#5847,.T.);
#7810=ORIENTED_EDGE('',*,*,#5848,.T.);
#7811=ORIENTED_EDGE('',*,*,#5849,.T.);
#7812=ORIENTED_EDGE('',*,*,#5850,.T.);
#7813=ORIENTED_EDGE('',*,*,#5452,.T.);
#7814=ORIENTED_EDGE('',*,*,#5519,.T.);
#7815=ORIENTED_EDGE('',*,*,#5521,.T.);
#7816=ORIENTED_EDGE('',*,*,#5454,.T.);
#7817=ORIENTED_EDGE('',*,*,#5449,.T.);
#7818=ORIENTED_EDGE('',*,*,#5445,.T.);
#7819=ORIENTED_EDGE('',*,*,#5442,.T.);
#7820=ORIENTED_EDGE('',*,*,#5447,.T.);
#7821=ORIENTED_EDGE('',*,*,#5851,.T.);
#7822=ORIENTED_EDGE('',*,*,#5852,.T.);
#7823=ORIENTED_EDGE('',*,*,#5853,.T.);
#7824=ORIENTED_EDGE('',*,*,#5854,.T.);
#7825=ORIENTED_EDGE('',*,*,#5851,.F.);
#7826=ORIENTED_EDGE('',*,*,#5855,.T.);
#7827=ORIENTED_EDGE('',*,*,#5856,.T.);
#7828=ORIENTED_EDGE('',*,*,#5857,.T.);
#7829=ORIENTED_EDGE('',*,*,#5858,.T.);
#7830=ORIENTED_EDGE('',*,*,#5859,.T.);
#7831=ORIENTED_EDGE('',*,*,#5853,.F.);
#7832=ORIENTED_EDGE('',*,*,#5860,.T.);
#7833=ORIENTED_EDGE('',*,*,#5855,.F.);
#7834=ORIENTED_EDGE('',*,*,#5861,.T.);
#7835=ORIENTED_EDGE('',*,*,#5862,.T.);
#7836=ORIENTED_EDGE('',*,*,#5863,.F.);
#7837=ORIENTED_EDGE('',*,*,#5854,.F.);
#7838=ORIENTED_EDGE('',*,*,#5864,.T.);
#7839=ORIENTED_EDGE('',*,*,#5865,.T.);
#7840=ORIENTED_EDGE('',*,*,#5861,.F.);
#7841=ORIENTED_EDGE('',*,*,#5866,.T.);
#7842=ORIENTED_EDGE('',*,*,#5867,.F.);
#7843=ORIENTED_EDGE('',*,*,#5868,.T.);
#7844=ORIENTED_EDGE('',*,*,#5869,.F.);
#7845=ORIENTED_EDGE('',*,*,#5870,.T.);
#7846=ORIENTED_EDGE('',*,*,#5871,.F.);
#7847=ORIENTED_EDGE('',*,*,#5872,.T.);
#7848=ORIENTED_EDGE('',*,*,#5873,.F.);
#7849=ORIENTED_EDGE('',*,*,#5859,.F.);
#7850=ORIENTED_EDGE('',*,*,#5874,.T.);
#7851=ORIENTED_EDGE('',*,*,#5875,.T.);
#7852=ORIENTED_EDGE('',*,*,#5864,.F.);
#7853=ORIENTED_EDGE('',*,*,#5858,.F.);
#7854=ORIENTED_EDGE('',*,*,#5876,.F.);
#7855=ORIENTED_EDGE('',*,*,#5326,.F.);
#7856=ORIENTED_EDGE('',*,*,#5317,.T.);
#7857=ORIENTED_EDGE('',*,*,#5783,.T.);
#7858=ORIENTED_EDGE('',*,*,#5877,.F.);
#7859=ORIENTED_EDGE('',*,*,#5874,.F.);
#7860=ORIENTED_EDGE('',*,*,#5878,.F.);
#7861=ORIENTED_EDGE('',*,*,#5878,.T.);
#7862=ORIENTED_EDGE('',*,*,#5879,.T.);
#7863=ORIENTED_EDGE('',*,*,#5880,.T.);
#7864=ORIENTED_EDGE('',*,*,#5881,.T.);
#7865=ORIENTED_EDGE('',*,*,#5879,.F.);
#7866=ORIENTED_EDGE('',*,*,#5880,.F.);
#7867=ORIENTED_EDGE('',*,*,#5881,.F.);
#7868=ORIENTED_EDGE('',*,*,#5882,.T.);
#7869=ORIENTED_EDGE('',*,*,#5324,.F.);
#7870=ORIENTED_EDGE('',*,*,#5882,.F.);
#7871=ORIENTED_EDGE('',*,*,#5883,.T.);
#7872=ORIENTED_EDGE('',*,*,#5884,.T.);
#7873=ORIENTED_EDGE('',*,*,#5885,.T.);
#7874=ORIENTED_EDGE('',*,*,#5886,.T.);
#7875=ORIENTED_EDGE('',*,*,#5884,.F.);
#7876=ORIENTED_EDGE('',*,*,#5885,.F.);
#7877=ORIENTED_EDGE('',*,*,#5886,.F.);
#7878=ORIENTED_EDGE('',*,*,#5887,.T.);
#7879=ORIENTED_EDGE('',*,*,#5325,.F.);
#7880=ORIENTED_EDGE('',*,*,#5887,.F.);
#7881=ORIENTED_EDGE('',*,*,#5856,.F.);
#7882=ORIENTED_EDGE('',*,*,#5863,.T.);
#7883=ORIENTED_EDGE('',*,*,#5888,.F.);
#7884=ORIENTED_EDGE('',*,*,#5309,.F.);
#7885=ORIENTED_EDGE('',*,*,#5321,.T.);
#7886=ORIENTED_EDGE('',*,*,#5889,.F.);
#7887=ORIENTED_EDGE('',*,*,#5883,.F.);
#7888=ORIENTED_EDGE('',*,*,#5890,.T.);
#7889=ORIENTED_EDGE('',*,*,#5891,.T.);
#7890=ORIENTED_EDGE('',*,*,#5892,.T.);
#7891=ORIENTED_EDGE('',*,*,#5893,.F.);
#7892=ORIENTED_EDGE('',*,*,#5894,.F.);
#7893=ORIENTED_EDGE('',*,*,#5891,.F.);
#7894=ORIENTED_EDGE('',*,*,#5895,.F.);
#7895=ORIENTED_EDGE('',*,*,#5872,.F.);
#7896=ORIENTED_EDGE('',*,*,#5896,.T.);
#7897=ORIENTED_EDGE('',*,*,#5897,.T.);
#7898=ORIENTED_EDGE('',*,*,#5898,.T.);
#7899=ORIENTED_EDGE('',*,*,#5893,.T.);
#7900=ORIENTED_EDGE('',*,*,#5899,.F.);
#7901=ORIENTED_EDGE('',*,*,#5897,.F.);
#7902=ORIENTED_EDGE('',*,*,#5900,.F.);
#7903=ORIENTED_EDGE('',*,*,#5870,.F.);
#7904=ORIENTED_EDGE('',*,*,#5901,.T.);
#7905=ORIENTED_EDGE('',*,*,#5902,.T.);
#7906=ORIENTED_EDGE('',*,*,#5903,.T.);
#7907=ORIENTED_EDGE('',*,*,#5904,.F.);
#7908=ORIENTED_EDGE('',*,*,#5905,.F.);
#7909=ORIENTED_EDGE('',*,*,#5902,.F.);
#7910=ORIENTED_EDGE('',*,*,#5906,.F.);
#7911=ORIENTED_EDGE('',*,*,#5868,.F.);
#7912=ORIENTED_EDGE('',*,*,#5907,.T.);
#7913=ORIENTED_EDGE('',*,*,#5908,.T.);
#7914=ORIENTED_EDGE('',*,*,#5909,.T.);
#7915=ORIENTED_EDGE('',*,*,#5904,.T.);
#7916=ORIENTED_EDGE('',*,*,#5910,.F.);
#7917=ORIENTED_EDGE('',*,*,#5908,.F.);
#7918=ORIENTED_EDGE('',*,*,#5911,.F.);
#7919=ORIENTED_EDGE('',*,*,#5866,.F.);
#7920=ORIENTED_EDGE('',*,*,#5895,.T.);
#7921=ORIENTED_EDGE('',*,*,#5890,.F.);
#7922=ORIENTED_EDGE('',*,*,#5898,.F.);
#7923=ORIENTED_EDGE('',*,*,#5899,.T.);
#7924=ORIENTED_EDGE('',*,*,#5873,.T.);
#7925=ORIENTED_EDGE('',*,*,#5900,.T.);
#7926=ORIENTED_EDGE('',*,*,#5896,.F.);
#7927=ORIENTED_EDGE('',*,*,#5892,.F.);
#7928=ORIENTED_EDGE('',*,*,#5894,.T.);
#7929=ORIENTED_EDGE('',*,*,#5871,.T.);
#7930=ORIENTED_EDGE('',*,*,#5906,.T.);
#7931=ORIENTED_EDGE('',*,*,#5901,.F.);
#7932=ORIENTED_EDGE('',*,*,#5909,.F.);
#7933=ORIENTED_EDGE('',*,*,#5910,.T.);
#7934=ORIENTED_EDGE('',*,*,#5869,.T.);
#7935=ORIENTED_EDGE('',*,*,#5911,.T.);
#7936=ORIENTED_EDGE('',*,*,#5907,.F.);
#7937=ORIENTED_EDGE('',*,*,#5903,.F.);
#7938=ORIENTED_EDGE('',*,*,#5905,.T.);
#7939=ORIENTED_EDGE('',*,*,#5867,.T.);
#7940=ORIENTED_EDGE('',*,*,#5857,.F.);
#7941=ORIENTED_EDGE('',*,*,#5889,.T.);
#7942=ORIENTED_EDGE('',*,*,#5320,.T.);
#7943=ORIENTED_EDGE('',*,*,#5323,.T.);
#7944=ORIENTED_EDGE('',*,*,#5327,.T.);
#7945=ORIENTED_EDGE('',*,*,#5876,.T.);
#7946=ORIENTED_EDGE('',*,*,#5860,.F.);
#7947=ORIENTED_EDGE('',*,*,#5852,.F.);
#7948=ORIENTED_EDGE('',*,*,#5912,.F.);
#7949=ORIENTED_EDGE('',*,*,#5913,.F.);
#7950=ORIENTED_EDGE('',*,*,#5914,.F.);
#7951=ORIENTED_EDGE('',*,*,#5915,.F.);
#7952=ORIENTED_EDGE('',*,*,#5916,.F.);
#7953=ORIENTED_EDGE('',*,*,#5914,.T.);
#7954=ORIENTED_EDGE('',*,*,#5917,.F.);
#7955=ORIENTED_EDGE('',*,*,#5918,.F.);
#7956=ORIENTED_EDGE('',*,*,#5919,.F.);
#7957=ORIENTED_EDGE('',*,*,#5918,.T.);
#7958=ORIENTED_EDGE('',*,*,#5920,.F.);
#7959=ORIENTED_EDGE('',*,*,#5921,.F.);
#7960=ORIENTED_EDGE('',*,*,#5922,.F.);
#7961=ORIENTED_EDGE('',*,*,#5921,.T.);
#7962=ORIENTED_EDGE('',*,*,#5923,.F.);
#7963=ORIENTED_EDGE('',*,*,#5043,.F.);
#7964=ORIENTED_EDGE('',*,*,#5924,.F.);
#7965=ORIENTED_EDGE('',*,*,#5915,.T.);
#7966=ORIENTED_EDGE('',*,*,#5916,.T.);
#7967=ORIENTED_EDGE('',*,*,#5919,.T.);
#7968=ORIENTED_EDGE('',*,*,#5922,.T.);
#7969=ORIENTED_EDGE('',*,*,#5042,.T.);
#7970=ORIENTED_EDGE('',*,*,#5912,.T.);
#7971=ORIENTED_EDGE('',*,*,#5924,.T.);
#7972=ORIENTED_EDGE('',*,*,#5041,.T.);
#7973=ORIENTED_EDGE('',*,*,#5925,.T.);
#7974=ORIENTED_EDGE('',*,*,#5926,.T.);
#7975=ORIENTED_EDGE('',*,*,#5046,.T.);
#7976=ORIENTED_EDGE('',*,*,#5927,.T.);
#7977=ORIENTED_EDGE('',*,*,#5928,.T.);
#7978=ORIENTED_EDGE('',*,*,#5926,.F.);
#7979=ORIENTED_EDGE('',*,*,#5929,.F.);
#7980=ORIENTED_EDGE('',*,*,#5930,.F.);
#7981=ORIENTED_EDGE('',*,*,#5047,.F.);
#7982=ORIENTED_EDGE('',*,*,#5925,.F.);
#7983=ORIENTED_EDGE('',*,*,#5040,.T.);
#7984=ORIENTED_EDGE('',*,*,#5931,.T.);
#7985=ORIENTED_EDGE('',*,*,#5932,.T.);
#7986=ORIENTED_EDGE('',*,*,#5933,.T.);
#7987=ORIENTED_EDGE('',*,*,#5929,.T.);
#7988=ORIENTED_EDGE('',*,*,#5048,.F.);
#7989=ORIENTED_EDGE('',*,*,#5930,.T.);
#7990=ORIENTED_EDGE('',*,*,#5933,.F.);
#7991=ORIENTED_EDGE('',*,*,#5934,.F.);
#7992=ORIENTED_EDGE('',*,*,#5049,.F.);
#7993=ORIENTED_EDGE('',*,*,#5934,.T.);
#7994=ORIENTED_EDGE('',*,*,#5932,.F.);
#7995=ORIENTED_EDGE('',*,*,#5935,.F.);
#7996=ORIENTED_EDGE('',*,*,#5050,.F.);
#7997=ORIENTED_EDGE('',*,*,#5935,.T.);
#7998=ORIENTED_EDGE('',*,*,#5931,.F.);
#7999=ORIENTED_EDGE('',*,*,#5039,.F.);
#8000=ORIENTED_EDGE('',*,*,#5024,.F.);
#8001=ORIENTED_EDGE('',*,*,#5027,.T.);
#8002=ORIENTED_EDGE('',*,*,#5936,.F.);
#8003=ORIENTED_EDGE('',*,*,#5937,.F.);
#8004=ORIENTED_EDGE('',*,*,#5020,.F.);
#8005=ORIENTED_EDGE('',*,*,#5937,.T.);
#8006=ORIENTED_EDGE('',*,*,#5938,.F.);
#8007=ORIENTED_EDGE('',*,*,#5028,.F.);
#8008=ORIENTED_EDGE('',*,*,#5938,.T.);
#8009=ORIENTED_EDGE('',*,*,#5936,.T.);
#8010=ORIENTED_EDGE('',*,*,#5026,.T.);
#8011=ORIENTED_EDGE('',*,*,#5029,.T.);
#8012=ORIENTED_EDGE('',*,*,#5011,.F.);
#8013=ORIENTED_EDGE('',*,*,#5014,.T.);
#8014=ORIENTED_EDGE('',*,*,#5939,.F.);
#8015=ORIENTED_EDGE('',*,*,#5940,.F.);
#8016=ORIENTED_EDGE('',*,*,#5007,.F.);
#8017=ORIENTED_EDGE('',*,*,#5940,.T.);
#8018=ORIENTED_EDGE('',*,*,#5941,.F.);
#8019=ORIENTED_EDGE('',*,*,#5015,.F.);
#8020=ORIENTED_EDGE('',*,*,#5941,.T.);
#8021=ORIENTED_EDGE('',*,*,#5939,.T.);
#8022=ORIENTED_EDGE('',*,*,#5013,.T.);
#8023=ORIENTED_EDGE('',*,*,#5016,.T.);
#8024=ORIENTED_EDGE('',*,*,#5942,.F.);
#8025=ORIENTED_EDGE('',*,*,#5943,.F.);
#8026=ORIENTED_EDGE('',*,*,#5944,.F.);
#8027=ORIENTED_EDGE('',*,*,#4986,.F.);
#8028=ORIENTED_EDGE('',*,*,#5944,.T.);
#8029=ORIENTED_EDGE('',*,*,#5945,.F.);
#8030=ORIENTED_EDGE('',*,*,#4982,.F.);
#8031=ORIENTED_EDGE('',*,*,#4987,.F.);
#8032=ORIENTED_EDGE('',*,*,#4973,.F.);
#8033=ORIENTED_EDGE('',*,*,#5946,.F.);
#8034=ORIENTED_EDGE('',*,*,#5947,.F.);
#8035=ORIENTED_EDGE('',*,*,#4984,.F.);
#8036=ORIENTED_EDGE('',*,*,#5947,.T.);
#8037=ORIENTED_EDGE('',*,*,#5948,.F.);
#8038=ORIENTED_EDGE('',*,*,#5942,.T.);
#8039=ORIENTED_EDGE('',*,*,#4985,.F.);
#8040=ORIENTED_EDGE('',*,*,#4980,.F.);
#8041=ORIENTED_EDGE('',*,*,#4983,.T.);
#8042=ORIENTED_EDGE('',*,*,#5945,.T.);
#8043=ORIENTED_EDGE('',*,*,#5943,.T.);
#8044=ORIENTED_EDGE('',*,*,#5948,.T.);
#8045=ORIENTED_EDGE('',*,*,#5946,.T.);
#8046=ORIENTED_EDGE('',*,*,#5949,.T.);
#8047=ORIENTED_EDGE('',*,*,#5950,.T.);
#8048=ORIENTED_EDGE('',*,*,#5951,.T.);
#8049=ORIENTED_EDGE('',*,*,#5950,.F.);
#8050=ORIENTED_EDGE('',*,*,#5951,.F.);
#8051=ORIENTED_EDGE('',*,*,#5952,.T.);
#8052=ORIENTED_EDGE('',*,*,#5953,.F.);
#8053=ORIENTED_EDGE('',*,*,#5952,.F.);
#8054=ORIENTED_EDGE('',*,*,#4939,.T.);
#8055=ORIENTED_EDGE('',*,*,#5949,.F.);
#8056=ORIENTED_EDGE('',*,*,#5954,.T.);
#8057=ORIENTED_EDGE('',*,*,#5955,.T.);
#8058=ORIENTED_EDGE('',*,*,#5956,.T.);
#8059=ORIENTED_EDGE('',*,*,#5955,.F.);
#8060=ORIENTED_EDGE('',*,*,#5956,.F.);
#8061=ORIENTED_EDGE('',*,*,#5957,.T.);
#8062=ORIENTED_EDGE('',*,*,#5958,.F.);
#8063=ORIENTED_EDGE('',*,*,#5957,.F.);
#8064=ORIENTED_EDGE('',*,*,#4953,.T.);
#8065=ORIENTED_EDGE('',*,*,#5954,.F.);
#8066=ORIENTED_EDGE('',*,*,#5959,.T.);
#8067=ORIENTED_EDGE('',*,*,#5960,.T.);
#8068=ORIENTED_EDGE('',*,*,#5961,.T.);
#8069=ORIENTED_EDGE('',*,*,#5960,.F.);
#8070=ORIENTED_EDGE('',*,*,#5961,.F.);
#8071=ORIENTED_EDGE('',*,*,#5962,.T.);
#8072=ORIENTED_EDGE('',*,*,#5963,.F.);
#8073=ORIENTED_EDGE('',*,*,#5962,.F.);
#8074=ORIENTED_EDGE('',*,*,#4967,.T.);
#8075=ORIENTED_EDGE('',*,*,#5959,.F.);
#8076=ORIENTED_EDGE('',*,*,#5953,.T.);
#8077=ORIENTED_EDGE('',*,*,#5963,.T.);
#8078=ORIENTED_EDGE('',*,*,#5964,.F.);
#8079=ORIENTED_EDGE('',*,*,#5965,.F.);
#8080=ORIENTED_EDGE('',*,*,#5966,.T.);
#8081=ORIENTED_EDGE('',*,*,#5844,.F.);
#8082=ORIENTED_EDGE('',*,*,#5535,.T.);
#8083=ORIENTED_EDGE('',*,*,#5532,.T.);
#8084=ORIENTED_EDGE('',*,*,#5526,.T.);
#8085=ORIENTED_EDGE('',*,*,#5537,.T.);
#8086=ORIENTED_EDGE('',*,*,#5551,.T.);
#8087=ORIENTED_EDGE('',*,*,#5548,.T.);
#8088=ORIENTED_EDGE('',*,*,#5542,.T.);
#8089=ORIENTED_EDGE('',*,*,#5553,.T.);
#8090=ORIENTED_EDGE('',*,*,#5567,.T.);
#8091=ORIENTED_EDGE('',*,*,#5564,.T.);
#8092=ORIENTED_EDGE('',*,*,#5558,.T.);
#8093=ORIENTED_EDGE('',*,*,#5569,.T.);
#8094=ORIENTED_EDGE('',*,*,#5585,.T.);
#8095=ORIENTED_EDGE('',*,*,#5582,.T.);
#8096=ORIENTED_EDGE('',*,*,#5576,.T.);
#8097=ORIENTED_EDGE('',*,*,#5589,.T.);
#8098=ORIENTED_EDGE('',*,*,#5587,.T.);
#8099=ORIENTED_EDGE('',*,*,#5603,.T.);
#8100=ORIENTED_EDGE('',*,*,#5600,.T.);
#8101=ORIENTED_EDGE('',*,*,#5594,.T.);
#8102=ORIENTED_EDGE('',*,*,#5605,.T.);
#8103=ORIENTED_EDGE('',*,*,#5619,.T.);
#8104=ORIENTED_EDGE('',*,*,#5616,.T.);
#8105=ORIENTED_EDGE('',*,*,#5610,.T.);
#8106=ORIENTED_EDGE('',*,*,#5621,.T.);
#8107=ORIENTED_EDGE('',*,*,#5635,.T.);
#8108=ORIENTED_EDGE('',*,*,#5632,.T.);
#8109=ORIENTED_EDGE('',*,*,#5626,.T.);
#8110=ORIENTED_EDGE('',*,*,#5637,.T.);
#8111=ORIENTED_EDGE('',*,*,#5651,.T.);
#8112=ORIENTED_EDGE('',*,*,#5648,.T.);
#8113=ORIENTED_EDGE('',*,*,#5642,.T.);
#8114=ORIENTED_EDGE('',*,*,#5653,.T.);
#8115=ORIENTED_EDGE('',*,*,#5667,.T.);
#8116=ORIENTED_EDGE('',*,*,#5664,.T.);
#8117=ORIENTED_EDGE('',*,*,#5658,.T.);
#8118=ORIENTED_EDGE('',*,*,#5669,.T.);
#8119=ORIENTED_EDGE('',*,*,#5683,.T.);
#8120=ORIENTED_EDGE('',*,*,#5680,.T.);
#8121=ORIENTED_EDGE('',*,*,#5674,.T.);
#8122=ORIENTED_EDGE('',*,*,#5685,.T.);
#8123=ORIENTED_EDGE('',*,*,#5699,.T.);
#8124=ORIENTED_EDGE('',*,*,#5696,.T.);
#8125=ORIENTED_EDGE('',*,*,#5690,.T.);
#8126=ORIENTED_EDGE('',*,*,#5701,.T.);
#8127=ORIENTED_EDGE('',*,*,#5715,.T.);
#8128=ORIENTED_EDGE('',*,*,#5712,.T.);
#8129=ORIENTED_EDGE('',*,*,#5706,.T.);
#8130=ORIENTED_EDGE('',*,*,#5717,.T.);
#8131=ORIENTED_EDGE('',*,*,#5731,.T.);
#8132=ORIENTED_EDGE('',*,*,#5728,.T.);
#8133=ORIENTED_EDGE('',*,*,#5722,.T.);
#8134=ORIENTED_EDGE('',*,*,#5733,.T.);
#8135=ORIENTED_EDGE('',*,*,#5747,.T.);
#8136=ORIENTED_EDGE('',*,*,#5744,.T.);
#8137=ORIENTED_EDGE('',*,*,#5738,.T.);
#8138=ORIENTED_EDGE('',*,*,#5749,.T.);
#8139=ORIENTED_EDGE('',*,*,#5765,.T.);
#8140=ORIENTED_EDGE('',*,*,#5762,.T.);
#8141=ORIENTED_EDGE('',*,*,#5756,.T.);
#8142=ORIENTED_EDGE('',*,*,#5769,.T.);
#8143=ORIENTED_EDGE('',*,*,#5767,.T.);
#8144=ORIENTED_EDGE('',*,*,#5966,.F.);
#8145=ORIENTED_EDGE('',*,*,#5967,.F.);
#8146=ORIENTED_EDGE('',*,*,#5968,.T.);
#8147=ORIENTED_EDGE('',*,*,#5845,.F.);
#8148=ORIENTED_EDGE('',*,*,#5968,.F.);
#8149=ORIENTED_EDGE('',*,*,#5969,.F.);
#8150=ORIENTED_EDGE('',*,*,#5970,.T.);
#8151=ORIENTED_EDGE('',*,*,#5846,.F.);
#8152=ORIENTED_EDGE('',*,*,#5277,.T.);
#8153=ORIENTED_EDGE('',*,*,#5275,.T.);
#8154=ORIENTED_EDGE('',*,*,#5174,.T.);
#8155=ORIENTED_EDGE('',*,*,#4928,.T.);
#8156=ORIENTED_EDGE('',*,*,#5273,.T.);
#8157=ORIENTED_EDGE('',*,*,#5291,.T.);
#8158=ORIENTED_EDGE('',*,*,#5216,.F.);
#8159=ORIENTED_EDGE('',*,*,#5213,.F.);
#8160=ORIENTED_EDGE('',*,*,#5211,.F.);
#8161=ORIENTED_EDGE('',*,*,#5785,.T.);
#8162=ORIENTED_EDGE('',*,*,#5778,.T.);
#8163=ORIENTED_EDGE('',*,*,#5774,.T.);
#8164=ORIENTED_EDGE('',*,*,#5788,.T.);
#8165=ORIENTED_EDGE('',*,*,#5786,.T.);
#8166=ORIENTED_EDGE('',*,*,#5838,.T.);
#8167=ORIENTED_EDGE('',*,*,#5835,.T.);
#8168=ORIENTED_EDGE('',*,*,#5830,.T.);
#8169=ORIENTED_EDGE('',*,*,#5842,.T.);
#8170=ORIENTED_EDGE('',*,*,#5840,.T.);
#8171=ORIENTED_EDGE('',*,*,#5823,.T.);
#8172=ORIENTED_EDGE('',*,*,#5820,.T.);
#8173=ORIENTED_EDGE('',*,*,#5817,.T.);
#8174=ORIENTED_EDGE('',*,*,#5825,.T.);
#8175=ORIENTED_EDGE('',*,*,#5813,.T.);
#8176=ORIENTED_EDGE('',*,*,#5810,.T.);
#8177=ORIENTED_EDGE('',*,*,#5807,.T.);
#8178=ORIENTED_EDGE('',*,*,#5815,.T.);
#8179=ORIENTED_EDGE('',*,*,#5803,.T.);
#8180=ORIENTED_EDGE('',*,*,#5798,.T.);
#8181=ORIENTED_EDGE('',*,*,#5794,.T.);
#8182=ORIENTED_EDGE('',*,*,#5805,.T.);
#8183=ORIENTED_EDGE('',*,*,#5970,.F.);
#8184=ORIENTED_EDGE('',*,*,#5971,.F.);
#8185=ORIENTED_EDGE('',*,*,#5972,.T.);
#8186=ORIENTED_EDGE('',*,*,#5847,.F.);
#8187=ORIENTED_EDGE('',*,*,#5972,.F.);
#8188=ORIENTED_EDGE('',*,*,#5973,.F.);
#8189=ORIENTED_EDGE('',*,*,#5974,.T.);
#8190=ORIENTED_EDGE('',*,*,#5848,.F.);
#8191=ORIENTED_EDGE('',*,*,#5534,.T.);
#8192=ORIENTED_EDGE('',*,*,#5528,.T.);
#8193=ORIENTED_EDGE('',*,*,#5523,.T.);
#8194=ORIENTED_EDGE('',*,*,#5531,.T.);
#8195=ORIENTED_EDGE('',*,*,#5550,.T.);
#8196=ORIENTED_EDGE('',*,*,#5544,.T.);
#8197=ORIENTED_EDGE('',*,*,#5539,.T.);
#8198=ORIENTED_EDGE('',*,*,#5547,.T.);
#8199=ORIENTED_EDGE('',*,*,#5566,.T.);
#8200=ORIENTED_EDGE('',*,*,#5560,.T.);
#8201=ORIENTED_EDGE('',*,*,#5555,.T.);
#8202=ORIENTED_EDGE('',*,*,#5563,.T.);
#8203=ORIENTED_EDGE('',*,*,#5584,.T.);
#8204=ORIENTED_EDGE('',*,*,#5578,.T.);
#8205=ORIENTED_EDGE('',*,*,#5571,.T.);
#8206=ORIENTED_EDGE('',*,*,#5574,.T.);
#8207=ORIENTED_EDGE('',*,*,#5581,.T.);
#8208=ORIENTED_EDGE('',*,*,#5602,.T.);
#8209=ORIENTED_EDGE('',*,*,#5596,.T.);
#8210=ORIENTED_EDGE('',*,*,#5591,.T.);
#8211=ORIENTED_EDGE('',*,*,#5599,.T.);
#8212=ORIENTED_EDGE('',*,*,#5618,.T.);
#8213=ORIENTED_EDGE('',*,*,#5612,.T.);
#8214=ORIENTED_EDGE('',*,*,#5607,.T.);
#8215=ORIENTED_EDGE('',*,*,#5615,.T.);
#8216=ORIENTED_EDGE('',*,*,#5634,.T.);
#8217=ORIENTED_EDGE('',*,*,#5628,.T.);
#8218=ORIENTED_EDGE('',*,*,#5623,.T.);
#8219=ORIENTED_EDGE('',*,*,#5631,.T.);
#8220=ORIENTED_EDGE('',*,*,#5650,.T.);
#8221=ORIENTED_EDGE('',*,*,#5644,.T.);
#8222=ORIENTED_EDGE('',*,*,#5639,.T.);
#8223=ORIENTED_EDGE('',*,*,#5647,.T.);
#8224=ORIENTED_EDGE('',*,*,#5666,.T.);
#8225=ORIENTED_EDGE('',*,*,#5660,.T.);
#8226=ORIENTED_EDGE('',*,*,#5655,.T.);
#8227=ORIENTED_EDGE('',*,*,#5663,.T.);
#8228=ORIENTED_EDGE('',*,*,#5682,.T.);
#8229=ORIENTED_EDGE('',*,*,#5676,.T.);
#8230=ORIENTED_EDGE('',*,*,#5671,.T.);
#8231=ORIENTED_EDGE('',*,*,#5679,.T.);
#8232=ORIENTED_EDGE('',*,*,#5698,.T.);
#8233=ORIENTED_EDGE('',*,*,#5692,.T.);
#8234=ORIENTED_EDGE('',*,*,#5687,.T.);
#8235=ORIENTED_EDGE('',*,*,#5695,.T.);
#8236=ORIENTED_EDGE('',*,*,#5714,.T.);
#8237=ORIENTED_EDGE('',*,*,#5708,.T.);
#8238=ORIENTED_EDGE('',*,*,#5703,.T.);
#8239=ORIENTED_EDGE('',*,*,#5711,.T.);
#8240=ORIENTED_EDGE('',*,*,#5730,.T.);
#8241=ORIENTED_EDGE('',*,*,#5724,.T.);
#8242=ORIENTED_EDGE('',*,*,#5719,.T.);
#8243=ORIENTED_EDGE('',*,*,#5727,.T.);
#8244=ORIENTED_EDGE('',*,*,#5746,.T.);
#8245=ORIENTED_EDGE('',*,*,#5740,.T.);
#8246=ORIENTED_EDGE('',*,*,#5735,.T.);
#8247=ORIENTED_EDGE('',*,*,#5743,.T.);
#8248=ORIENTED_EDGE('',*,*,#5764,.T.);
#8249=ORIENTED_EDGE('',*,*,#5758,.T.);
#8250=ORIENTED_EDGE('',*,*,#5751,.T.);
#8251=ORIENTED_EDGE('',*,*,#5754,.T.);
#8252=ORIENTED_EDGE('',*,*,#5761,.T.);
#8253=ORIENTED_EDGE('',*,*,#5974,.F.);
#8254=ORIENTED_EDGE('',*,*,#5975,.F.);
#8255=ORIENTED_EDGE('',*,*,#5976,.T.);
#8256=ORIENTED_EDGE('',*,*,#5849,.F.);
#8257=ORIENTED_EDGE('',*,*,#5976,.F.);
#8258=ORIENTED_EDGE('',*,*,#5977,.F.);
#8259=ORIENTED_EDGE('',*,*,#5978,.F.);
#8260=ORIENTED_EDGE('',*,*,#5850,.F.);
#8261=ORIENTED_EDGE('',*,*,#5416,.T.);
#8262=ORIENTED_EDGE('',*,*,#5373,.T.);
#8263=ORIENTED_EDGE('',*,*,#5809,.T.);
#8264=ORIENTED_EDGE('',*,*,#5369,.T.);
#8265=ORIENTED_EDGE('',*,*,#5422,.T.);
#8266=ORIENTED_EDGE('',*,*,#5837,.T.);
#8267=ORIENTED_EDGE('',*,*,#5832,.T.);
#8268=ORIENTED_EDGE('',*,*,#5827,.T.);
#8269=ORIENTED_EDGE('',*,*,#5834,.T.);
#8270=ORIENTED_EDGE('',*,*,#5419,.T.);
#8271=ORIENTED_EDGE('',*,*,#5412,.T.);
#8272=ORIENTED_EDGE('',*,*,#5397,.T.);
#8273=ORIENTED_EDGE('',*,*,#5330,.T.);
#8274=ORIENTED_EDGE('',*,*,#5792,.T.);
#8275=ORIENTED_EDGE('',*,*,#5797,.T.);
#8276=ORIENTED_EDGE('',*,*,#5802,.T.);
#8277=ORIENTED_EDGE('',*,*,#5800,.T.);
#8278=ORIENTED_EDGE('',*,*,#5789,.T.);
#8279=ORIENTED_EDGE('',*,*,#5415,.T.);
#8280=ORIENTED_EDGE('',*,*,#5393,.T.);
#8281=ORIENTED_EDGE('',*,*,#5401,.T.);
#8282=ORIENTED_EDGE('',*,*,#5348,.T.);
#8283=ORIENTED_EDGE('',*,*,#5822,.T.);
#8284=ORIENTED_EDGE('',*,*,#5359,.T.);
#8285=ORIENTED_EDGE('',*,*,#5418,.T.);
#8286=ORIENTED_EDGE('',*,*,#5819,.T.);
#8287=ORIENTED_EDGE('',*,*,#5354,.T.);
#8288=ORIENTED_EDGE('',*,*,#5390,.T.);
#8289=ORIENTED_EDGE('',*,*,#5363,.T.);
#8290=ORIENTED_EDGE('',*,*,#5812,.T.);
#8291=ORIENTED_EDGE('',*,*,#5379,.T.);
#8292=ORIENTED_EDGE('',*,*,#5402,.T.);
#8293=ORIENTED_EDGE('',*,*,#5382,.T.);
#8294=ORIENTED_EDGE('',*,*,#5342,.T.);
#8295=ORIENTED_EDGE('',*,*,#5340,.T.);
#8296=ORIENTED_EDGE('',*,*,#5306,.T.);
#8297=ORIENTED_EDGE('',*,*,#5339,.T.);
#8298=ORIENTED_EDGE('',*,*,#5336,.T.);
#8299=ORIENTED_EDGE('',*,*,#5386,.T.);
#8300=ORIENTED_EDGE('',*,*,#5334,.T.);
#8301=ORIENTED_EDGE('',*,*,#5332,.T.);
#8302=ORIENTED_EDGE('',*,*,#5300,.T.);
#8303=ORIENTED_EDGE('',*,*,#5344,.T.);
#8304=ORIENTED_EDGE('',*,*,#5413,.T.);
#8305=ORIENTED_EDGE('',*,*,#5888,.T.);
#8306=ORIENTED_EDGE('',*,*,#5862,.F.);
#8307=ORIENTED_EDGE('',*,*,#5865,.F.);
#8308=ORIENTED_EDGE('',*,*,#5875,.F.);
#8309=ORIENTED_EDGE('',*,*,#5877,.T.);
#8310=ORIENTED_EDGE('',*,*,#5782,.T.);
#8311=ORIENTED_EDGE('',*,*,#5780,.T.);
#8312=ORIENTED_EDGE('',*,*,#5771,.T.);
#8313=ORIENTED_EDGE('',*,*,#5777,.T.);
#8314=ORIENTED_EDGE('',*,*,#5784,.T.);
#8315=ORIENTED_EDGE('',*,*,#5315,.F.);
#8316=ORIENTED_EDGE('',*,*,#5312,.F.);
#8317=ORIENTED_EDGE('',*,*,#5310,.F.);
#8318=ORIENTED_EDGE('',*,*,#5978,.T.);
#8319=ORIENTED_EDGE('',*,*,#5979,.F.);
#8320=ORIENTED_EDGE('',*,*,#5964,.T.);
#8321=ORIENTED_EDGE('',*,*,#5843,.F.);
#8322=ORIENTED_EDGE('',*,*,#5958,.T.);
#8323=ORIENTED_EDGE('',*,*,#5979,.T.);
#8324=ORIENTED_EDGE('',*,*,#5977,.T.);
#8325=ORIENTED_EDGE('',*,*,#5975,.T.);
#8326=ORIENTED_EDGE('',*,*,#5973,.T.);
#8327=ORIENTED_EDGE('',*,*,#5971,.T.);
#8328=ORIENTED_EDGE('',*,*,#5969,.T.);
#8329=ORIENTED_EDGE('',*,*,#5967,.T.);
#8330=ORIENTED_EDGE('',*,*,#5965,.T.);
#8331=ORIENTED_EDGE('',*,*,#5036,.F.);
#8332=ORIENTED_EDGE('',*,*,#5980,.T.);
#8333=ORIENTED_EDGE('',*,*,#5927,.F.);
#8334=ORIENTED_EDGE('',*,*,#5045,.F.);
#8335=ORIENTED_EDGE('',*,*,#5030,.F.);
#8336=ORIENTED_EDGE('',*,*,#5044,.T.);
#8337=ORIENTED_EDGE('',*,*,#5923,.T.);
#8338=ORIENTED_EDGE('',*,*,#5920,.T.);
#8339=ORIENTED_EDGE('',*,*,#5917,.T.);
#8340=ORIENTED_EDGE('',*,*,#5913,.T.);
#8341=ORIENTED_EDGE('',*,*,#5928,.F.);
#8342=ORIENTED_EDGE('',*,*,#5980,.F.);
#8343=ORIENTED_EDGE('',*,*,#5981,.T.);
#8344=ORIENTED_EDGE('',*,*,#5982,.T.);
#8345=ORIENTED_EDGE('',*,*,#5983,.T.);
#8346=ORIENTED_EDGE('',*,*,#5984,.T.);
#8347=ORIENTED_EDGE('',*,*,#5985,.T.);
#8348=ORIENTED_EDGE('',*,*,#5986,.T.);
#8349=ORIENTED_EDGE('',*,*,#5987,.T.);
#8350=ORIENTED_EDGE('',*,*,#5988,.T.);
#8351=ORIENTED_EDGE('',*,*,#5989,.T.);
#8352=ORIENTED_EDGE('',*,*,#5990,.T.);
#8353=ORIENTED_EDGE('',*,*,#5991,.T.);
#8354=ORIENTED_EDGE('',*,*,#5992,.T.);
#8355=ORIENTED_EDGE('',*,*,#5983,.F.);
#8356=ORIENTED_EDGE('',*,*,#5993,.T.);
#8357=ORIENTED_EDGE('',*,*,#5991,.F.);
#8358=ORIENTED_EDGE('',*,*,#5994,.T.);
#8359=ORIENTED_EDGE('',*,*,#5988,.F.);
#8360=ORIENTED_EDGE('',*,*,#5995,.T.);
#8361=ORIENTED_EDGE('',*,*,#5992,.F.);
#8362=ORIENTED_EDGE('',*,*,#5996,.T.);
#8363=ORIENTED_EDGE('',*,*,#5985,.F.);
#8364=ORIENTED_EDGE('',*,*,#5997,.T.);
#8365=ORIENTED_EDGE('',*,*,#5989,.F.);
#8366=ORIENTED_EDGE('',*,*,#5998,.T.);
#8367=ORIENTED_EDGE('',*,*,#5982,.F.);
#8368=ORIENTED_EDGE('',*,*,#5999,.T.);
#8369=ORIENTED_EDGE('',*,*,#5986,.F.);
#8370=ORIENTED_EDGE('',*,*,#6000,.T.);
#8371=ORIENTED_EDGE('',*,*,#5999,.F.);
#8372=ORIENTED_EDGE('',*,*,#6001,.F.);
#8373=ORIENTED_EDGE('',*,*,#6002,.F.);
#8374=ORIENTED_EDGE('',*,*,#6003,.T.);
#8375=ORIENTED_EDGE('',*,*,#5981,.F.);
#8376=ORIENTED_EDGE('',*,*,#6004,.F.);
#8377=ORIENTED_EDGE('',*,*,#6005,.F.);
#8378=ORIENTED_EDGE('',*,*,#6001,.T.);
#8379=ORIENTED_EDGE('',*,*,#5994,.F.);
#8380=ORIENTED_EDGE('',*,*,#6006,.F.);
#8381=ORIENTED_EDGE('',*,*,#6007,.F.);
#8382=ORIENTED_EDGE('',*,*,#6004,.T.);
#8383=ORIENTED_EDGE('',*,*,#5990,.F.);
#8384=ORIENTED_EDGE('',*,*,#6008,.F.);
#8385=ORIENTED_EDGE('',*,*,#6009,.F.);
#8386=ORIENTED_EDGE('',*,*,#6006,.T.);
#8387=ORIENTED_EDGE('',*,*,#5993,.F.);
#8388=ORIENTED_EDGE('',*,*,#6000,.F.);
#8389=ORIENTED_EDGE('',*,*,#5998,.F.);
#8390=ORIENTED_EDGE('',*,*,#5996,.F.);
#8391=ORIENTED_EDGE('',*,*,#6010,.F.);
#8392=ORIENTED_EDGE('',*,*,#6011,.F.);
#8393=ORIENTED_EDGE('',*,*,#6012,.F.);
#8394=ORIENTED_EDGE('',*,*,#6013,.F.);
#8395=ORIENTED_EDGE('',*,*,#6014,.F.);
#8396=ORIENTED_EDGE('',*,*,#6015,.F.);
#8397=ORIENTED_EDGE('',*,*,#6016,.F.);
#8398=ORIENTED_EDGE('',*,*,#6017,.F.);
#8399=ORIENTED_EDGE('',*,*,#6018,.T.);
#8400=ORIENTED_EDGE('',*,*,#6019,.T.);
#8401=ORIENTED_EDGE('',*,*,#6020,.T.);
#8402=ORIENTED_EDGE('',*,*,#6021,.T.);
#8403=ORIENTED_EDGE('',*,*,#6022,.T.);
#8404=ORIENTED_EDGE('',*,*,#6023,.T.);
#8405=ORIENTED_EDGE('',*,*,#6024,.T.);
#8406=ORIENTED_EDGE('',*,*,#6025,.T.);
#8407=ORIENTED_EDGE('',*,*,#6011,.T.);
#8408=ORIENTED_EDGE('',*,*,#6026,.T.);
#8409=ORIENTED_EDGE('',*,*,#6027,.F.);
#8410=ORIENTED_EDGE('',*,*,#6028,.F.);
#8411=ORIENTED_EDGE('',*,*,#6012,.T.);
#8412=ORIENTED_EDGE('',*,*,#6028,.T.);
#8413=ORIENTED_EDGE('',*,*,#6029,.F.);
#8414=ORIENTED_EDGE('',*,*,#6030,.F.);
#8415=ORIENTED_EDGE('',*,*,#6013,.T.);
#8416=ORIENTED_EDGE('',*,*,#6030,.T.);
#8417=ORIENTED_EDGE('',*,*,#6031,.F.);
#8418=ORIENTED_EDGE('',*,*,#6032,.F.);
#8419=ORIENTED_EDGE('',*,*,#6014,.T.);
#8420=ORIENTED_EDGE('',*,*,#6032,.T.);
#8421=ORIENTED_EDGE('',*,*,#6033,.F.);
#8422=ORIENTED_EDGE('',*,*,#6034,.F.);
#8423=ORIENTED_EDGE('',*,*,#6015,.T.);
#8424=ORIENTED_EDGE('',*,*,#6034,.T.);
#8425=ORIENTED_EDGE('',*,*,#6035,.F.);
#8426=ORIENTED_EDGE('',*,*,#6036,.F.);
#8427=ORIENTED_EDGE('',*,*,#6016,.T.);
#8428=ORIENTED_EDGE('',*,*,#6036,.T.);
#8429=ORIENTED_EDGE('',*,*,#6037,.F.);
#8430=ORIENTED_EDGE('',*,*,#6038,.F.);
#8431=ORIENTED_EDGE('',*,*,#6017,.T.);
#8432=ORIENTED_EDGE('',*,*,#6038,.T.);
#8433=ORIENTED_EDGE('',*,*,#6039,.F.);
#8434=ORIENTED_EDGE('',*,*,#6040,.F.);
#8435=ORIENTED_EDGE('',*,*,#6010,.T.);
#8436=ORIENTED_EDGE('',*,*,#6040,.T.);
#8437=ORIENTED_EDGE('',*,*,#6041,.F.);
#8438=ORIENTED_EDGE('',*,*,#6026,.F.);
#8439=ORIENTED_EDGE('',*,*,#6041,.T.);
#8440=ORIENTED_EDGE('',*,*,#6039,.T.);
#8441=ORIENTED_EDGE('',*,*,#6037,.T.);
#8442=ORIENTED_EDGE('',*,*,#6035,.T.);
#8443=ORIENTED_EDGE('',*,*,#6033,.T.);
#8444=ORIENTED_EDGE('',*,*,#6031,.T.);
#8445=ORIENTED_EDGE('',*,*,#6029,.T.);
#8446=ORIENTED_EDGE('',*,*,#6027,.T.);
#8447=ORIENTED_EDGE('',*,*,#6042,.T.);
#8448=ORIENTED_EDGE('',*,*,#6043,.T.);
#8449=ORIENTED_EDGE('',*,*,#6044,.F.);
#8450=ORIENTED_EDGE('',*,*,#6018,.F.);
#8451=ORIENTED_EDGE('',*,*,#6045,.T.);
#8452=ORIENTED_EDGE('',*,*,#6009,.T.);
#8453=ORIENTED_EDGE('',*,*,#6046,.F.);
#8454=ORIENTED_EDGE('',*,*,#6043,.F.);
#8455=ORIENTED_EDGE('',*,*,#6047,.T.);
#8456=ORIENTED_EDGE('',*,*,#6048,.T.);
#8457=ORIENTED_EDGE('',*,*,#6042,.F.);
#8458=ORIENTED_EDGE('',*,*,#6025,.F.);
#8459=ORIENTED_EDGE('',*,*,#6049,.T.);
#8460=ORIENTED_EDGE('',*,*,#6007,.T.);
#8461=ORIENTED_EDGE('',*,*,#6045,.F.);
#8462=ORIENTED_EDGE('',*,*,#6048,.F.);
#8463=ORIENTED_EDGE('',*,*,#6050,.T.);
#8464=ORIENTED_EDGE('',*,*,#6051,.T.);
#8465=ORIENTED_EDGE('',*,*,#6047,.F.);
#8466=ORIENTED_EDGE('',*,*,#6024,.F.);
#8467=ORIENTED_EDGE('',*,*,#6052,.T.);
#8468=ORIENTED_EDGE('',*,*,#6005,.T.);
#8469=ORIENTED_EDGE('',*,*,#6049,.F.);
#8470=ORIENTED_EDGE('',*,*,#6051,.F.);
#8471=ORIENTED_EDGE('',*,*,#6053,.T.);
#8472=ORIENTED_EDGE('',*,*,#6054,.T.);
#8473=ORIENTED_EDGE('',*,*,#6050,.F.);
#8474=ORIENTED_EDGE('',*,*,#6023,.F.);
#8475=ORIENTED_EDGE('',*,*,#6055,.T.);
#8476=ORIENTED_EDGE('',*,*,#6002,.T.);
#8477=ORIENTED_EDGE('',*,*,#6052,.F.);
#8478=ORIENTED_EDGE('',*,*,#6054,.F.);
#8479=ORIENTED_EDGE('',*,*,#6056,.T.);
#8480=ORIENTED_EDGE('',*,*,#6057,.T.);
#8481=ORIENTED_EDGE('',*,*,#6053,.F.);
#8482=ORIENTED_EDGE('',*,*,#6022,.F.);
#8483=ORIENTED_EDGE('',*,*,#5984,.F.);
#8484=ORIENTED_EDGE('',*,*,#6003,.F.);
#8485=ORIENTED_EDGE('',*,*,#6058,.F.);
#8486=ORIENTED_EDGE('',*,*,#6059,.T.);
#8487=ORIENTED_EDGE('',*,*,#6060,.T.);
#8488=ORIENTED_EDGE('',*,*,#6058,.T.);
#8489=ORIENTED_EDGE('',*,*,#6055,.F.);
#8490=ORIENTED_EDGE('',*,*,#6057,.F.);
#8491=ORIENTED_EDGE('',*,*,#6061,.T.);
#8492=ORIENTED_EDGE('',*,*,#6062,.T.);
#8493=ORIENTED_EDGE('',*,*,#6056,.F.);
#8494=ORIENTED_EDGE('',*,*,#6021,.F.);
#8495=ORIENTED_EDGE('',*,*,#5997,.F.);
#8496=ORIENTED_EDGE('',*,*,#6059,.F.);
#8497=ORIENTED_EDGE('',*,*,#6063,.F.);
#8498=ORIENTED_EDGE('',*,*,#6064,.T.);
#8499=ORIENTED_EDGE('',*,*,#6065,.T.);
#8500=ORIENTED_EDGE('',*,*,#6063,.T.);
#8501=ORIENTED_EDGE('',*,*,#6060,.F.);
#8502=ORIENTED_EDGE('',*,*,#6062,.F.);
#8503=ORIENTED_EDGE('',*,*,#6066,.T.);
#8504=ORIENTED_EDGE('',*,*,#6067,.T.);
#8505=ORIENTED_EDGE('',*,*,#6061,.F.);
#8506=ORIENTED_EDGE('',*,*,#6020,.F.);
#8507=ORIENTED_EDGE('',*,*,#5987,.F.);
#8508=ORIENTED_EDGE('',*,*,#6064,.F.);
#8509=ORIENTED_EDGE('',*,*,#6068,.F.);
#8510=ORIENTED_EDGE('',*,*,#6069,.T.);
#8511=ORIENTED_EDGE('',*,*,#6070,.T.);
#8512=ORIENTED_EDGE('',*,*,#6068,.T.);
#8513=ORIENTED_EDGE('',*,*,#6065,.F.);
#8514=ORIENTED_EDGE('',*,*,#6067,.F.);
#8515=ORIENTED_EDGE('',*,*,#6071,.T.);
#8516=ORIENTED_EDGE('',*,*,#6066,.F.);
#8517=ORIENTED_EDGE('',*,*,#6019,.F.);
#8518=ORIENTED_EDGE('',*,*,#6044,.T.);
#8519=ORIENTED_EDGE('',*,*,#5995,.F.);
#8520=ORIENTED_EDGE('',*,*,#6069,.F.);
#8521=ORIENTED_EDGE('',*,*,#6072,.F.);
#8522=ORIENTED_EDGE('',*,*,#6008,.T.);
#8523=ORIENTED_EDGE('',*,*,#6072,.T.);
#8524=ORIENTED_EDGE('',*,*,#6070,.F.);
#8525=ORIENTED_EDGE('',*,*,#6071,.F.);
#8526=ORIENTED_EDGE('',*,*,#6046,.T.);
#8527=ORIENTED_EDGE('',*,*,#6073,.T.);
#8528=ORIENTED_EDGE('',*,*,#6074,.T.);
#8529=ORIENTED_EDGE('',*,*,#6075,.T.);
#8530=ORIENTED_EDGE('',*,*,#6074,.F.);
#8531=ORIENTED_EDGE('',*,*,#6076,.T.);
#8532=ORIENTED_EDGE('',*,*,#6077,.T.);
#8533=ORIENTED_EDGE('',*,*,#6078,.T.);
#8534=ORIENTED_EDGE('',*,*,#6079,.T.);
#8535=ORIENTED_EDGE('',*,*,#6080,.F.);
#8536=ORIENTED_EDGE('',*,*,#6073,.F.);
#8537=ORIENTED_EDGE('',*,*,#6081,.F.);
#8538=ORIENTED_EDGE('',*,*,#6082,.T.);
#8539=ORIENTED_EDGE('',*,*,#6075,.F.);
#8540=ORIENTED_EDGE('',*,*,#6082,.F.);
#8541=ORIENTED_EDGE('',*,*,#6080,.T.);
#8542=ORIENTED_EDGE('',*,*,#6083,.T.);
#8543=ORIENTED_EDGE('',*,*,#6084,.T.);
#8544=ORIENTED_EDGE('',*,*,#6083,.F.);
#8545=ORIENTED_EDGE('',*,*,#6085,.F.);
#8546=ORIENTED_EDGE('',*,*,#6086,.T.);
#8547=ORIENTED_EDGE('',*,*,#6084,.F.);
#8548=ORIENTED_EDGE('',*,*,#6086,.F.);
#8549=ORIENTED_EDGE('',*,*,#6087,.T.);
#8550=ORIENTED_EDGE('',*,*,#6088,.T.);
#8551=ORIENTED_EDGE('',*,*,#6089,.T.);
#8552=ORIENTED_EDGE('',*,*,#6090,.T.);
#8553=ORIENTED_EDGE('',*,*,#6090,.F.);
#8554=ORIENTED_EDGE('',*,*,#6091,.T.);
#8555=ORIENTED_EDGE('',*,*,#6092,.F.);
#8556=ORIENTED_EDGE('',*,*,#6093,.T.);
#8557=ORIENTED_EDGE('',*,*,#6089,.F.);
#8558=ORIENTED_EDGE('',*,*,#6094,.F.);
#8559=ORIENTED_EDGE('',*,*,#6095,.F.);
#8560=ORIENTED_EDGE('',*,*,#6096,.T.);
#8561=ORIENTED_EDGE('',*,*,#6097,.F.);
#8562=ORIENTED_EDGE('',*,*,#6098,.F.);
#8563=ORIENTED_EDGE('',*,*,#6099,.F.);
#8564=ORIENTED_EDGE('',*,*,#6100,.F.);
#8565=ORIENTED_EDGE('',*,*,#6101,.T.);
#8566=ORIENTED_EDGE('',*,*,#6102,.T.);
#8567=ORIENTED_EDGE('',*,*,#6077,.F.);
#8568=ORIENTED_EDGE('',*,*,#6103,.F.);
#8569=ORIENTED_EDGE('',*,*,#6104,.T.);
#8570=ORIENTED_EDGE('',*,*,#6091,.F.);
#8571=ORIENTED_EDGE('',*,*,#6105,.T.);
#8572=ORIENTED_EDGE('',*,*,#6106,.T.);
#8573=ORIENTED_EDGE('',*,*,#6097,.T.);
#8574=ORIENTED_EDGE('',*,*,#6107,.T.);
#8575=ORIENTED_EDGE('',*,*,#6106,.F.);
#8576=ORIENTED_EDGE('',*,*,#6108,.T.);
#8577=ORIENTED_EDGE('',*,*,#6109,.F.);
#8578=ORIENTED_EDGE('',*,*,#6098,.T.);
#8579=ORIENTED_EDGE('',*,*,#6110,.T.);
#8580=ORIENTED_EDGE('',*,*,#6111,.T.);
#8581=ORIENTED_EDGE('',*,*,#6099,.T.);
#8582=ORIENTED_EDGE('',*,*,#6109,.T.);
#8583=ORIENTED_EDGE('',*,*,#6112,.T.);
#8584=ORIENTED_EDGE('',*,*,#6113,.T.);
#8585=ORIENTED_EDGE('',*,*,#6095,.T.);
#8586=ORIENTED_EDGE('',*,*,#6114,.T.);
#8587=ORIENTED_EDGE('',*,*,#6107,.F.);
#8588=ORIENTED_EDGE('',*,*,#6096,.F.);
#8589=ORIENTED_EDGE('',*,*,#6113,.F.);
#8590=ORIENTED_EDGE('',*,*,#6115,.T.);
#8591=ORIENTED_EDGE('',*,*,#6116,.T.);
#8592=ORIENTED_EDGE('',*,*,#6117,.F.);
#8593=ORIENTED_EDGE('',*,*,#6118,.T.);
#8594=ORIENTED_EDGE('',*,*,#6119,.F.);
#8595=ORIENTED_EDGE('',*,*,#6120,.T.);
#8596=ORIENTED_EDGE('',*,*,#6121,.F.);
#8597=ORIENTED_EDGE('',*,*,#6122,.T.);
#8598=ORIENTED_EDGE('',*,*,#6123,.F.);
#8599=ORIENTED_EDGE('',*,*,#6124,.T.);
#8600=ORIENTED_EDGE('',*,*,#6125,.T.);
#8601=ORIENTED_EDGE('',*,*,#6126,.T.);
#8602=ORIENTED_EDGE('',*,*,#6127,.F.);
#8603=ORIENTED_EDGE('',*,*,#6128,.F.);
#8604=ORIENTED_EDGE('',*,*,#6125,.F.);
#8605=ORIENTED_EDGE('',*,*,#6129,.F.);
#8606=ORIENTED_EDGE('',*,*,#6122,.F.);
#8607=ORIENTED_EDGE('',*,*,#6130,.T.);
#8608=ORIENTED_EDGE('',*,*,#6131,.T.);
#8609=ORIENTED_EDGE('',*,*,#6132,.T.);
#8610=ORIENTED_EDGE('',*,*,#6127,.T.);
#8611=ORIENTED_EDGE('',*,*,#6133,.F.);
#8612=ORIENTED_EDGE('',*,*,#6131,.F.);
#8613=ORIENTED_EDGE('',*,*,#6134,.F.);
#8614=ORIENTED_EDGE('',*,*,#6120,.F.);
#8615=ORIENTED_EDGE('',*,*,#6135,.T.);
#8616=ORIENTED_EDGE('',*,*,#6136,.T.);
#8617=ORIENTED_EDGE('',*,*,#6137,.T.);
#8618=ORIENTED_EDGE('',*,*,#6138,.F.);
#8619=ORIENTED_EDGE('',*,*,#6139,.F.);
#8620=ORIENTED_EDGE('',*,*,#6136,.F.);
#8621=ORIENTED_EDGE('',*,*,#6140,.F.);
#8622=ORIENTED_EDGE('',*,*,#6118,.F.);
#8623=ORIENTED_EDGE('',*,*,#6141,.T.);
#8624=ORIENTED_EDGE('',*,*,#6142,.T.);
#8625=ORIENTED_EDGE('',*,*,#6143,.T.);
#8626=ORIENTED_EDGE('',*,*,#6138,.T.);
#8627=ORIENTED_EDGE('',*,*,#6144,.F.);
#8628=ORIENTED_EDGE('',*,*,#6142,.F.);
#8629=ORIENTED_EDGE('',*,*,#6145,.F.);
#8630=ORIENTED_EDGE('',*,*,#6116,.F.);
#8631=ORIENTED_EDGE('',*,*,#6129,.T.);
#8632=ORIENTED_EDGE('',*,*,#6124,.F.);
#8633=ORIENTED_EDGE('',*,*,#6132,.F.);
#8634=ORIENTED_EDGE('',*,*,#6133,.T.);
#8635=ORIENTED_EDGE('',*,*,#6123,.T.);
#8636=ORIENTED_EDGE('',*,*,#6134,.T.);
#8637=ORIENTED_EDGE('',*,*,#6130,.F.);
#8638=ORIENTED_EDGE('',*,*,#6126,.F.);
#8639=ORIENTED_EDGE('',*,*,#6128,.T.);
#8640=ORIENTED_EDGE('',*,*,#6121,.T.);
#8641=ORIENTED_EDGE('',*,*,#6140,.T.);
#8642=ORIENTED_EDGE('',*,*,#6135,.F.);
#8643=ORIENTED_EDGE('',*,*,#6143,.F.);
#8644=ORIENTED_EDGE('',*,*,#6144,.T.);
#8645=ORIENTED_EDGE('',*,*,#6119,.T.);
#8646=ORIENTED_EDGE('',*,*,#6145,.T.);
#8647=ORIENTED_EDGE('',*,*,#6141,.F.);
#8648=ORIENTED_EDGE('',*,*,#6137,.F.);
#8649=ORIENTED_EDGE('',*,*,#6139,.T.);
#8650=ORIENTED_EDGE('',*,*,#6117,.T.);
#8651=ORIENTED_EDGE('',*,*,#6111,.F.);
#8652=ORIENTED_EDGE('',*,*,#6146,.T.);
#8653=ORIENTED_EDGE('',*,*,#6147,.F.);
#8654=ORIENTED_EDGE('',*,*,#6100,.T.);
#8655=ORIENTED_EDGE('',*,*,#6088,.F.);
#8656=ORIENTED_EDGE('',*,*,#6148,.T.);
#8657=ORIENTED_EDGE('',*,*,#6114,.F.);
#8658=ORIENTED_EDGE('',*,*,#6094,.T.);
#8659=ORIENTED_EDGE('',*,*,#6147,.T.);
#8660=ORIENTED_EDGE('',*,*,#6149,.F.);
#8661=ORIENTED_EDGE('',*,*,#6150,.F.);
#8662=ORIENTED_EDGE('',*,*,#6101,.F.);
#8663=ORIENTED_EDGE('',*,*,#6085,.T.);
#8664=ORIENTED_EDGE('',*,*,#6092,.T.);
#8665=ORIENTED_EDGE('',*,*,#6104,.F.);
#8666=ORIENTED_EDGE('',*,*,#6151,.F.);
#8667=ORIENTED_EDGE('',*,*,#6152,.F.);
#8668=ORIENTED_EDGE('',*,*,#6081,.T.);
#8669=ORIENTED_EDGE('',*,*,#6087,.F.);
#8670=ORIENTED_EDGE('',*,*,#6093,.F.);
#8671=ORIENTED_EDGE('',*,*,#6152,.T.);
#8672=ORIENTED_EDGE('',*,*,#6153,.T.);
#8673=ORIENTED_EDGE('',*,*,#6079,.F.);
#8674=ORIENTED_EDGE('',*,*,#6154,.F.);
#8675=ORIENTED_EDGE('',*,*,#6149,.T.);
#8676=ORIENTED_EDGE('',*,*,#6146,.F.);
#8677=ORIENTED_EDGE('',*,*,#6110,.F.);
#8678=ORIENTED_EDGE('',*,*,#6108,.F.);
#8679=ORIENTED_EDGE('',*,*,#6105,.F.);
#8680=ORIENTED_EDGE('',*,*,#6115,.F.);
#8681=ORIENTED_EDGE('',*,*,#6112,.F.);
#8682=ORIENTED_EDGE('',*,*,#6148,.F.);
#8683=ORIENTED_EDGE('',*,*,#6150,.T.);
#8684=ORIENTED_EDGE('',*,*,#6154,.T.);
#8685=ORIENTED_EDGE('',*,*,#6078,.F.);
#8686=ORIENTED_EDGE('',*,*,#6102,.F.);
#8687=ORIENTED_EDGE('',*,*,#6151,.T.);
#8688=ORIENTED_EDGE('',*,*,#6103,.T.);
#8689=ORIENTED_EDGE('',*,*,#6076,.F.);
#8690=ORIENTED_EDGE('',*,*,#6153,.F.);
#8691=ORIENTED_EDGE('',*,*,#6155,.F.);
#8692=ORIENTED_EDGE('',*,*,#6156,.F.);
#8693=ORIENTED_EDGE('',*,*,#6157,.F.);
#8694=ORIENTED_EDGE('',*,*,#6158,.F.);
#8695=ORIENTED_EDGE('',*,*,#6159,.F.);
#8696=ORIENTED_EDGE('',*,*,#6160,.F.);
#8697=ORIENTED_EDGE('',*,*,#6161,.F.);
#8698=ORIENTED_EDGE('',*,*,#6162,.F.);
#8699=ORIENTED_EDGE('',*,*,#6161,.T.);
#8700=ORIENTED_EDGE('',*,*,#6163,.T.);
#8701=ORIENTED_EDGE('',*,*,#6164,.T.);
#8702=ORIENTED_EDGE('',*,*,#6165,.T.);
#8703=ORIENTED_EDGE('',*,*,#6160,.T.);
#8704=ORIENTED_EDGE('',*,*,#6166,.F.);
#8705=ORIENTED_EDGE('',*,*,#6167,.F.);
#8706=ORIENTED_EDGE('',*,*,#6163,.F.);
#8707=ORIENTED_EDGE('',*,*,#6157,.T.);
#8708=ORIENTED_EDGE('',*,*,#6168,.T.);
#8709=ORIENTED_EDGE('',*,*,#6169,.T.);
#8710=ORIENTED_EDGE('',*,*,#6170,.T.);
#8711=ORIENTED_EDGE('',*,*,#6156,.T.);
#8712=ORIENTED_EDGE('',*,*,#6171,.F.);
#8713=ORIENTED_EDGE('',*,*,#6172,.F.);
#8714=ORIENTED_EDGE('',*,*,#6168,.F.);
#8715=ORIENTED_EDGE('',*,*,#6173,.F.);
#8716=ORIENTED_EDGE('',*,*,#6174,.T.);
#8717=ORIENTED_EDGE('',*,*,#6175,.F.);
#8718=ORIENTED_EDGE('',*,*,#6174,.F.);
#8719=ORIENTED_EDGE('',*,*,#6176,.F.);
#8720=ORIENTED_EDGE('',*,*,#6177,.F.);
#8721=ORIENTED_EDGE('',*,*,#6178,.F.);
#8722=ORIENTED_EDGE('',*,*,#6179,.F.);
#8723=ORIENTED_EDGE('',*,*,#6180,.T.);
#8724=ORIENTED_EDGE('',*,*,#6173,.T.);
#8725=ORIENTED_EDGE('',*,*,#6181,.T.);
#8726=ORIENTED_EDGE('',*,*,#6182,.T.);
#8727=ORIENTED_EDGE('',*,*,#6175,.T.);
#8728=ORIENTED_EDGE('',*,*,#6182,.F.);
#8729=ORIENTED_EDGE('',*,*,#6180,.F.);
#8730=ORIENTED_EDGE('',*,*,#6183,.T.);
#8731=ORIENTED_EDGE('',*,*,#6184,.F.);
#8732=ORIENTED_EDGE('',*,*,#6183,.F.);
#8733=ORIENTED_EDGE('',*,*,#6185,.T.);
#8734=ORIENTED_EDGE('',*,*,#6186,.T.);
#8735=ORIENTED_EDGE('',*,*,#6184,.T.);
#8736=ORIENTED_EDGE('',*,*,#6186,.F.);
#8737=ORIENTED_EDGE('',*,*,#6187,.F.);
#8738=ORIENTED_EDGE('',*,*,#6188,.F.);
#8739=ORIENTED_EDGE('',*,*,#6189,.F.);
#8740=ORIENTED_EDGE('',*,*,#6190,.F.);
#8741=ORIENTED_EDGE('',*,*,#6188,.T.);
#8742=ORIENTED_EDGE('',*,*,#6191,.F.);
#8743=ORIENTED_EDGE('',*,*,#6192,.T.);
#8744=ORIENTED_EDGE('',*,*,#6193,.F.);
#8745=ORIENTED_EDGE('',*,*,#6189,.T.);
#8746=ORIENTED_EDGE('',*,*,#6193,.T.);
#8747=ORIENTED_EDGE('',*,*,#6194,.F.);
#8748=ORIENTED_EDGE('',*,*,#6195,.T.);
#8749=ORIENTED_EDGE('',*,*,#6179,.T.);
#8750=ORIENTED_EDGE('',*,*,#6196,.F.);
#8751=ORIENTED_EDGE('',*,*,#6197,.F.);
#8752=ORIENTED_EDGE('',*,*,#6198,.T.);
#8753=ORIENTED_EDGE('',*,*,#6199,.T.);
#8754=ORIENTED_EDGE('',*,*,#6200,.T.);
#8755=ORIENTED_EDGE('',*,*,#6201,.T.);
#8756=ORIENTED_EDGE('',*,*,#6202,.F.);
#8757=ORIENTED_EDGE('',*,*,#6203,.T.);
#8758=ORIENTED_EDGE('',*,*,#6204,.T.);
#8759=ORIENTED_EDGE('',*,*,#6205,.F.);
#8760=ORIENTED_EDGE('',*,*,#6206,.F.);
#8761=ORIENTED_EDGE('',*,*,#6201,.F.);
#8762=ORIENTED_EDGE('',*,*,#6207,.F.);
#8763=ORIENTED_EDGE('',*,*,#6207,.T.);
#8764=ORIENTED_EDGE('',*,*,#6200,.F.);
#8765=ORIENTED_EDGE('',*,*,#6208,.T.);
#8766=ORIENTED_EDGE('',*,*,#6209,.F.);
#8767=ORIENTED_EDGE('',*,*,#6210,.F.);
#8768=ORIENTED_EDGE('',*,*,#6208,.F.);
#8769=ORIENTED_EDGE('',*,*,#6199,.F.);
#8770=ORIENTED_EDGE('',*,*,#6211,.F.);
#8771=ORIENTED_EDGE('',*,*,#6212,.F.);
#8772=ORIENTED_EDGE('',*,*,#6213,.F.);
#8773=ORIENTED_EDGE('',*,*,#6203,.F.);
#8774=ORIENTED_EDGE('',*,*,#6214,.F.);
#8775=ORIENTED_EDGE('',*,*,#6206,.T.);
#8776=ORIENTED_EDGE('',*,*,#6215,.F.);
#8777=ORIENTED_EDGE('',*,*,#6214,.T.);
#8778=ORIENTED_EDGE('',*,*,#6202,.T.);
#8779=ORIENTED_EDGE('',*,*,#6216,.F.);
#8780=ORIENTED_EDGE('',*,*,#6217,.T.);
#8781=ORIENTED_EDGE('',*,*,#6169,.F.);
#8782=ORIENTED_EDGE('',*,*,#6172,.T.);
#8783=ORIENTED_EDGE('',*,*,#6218,.F.);
#8784=ORIENTED_EDGE('',*,*,#6219,.T.);
#8785=ORIENTED_EDGE('',*,*,#6164,.F.);
#8786=ORIENTED_EDGE('',*,*,#6167,.T.);
#8787=ORIENTED_EDGE('',*,*,#6159,.T.);
#8788=ORIENTED_EDGE('',*,*,#6220,.T.);
#8789=ORIENTED_EDGE('',*,*,#6218,.T.);
#8790=ORIENTED_EDGE('',*,*,#6166,.T.);
#8791=ORIENTED_EDGE('',*,*,#6155,.T.);
#8792=ORIENTED_EDGE('',*,*,#6221,.T.);
#8793=ORIENTED_EDGE('',*,*,#6216,.T.);
#8794=ORIENTED_EDGE('',*,*,#6171,.T.);
#8795=ORIENTED_EDGE('',*,*,#6162,.T.);
#8796=ORIENTED_EDGE('',*,*,#6165,.F.);
#8797=ORIENTED_EDGE('',*,*,#6219,.F.);
#8798=ORIENTED_EDGE('',*,*,#6220,.F.);
#8799=ORIENTED_EDGE('',*,*,#6158,.T.);
#8800=ORIENTED_EDGE('',*,*,#6170,.F.);
#8801=ORIENTED_EDGE('',*,*,#6217,.F.);
#8802=ORIENTED_EDGE('',*,*,#6221,.F.);
#8803=ORIENTED_EDGE('',*,*,#6211,.T.);
#8804=ORIENTED_EDGE('',*,*,#6198,.F.);
#8805=ORIENTED_EDGE('',*,*,#6222,.T.);
#8806=ORIENTED_EDGE('',*,*,#6223,.F.);
#8807=ORIENTED_EDGE('',*,*,#6190,.T.);
#8808=ORIENTED_EDGE('',*,*,#6204,.F.);
#8809=ORIENTED_EDGE('',*,*,#6213,.T.);
#8810=ORIENTED_EDGE('',*,*,#6224,.F.);
#8811=ORIENTED_EDGE('',*,*,#6222,.F.);
#8812=ORIENTED_EDGE('',*,*,#6197,.T.);
#8813=ORIENTED_EDGE('',*,*,#6225,.T.);
#8814=ORIENTED_EDGE('',*,*,#6226,.T.);
#8815=ORIENTED_EDGE('',*,*,#6185,.F.);
#8816=ORIENTED_EDGE('',*,*,#6192,.F.);
#8817=ORIENTED_EDGE('',*,*,#6227,.T.);
#8818=ORIENTED_EDGE('',*,*,#6228,.T.);
#8819=ORIENTED_EDGE('',*,*,#6194,.T.);
#8820=ORIENTED_EDGE('',*,*,#6181,.F.);
#8821=ORIENTED_EDGE('',*,*,#6187,.T.);
#8822=ORIENTED_EDGE('',*,*,#6224,.T.);
#8823=ORIENTED_EDGE('',*,*,#6212,.T.);
#8824=ORIENTED_EDGE('',*,*,#6215,.T.);
#8825=ORIENTED_EDGE('',*,*,#6205,.T.);
#8826=ORIENTED_EDGE('',*,*,#6209,.T.);
#8827=ORIENTED_EDGE('',*,*,#6210,.T.);
#8828=ORIENTED_EDGE('',*,*,#6223,.T.);
#8829=ORIENTED_EDGE('',*,*,#6226,.F.);
#8830=ORIENTED_EDGE('',*,*,#6229,.T.);
#8831=ORIENTED_EDGE('',*,*,#6177,.T.);
#8832=ORIENTED_EDGE('',*,*,#6230,.F.);
#8833=ORIENTED_EDGE('',*,*,#6227,.F.);
#8834=ORIENTED_EDGE('',*,*,#6191,.T.);
#8835=ORIENTED_EDGE('',*,*,#6225,.F.);
#8836=ORIENTED_EDGE('',*,*,#6196,.T.);
#8837=ORIENTED_EDGE('',*,*,#6178,.T.);
#8838=ORIENTED_EDGE('',*,*,#6229,.F.);
#8839=ORIENTED_EDGE('',*,*,#6228,.F.);
#8840=ORIENTED_EDGE('',*,*,#6230,.T.);
#8841=ORIENTED_EDGE('',*,*,#6176,.T.);
#8842=ORIENTED_EDGE('',*,*,#6195,.F.);
#8843=CYLINDRICAL_SURFACE('',#9405,5.);
#8844=CYLINDRICAL_SURFACE('',#9412,5.);
#8845=CYLINDRICAL_SURFACE('',#9419,5.);
#8846=CYLINDRICAL_SURFACE('',#9428,5.);
#8847=CYLINDRICAL_SURFACE('',#9467,1.99999999999999);
#8848=CYLINDRICAL_SURFACE('',#9470,2.);
#8849=CYLINDRICAL_SURFACE('',#9477,5.);
#8850=CYLINDRICAL_SURFACE('',#9493,3.25);
#8851=CYLINDRICAL_SURFACE('',#9500,3.25);
#8852=CYLINDRICAL_SURFACE('',#9528,2.);
#8853=CYLINDRICAL_SURFACE('',#9533,2.);
#8854=CYLINDRICAL_SURFACE('',#9556,3.5);
#8855=CYLINDRICAL_SURFACE('',#9595,1.20000001490116);
#8856=CYLINDRICAL_SURFACE('',#9601,1.20000001490116);
#8857=CYLINDRICAL_SURFACE('',#9607,1.20000001490116);
#8858=CYLINDRICAL_SURFACE('',#9612,1.20000001490116);
#8859=CYLINDRICAL_SURFACE('',#9613,1.99999999999999);
#8860=CYLINDRICAL_SURFACE('',#9617,1.99999999999999);
#8861=CYLINDRICAL_SURFACE('',#9619,1.99999999999999);
#8862=CYLINDRICAL_SURFACE('',#9620,2.);
#8863=CYLINDRICAL_SURFACE('',#9625,1.99999999999999);
#8864=CYLINDRICAL_SURFACE('',#9788,1.99999999999999);
#8865=CYLINDRICAL_SURFACE('',#9800,5.);
#8866=CYLINDRICAL_SURFACE('',#9812,2.);
#8867=CYLINDRICAL_SURFACE('',#9817,2.);
#8868=CYLINDRICAL_SURFACE('',#9857,2.10000000000001);
#8869=CYLINDRICAL_SURFACE('',#9863,2.09999999999999);
#8870=CYLINDRICAL_SURFACE('',#9869,2.1);
#8871=CYLINDRICAL_SURFACE('',#9875,4.49999999999999);
#8872=CYLINDRICAL_SURFACE('',#9878,4.50000000000121);
#8873=CYLINDRICAL_SURFACE('',#9881,4.49999999999999);
#8874=CYLINDRICAL_SURFACE('',#9884,4.5);
#8875=CYLINDRICAL_SURFACE('',#9902,1.);
#8876=CYLINDRICAL_SURFACE('',#9903,1.);
#8877=CYLINDRICAL_SURFACE('',#9904,1.);
#8878=CYLINDRICAL_SURFACE('',#9905,1.);
#8879=CYLINDRICAL_SURFACE('',#9907,0.800000000000018);
#8880=CYLINDRICAL_SURFACE('',#9910,0.800000000000036);
#8881=CYLINDRICAL_SURFACE('',#9922,4.49999999999999);
#8882=CYLINDRICAL_SURFACE('',#9925,4.50000000000121);
#8883=CYLINDRICAL_SURFACE('',#9928,4.5);
#8884=CYLINDRICAL_SURFACE('',#9931,4.5);
#8885=CYLINDRICAL_SURFACE('',#9935,1.80000000000001);
#8886=CYLINDRICAL_SURFACE('',#9941,1.00000001490116);
#8887=CYLINDRICAL_SURFACE('',#9943,1.8);
#8888=CYLINDRICAL_SURFACE('',#9948,1.00000001490116);
#8889=CYLINDRICAL_SURFACE('',#9950,1.8);
#8890=CYLINDRICAL_SURFACE('',#9952,0.8);
#8891=CYLINDRICAL_SURFACE('',#9958,1.00000001490116);
#8892=CYLINDRICAL_SURFACE('',#9960,1.8);
#8893=CYLINDRICAL_SURFACE('',#9962,0.800000000000002);
#8894=CYLINDRICAL_SURFACE('',#9968,1.00000001490116);
#8895=CYLINDRICAL_SURFACE('',#9974,1.75);
#8896=CYLINDRICAL_SURFACE('',#9978,1.75);
#8897=CYLINDRICAL_SURFACE('',#9988,3.5);
#8898=CYLINDRICAL_SURFACE('',#10013,3.25);
#8899=CYLINDRICAL_SURFACE('',#10016,3.25);
#8900=CYLINDRICAL_SURFACE('',#10030,1.75);
#8901=CYLINDRICAL_SURFACE('',#10034,1.75);
#8902=CYLINDRICAL_SURFACE('',#10044,3.5);
#8903=ADVANCED_FACE('',(#587),#8843,.F.);
#8904=ADVANCED_FACE('',(#588),#565,.T.);
#8905=ADVANCED_FACE('',(#589),#169,.T.);
#8906=ADVANCED_FACE('',(#590),#8844,.T.);
#8907=ADVANCED_FACE('',(#591),#566,.T.);
#8908=ADVANCED_FACE('',(#592),#170,.T.);
#8909=ADVANCED_FACE('',(#593),#8845,.T.);
#8910=ADVANCED_FACE('',(#594),#567,.T.);
#8911=ADVANCED_FACE('',(#595),#171,.T.);
#8912=ADVANCED_FACE('',(#596),#172,.T.);
#8913=ADVANCED_FACE('',(#597),#8846,.T.);
#8914=ADVANCED_FACE('',(#598),#173,.T.);
#8915=ADVANCED_FACE('',(#599),#174,.T.);
#8916=ADVANCED_FACE('',(#600),#175,.T.);
#8917=ADVANCED_FACE('',(#601),#176,.T.);
#8918=ADVANCED_FACE('',(#602),#177,.T.);
#8919=ADVANCED_FACE('',(#603),#178,.T.);
#8920=ADVANCED_FACE('',(#604,#51,#52,#53,#54),#179,.T.);
#8921=ADVANCED_FACE('',(#605),#180,.T.);
#8922=ADVANCED_FACE('',(#606),#181,.T.);
#8923=ADVANCED_FACE('',(#607),#182,.T.);
#8924=ADVANCED_FACE('',(#608),#183,.T.);
#8925=ADVANCED_FACE('',(#609),#184,.T.);
#8926=ADVANCED_FACE('',(#610),#185,.T.);
#8927=ADVANCED_FACE('',(#611),#186,.T.);
#8928=ADVANCED_FACE('',(#612),#187,.T.);
#8929=ADVANCED_FACE('',(#613),#188,.T.);
#8930=ADVANCED_FACE('',(#614),#189,.T.);
#8931=ADVANCED_FACE('',(#615),#190,.T.);
#8932=ADVANCED_FACE('',(#616),#191,.T.);
#8933=ADVANCED_FACE('',(#617),#192,.T.);
#8934=ADVANCED_FACE('',(#618),#193,.T.);
#8935=ADVANCED_FACE('',(#619),#194,.T.);
#8936=ADVANCED_FACE('',(#620),#195,.T.);
#8937=ADVANCED_FACE('',(#621),#196,.T.);
#8938=ADVANCED_FACE('',(#622),#197,.T.);
#8939=ADVANCED_FACE('',(#623),#568,.F.);
#8940=ADVANCED_FACE('',(#624),#569,.F.);
#8941=ADVANCED_FACE('',(#625),#198,.T.);
#8942=ADVANCED_FACE('',(#626),#570,.F.);
#8943=ADVANCED_FACE('',(#627),#571,.F.);
#8944=ADVANCED_FACE('',(#628),#8847,.F.);
#8945=ADVANCED_FACE('',(#629,#55,#56,#57,#58,#59,#60,#61,#62,#63,#64,#65,
#66,#67,#68,#69),#199,.T.);
#8946=ADVANCED_FACE('',(#630),#8848,.F.);
#8947=ADVANCED_FACE('',(#631,#70,#71,#72,#73,#74),#200,.T.);
#8948=ADVANCED_FACE('',(#632),#572,.F.);
#8949=ADVANCED_FACE('',(#633,#75,#76),#8849,.F.);
#8950=ADVANCED_FACE('',(#634,#77,#78,#79,#80,#81,#82),#201,.T.);
#8951=ADVANCED_FACE('',(#635),#202,.T.);
#8952=ADVANCED_FACE('',(#636),#203,.T.);
#8953=ADVANCED_FACE('',(#637),#204,.T.);
#8954=ADVANCED_FACE('',(#638),#205,.F.);
#8955=ADVANCED_FACE('',(#639,#83,#84),#206,.F.);
#8956=ADVANCED_FACE('',(#640),#207,.F.);
#8957=ADVANCED_FACE('',(#641),#8850,.F.);
#8958=ADVANCED_FACE('',(#642),#8851,.F.);
#8959=ADVANCED_FACE('',(#643),#208,.F.);
#8960=ADVANCED_FACE('',(#644),#209,.F.);
#8961=ADVANCED_FACE('',(#645),#210,.F.);
#8962=ADVANCED_FACE('',(#646),#211,.F.);
#8963=ADVANCED_FACE('',(#647),#212,.F.);
#8964=ADVANCED_FACE('',(#648),#213,.F.);
#8965=ADVANCED_FACE('',(#649),#214,.F.);
#8966=ADVANCED_FACE('',(#650),#215,.F.);
#8967=ADVANCED_FACE('',(#651),#216,.F.);
#8968=ADVANCED_FACE('',(#652),#217,.F.);
#8969=ADVANCED_FACE('',(#653),#573,.F.);
#8970=ADVANCED_FACE('',(#654),#218,.F.);
#8971=ADVANCED_FACE('',(#655),#219,.F.);
#8972=ADVANCED_FACE('',(#656),#220,.T.);
#8973=ADVANCED_FACE('',(#657),#221,.T.);
#8974=ADVANCED_FACE('',(#658,#85),#222,.F.);
#8975=ADVANCED_FACE('',(#659),#574,.F.);
#8976=ADVANCED_FACE('',(#660),#8852,.F.);
#8977=ADVANCED_FACE('',(#661),#575,.F.);
#8978=ADVANCED_FACE('',(#662),#8853,.F.);
#8979=ADVANCED_FACE('',(#663,#86),#223,.F.);
#8980=ADVANCED_FACE('',(#664),#224,.F.);
#8981=ADVANCED_FACE('',(#665),#225,.F.);
#8982=ADVANCED_FACE('',(#666),#226,.F.);
#8983=ADVANCED_FACE('',(#667),#227,.F.);
#8984=ADVANCED_FACE('',(#668),#228,.F.);
#8985=ADVANCED_FACE('',(#669),#229,.F.);
#8986=ADVANCED_FACE('',(#670),#230,.F.);
#8987=ADVANCED_FACE('',(#671),#231,.T.);
#8988=ADVANCED_FACE('',(#672),#232,.F.);
#8989=ADVANCED_FACE('',(#673),#233,.T.);
#8990=ADVANCED_FACE('',(#674),#234,.F.);
#8991=ADVANCED_FACE('',(#675),#235,.T.);
#8992=ADVANCED_FACE('',(#676),#236,.T.);
#8993=ADVANCED_FACE('',(#677),#237,.T.);
#8994=ADVANCED_FACE('',(#678),#238,.T.);
#8995=ADVANCED_FACE('',(#679,#87,#88),#239,.T.);
#8996=ADVANCED_FACE('',(#680),#240,.T.);
#8997=ADVANCED_FACE('',(#681),#576,.F.);
#8998=ADVANCED_FACE('',(#682),#8854,.F.);
#8999=ADVANCED_FACE('',(#683),#241,.F.);
#9000=ADVANCED_FACE('',(#684),#242,.F.);
#9001=ADVANCED_FACE('',(#685),#243,.F.);
#9002=ADVANCED_FACE('',(#686),#244,.F.);
#9003=ADVANCED_FACE('',(#687),#245,.F.);
#9004=ADVANCED_FACE('',(#688),#246,.F.);
#9005=ADVANCED_FACE('',(#689),#247,.F.);
#9006=ADVANCED_FACE('',(#690),#248,.F.);
#9007=ADVANCED_FACE('',(#691),#249,.F.);
#9008=ADVANCED_FACE('',(#692),#250,.F.);
#9009=ADVANCED_FACE('',(#693),#251,.F.);
#9010=ADVANCED_FACE('',(#694),#252,.F.);
#9011=ADVANCED_FACE('',(#695),#253,.F.);
#9012=ADVANCED_FACE('',(#696),#254,.F.);
#9013=ADVANCED_FACE('',(#697),#255,.T.);
#9014=ADVANCED_FACE('',(#698),#256,.T.);
#9015=ADVANCED_FACE('',(#699),#257,.T.);
#9016=ADVANCED_FACE('',(#700),#258,.T.);
#9017=ADVANCED_FACE('',(#701),#259,.T.);
#9018=ADVANCED_FACE('',(#702),#260,.T.);
#9019=ADVANCED_FACE('',(#703),#261,.T.);
#9020=ADVANCED_FACE('',(#704),#262,.T.);
#9021=ADVANCED_FACE('',(#705),#263,.T.);
#9022=ADVANCED_FACE('',(#706),#264,.T.);
#9023=ADVANCED_FACE('',(#707),#265,.T.);
#9024=ADVANCED_FACE('',(#708),#266,.T.);
#9025=ADVANCED_FACE('',(#709),#267,.T.);
#9026=ADVANCED_FACE('',(#710),#268,.T.);
#9027=ADVANCED_FACE('',(#711),#269,.T.);
#9028=ADVANCED_FACE('',(#712),#270,.T.);
#9029=ADVANCED_FACE('',(#713),#271,.T.);
#9030=ADVANCED_FACE('',(#714),#272,.F.);
#9031=ADVANCED_FACE('',(#715),#273,.F.);
#9032=ADVANCED_FACE('',(#716),#25,.F.);
#9033=ADVANCED_FACE('',(#717),#8855,.F.);
#9034=ADVANCED_FACE('',(#718),#26,.F.);
#9035=ADVANCED_FACE('',(#719),#8856,.F.);
#9036=ADVANCED_FACE('',(#720),#27,.F.);
#9037=ADVANCED_FACE('',(#721),#8857,.F.);
#9038=ADVANCED_FACE('',(#722),#28,.F.);
#9039=ADVANCED_FACE('',(#723),#8858,.F.);
#9040=ADVANCED_FACE('',(#724),#8859,.F.);
#9041=ADVANCED_FACE('',(#725),#274,.T.);
#9042=ADVANCED_FACE('',(#726),#275,.T.);
#9043=ADVANCED_FACE('',(#727),#8860,.F.);
#9044=ADVANCED_FACE('',(#728),#8861,.F.);
#9045=ADVANCED_FACE('',(#729),#8862,.F.);
#9046=ADVANCED_FACE('',(#730),#276,.T.);
#9047=ADVANCED_FACE('',(#731,#89,#90,#91,#92,#93,#94,#95,#96,#97,#98,#99,
#100,#101,#102,#103),#277,.T.);
#9048=ADVANCED_FACE('',(#732),#278,.T.);
#9049=ADVANCED_FACE('',(#733),#8863,.F.);
#9050=ADVANCED_FACE('',(#734),#279,.F.);
#9051=ADVANCED_FACE('',(#735),#280,.F.);
#9052=ADVANCED_FACE('',(#736),#281,.F.);
#9053=ADVANCED_FACE('',(#737),#282,.F.);
#9054=ADVANCED_FACE('',(#738),#283,.F.);
#9055=ADVANCED_FACE('',(#739),#284,.F.);
#9056=ADVANCED_FACE('',(#740),#285,.F.);
#9057=ADVANCED_FACE('',(#741),#286,.F.);
#9058=ADVANCED_FACE('',(#742),#287,.F.);
#9059=ADVANCED_FACE('',(#743),#288,.F.);
#9060=ADVANCED_FACE('',(#744),#289,.F.);
#9061=ADVANCED_FACE('',(#745),#290,.F.);
#9062=ADVANCED_FACE('',(#746),#291,.F.);
#9063=ADVANCED_FACE('',(#747),#292,.F.);
#9064=ADVANCED_FACE('',(#748),#293,.F.);
#9065=ADVANCED_FACE('',(#749),#294,.F.);
#9066=ADVANCED_FACE('',(#750),#295,.F.);
#9067=ADVANCED_FACE('',(#751),#296,.F.);
#9068=ADVANCED_FACE('',(#752),#297,.F.);
#9069=ADVANCED_FACE('',(#753),#298,.F.);
#9070=ADVANCED_FACE('',(#754),#299,.F.);
#9071=ADVANCED_FACE('',(#755),#300,.F.);
#9072=ADVANCED_FACE('',(#756),#301,.F.);
#9073=ADVANCED_FACE('',(#757),#302,.F.);
#9074=ADVANCED_FACE('',(#758),#303,.F.);
#9075=ADVANCED_FACE('',(#759),#304,.F.);
#9076=ADVANCED_FACE('',(#760),#305,.F.);
#9077=ADVANCED_FACE('',(#761),#306,.F.);
#9078=ADVANCED_FACE('',(#762),#307,.F.);
#9079=ADVANCED_FACE('',(#763),#308,.F.);
#9080=ADVANCED_FACE('',(#764),#309,.F.);
#9081=ADVANCED_FACE('',(#765),#310,.F.);
#9082=ADVANCED_FACE('',(#766),#311,.F.);
#9083=ADVANCED_FACE('',(#767),#312,.F.);
#9084=ADVANCED_FACE('',(#768),#313,.F.);
#9085=ADVANCED_FACE('',(#769),#314,.F.);
#9086=ADVANCED_FACE('',(#770),#315,.F.);
#9087=ADVANCED_FACE('',(#771),#316,.F.);
#9088=ADVANCED_FACE('',(#772),#317,.F.);
#9089=ADVANCED_FACE('',(#773),#318,.F.);
#9090=ADVANCED_FACE('',(#774),#319,.F.);
#9091=ADVANCED_FACE('',(#775),#320,.F.);
#9092=ADVANCED_FACE('',(#776),#321,.F.);
#9093=ADVANCED_FACE('',(#777),#322,.F.);
#9094=ADVANCED_FACE('',(#778),#323,.F.);
#9095=ADVANCED_FACE('',(#779),#324,.F.);
#9096=ADVANCED_FACE('',(#780),#325,.F.);
#9097=ADVANCED_FACE('',(#781),#326,.F.);
#9098=ADVANCED_FACE('',(#782),#327,.F.);
#9099=ADVANCED_FACE('',(#783),#328,.F.);
#9100=ADVANCED_FACE('',(#784),#329,.F.);
#9101=ADVANCED_FACE('',(#785),#330,.F.);
#9102=ADVANCED_FACE('',(#786),#331,.F.);
#9103=ADVANCED_FACE('',(#787),#332,.F.);
#9104=ADVANCED_FACE('',(#788),#333,.F.);
#9105=ADVANCED_FACE('',(#789),#334,.F.);
#9106=ADVANCED_FACE('',(#790),#335,.F.);
#9107=ADVANCED_FACE('',(#791),#336,.F.);
#9108=ADVANCED_FACE('',(#792),#337,.F.);
#9109=ADVANCED_FACE('',(#793),#338,.F.);
#9110=ADVANCED_FACE('',(#794),#339,.F.);
#9111=ADVANCED_FACE('',(#795),#340,.F.);
#9112=ADVANCED_FACE('',(#796),#341,.F.);
#9113=ADVANCED_FACE('',(#797),#342,.F.);
#9114=ADVANCED_FACE('',(#798),#343,.F.);
#9115=ADVANCED_FACE('',(#799),#344,.F.);
#9116=ADVANCED_FACE('',(#800),#345,.F.);
#9117=ADVANCED_FACE('',(#801),#346,.F.);
#9118=ADVANCED_FACE('',(#802),#347,.F.);
#9119=ADVANCED_FACE('',(#803),#348,.F.);
#9120=ADVANCED_FACE('',(#804),#349,.F.);
#9121=ADVANCED_FACE('',(#805),#350,.F.);
#9122=ADVANCED_FACE('',(#806),#351,.F.);
#9123=ADVANCED_FACE('',(#807),#352,.F.);
#9124=ADVANCED_FACE('',(#808),#353,.F.);
#9125=ADVANCED_FACE('',(#809),#354,.F.);
#9126=ADVANCED_FACE('',(#810),#355,.F.);
#9127=ADVANCED_FACE('',(#811),#356,.F.);
#9128=ADVANCED_FACE('',(#812),#357,.F.);
#9129=ADVANCED_FACE('',(#813),#358,.F.);
#9130=ADVANCED_FACE('',(#814),#359,.F.);
#9131=ADVANCED_FACE('',(#815),#360,.F.);
#9132=ADVANCED_FACE('',(#816),#361,.F.);
#9133=ADVANCED_FACE('',(#817),#362,.F.);
#9134=ADVANCED_FACE('',(#818),#363,.F.);
#9135=ADVANCED_FACE('',(#819),#364,.F.);
#9136=ADVANCED_FACE('',(#820),#365,.F.);
#9137=ADVANCED_FACE('',(#821),#366,.F.);
#9138=ADVANCED_FACE('',(#822),#367,.F.);
#9139=ADVANCED_FACE('',(#823),#368,.F.);
#9140=ADVANCED_FACE('',(#824),#369,.F.);
#9141=ADVANCED_FACE('',(#825),#370,.F.);
#9142=ADVANCED_FACE('',(#826),#371,.F.);
#9143=ADVANCED_FACE('',(#827),#372,.F.);
#9144=ADVANCED_FACE('',(#828),#373,.F.);
#9145=ADVANCED_FACE('',(#829),#374,.F.);
#9146=ADVANCED_FACE('',(#830),#375,.F.);
#9147=ADVANCED_FACE('',(#831),#376,.F.);
#9148=ADVANCED_FACE('',(#832),#377,.F.);
#9149=ADVANCED_FACE('',(#833),#378,.F.);
#9150=ADVANCED_FACE('',(#834),#379,.F.);
#9151=ADVANCED_FACE('',(#835),#380,.F.);
#9152=ADVANCED_FACE('',(#836),#381,.F.);
#9153=ADVANCED_FACE('',(#837),#382,.F.);
#9154=ADVANCED_FACE('',(#838),#383,.F.);
#9155=ADVANCED_FACE('',(#839),#384,.F.);
#9156=ADVANCED_FACE('',(#840),#385,.F.);
#9157=ADVANCED_FACE('',(#841),#386,.F.);
#9158=ADVANCED_FACE('',(#842),#387,.F.);
#9159=ADVANCED_FACE('',(#843),#388,.F.);
#9160=ADVANCED_FACE('',(#844),#389,.F.);
#9161=ADVANCED_FACE('',(#845),#390,.F.);
#9162=ADVANCED_FACE('',(#846),#391,.F.);
#9163=ADVANCED_FACE('',(#847),#392,.F.);
#9164=ADVANCED_FACE('',(#848),#393,.F.);
#9165=ADVANCED_FACE('',(#849),#394,.F.);
#9166=ADVANCED_FACE('',(#850),#395,.F.);
#9167=ADVANCED_FACE('',(#851),#396,.F.);
#9168=ADVANCED_FACE('',(#852),#397,.F.);
#9169=ADVANCED_FACE('',(#853),#398,.F.);
#9170=ADVANCED_FACE('',(#854),#399,.F.);
#9171=ADVANCED_FACE('',(#855),#400,.F.);
#9172=ADVANCED_FACE('',(#856),#401,.F.);
#9173=ADVANCED_FACE('',(#857),#402,.F.);
#9174=ADVANCED_FACE('',(#858),#403,.F.);
#9175=ADVANCED_FACE('',(#859),#404,.F.);
#9176=ADVANCED_FACE('',(#860),#405,.F.);
#9177=ADVANCED_FACE('',(#861),#406,.F.);
#9178=ADVANCED_FACE('',(#862),#407,.F.);
#9179=ADVANCED_FACE('',(#863),#408,.F.);
#9180=ADVANCED_FACE('',(#864),#409,.F.);
#9181=ADVANCED_FACE('',(#865),#410,.F.);
#9182=ADVANCED_FACE('',(#866),#411,.F.);
#9183=ADVANCED_FACE('',(#867),#412,.F.);
#9184=ADVANCED_FACE('',(#868),#413,.F.);
#9185=ADVANCED_FACE('',(#869),#414,.F.);
#9186=ADVANCED_FACE('',(#870),#415,.F.);
#9187=ADVANCED_FACE('',(#871),#416,.F.);
#9188=ADVANCED_FACE('',(#872),#417,.F.);
#9189=ADVANCED_FACE('',(#873),#418,.F.);
#9190=ADVANCED_FACE('',(#874),#419,.F.);
#9191=ADVANCED_FACE('',(#875),#420,.F.);
#9192=ADVANCED_FACE('',(#876),#421,.F.);
#9193=ADVANCED_FACE('',(#877),#422,.F.);
#9194=ADVANCED_FACE('',(#878),#423,.F.);
#9195=ADVANCED_FACE('',(#879),#424,.F.);
#9196=ADVANCED_FACE('',(#880),#425,.F.);
#9197=ADVANCED_FACE('',(#881),#426,.F.);
#9198=ADVANCED_FACE('',(#882),#427,.F.);
#9199=ADVANCED_FACE('',(#883),#428,.F.);
#9200=ADVANCED_FACE('',(#884),#429,.F.);
#9201=ADVANCED_FACE('',(#885),#430,.F.);
#9202=ADVANCED_FACE('',(#886),#431,.F.);
#9203=ADVANCED_FACE('',(#887),#432,.F.);
#9204=ADVANCED_FACE('',(#888),#433,.F.);
#9205=ADVANCED_FACE('',(#889),#434,.F.);
#9206=ADVANCED_FACE('',(#890),#435,.F.);
#9207=ADVANCED_FACE('',(#891),#436,.F.);
#9208=ADVANCED_FACE('',(#892),#437,.F.);
#9209=ADVANCED_FACE('',(#893),#438,.F.);
#9210=ADVANCED_FACE('',(#894),#439,.F.);
#9211=ADVANCED_FACE('',(#895),#8864,.F.);
#9212=ADVANCED_FACE('',(#896,#104),#440,.T.);
#9213=ADVANCED_FACE('',(#897),#577,.F.);
#9214=ADVANCED_FACE('',(#898),#441,.T.);
#9215=ADVANCED_FACE('',(#899),#442,.T.);
#9216=ADVANCED_FACE('',(#900),#443,.F.);
#9217=ADVANCED_FACE('',(#901,#105,#106),#8865,.F.);
#9218=ADVANCED_FACE('',(#902),#444,.F.);
#9219=ADVANCED_FACE('',(#903,#107),#445,.T.);
#9220=ADVANCED_FACE('',(#904),#578,.F.);
#9221=ADVANCED_FACE('',(#905),#8866,.F.);
#9222=ADVANCED_FACE('',(#906),#579,.F.);
#9223=ADVANCED_FACE('',(#907),#8867,.F.);
#9224=ADVANCED_FACE('',(#908,#108),#446,.T.);
#9225=ADVANCED_FACE('',(#909),#447,.T.);
#9226=ADVANCED_FACE('',(#910),#448,.T.);
#9227=ADVANCED_FACE('',(#911),#449,.T.);
#9228=ADVANCED_FACE('',(#912),#450,.T.);
#9229=ADVANCED_FACE('',(#913),#451,.T.);
#9230=ADVANCED_FACE('',(#914),#452,.T.);
#9231=ADVANCED_FACE('',(#915),#453,.T.);
#9232=ADVANCED_FACE('',(#916),#454,.T.);
#9233=ADVANCED_FACE('',(#917),#455,.T.);
#9234=ADVANCED_FACE('',(#918),#456,.T.);
#9235=ADVANCED_FACE('',(#919),#457,.T.);
#9236=ADVANCED_FACE('',(#920),#458,.T.);
#9237=ADVANCED_FACE('',(#921),#459,.T.);
#9238=ADVANCED_FACE('',(#922),#460,.T.);
#9239=ADVANCED_FACE('',(#923),#461,.T.);
#9240=ADVANCED_FACE('',(#924),#462,.T.);
#9241=ADVANCED_FACE('',(#925),#463,.T.);
#9242=ADVANCED_FACE('',(#926),#464,.T.);
#9243=ADVANCED_FACE('',(#927),#465,.T.);
#9244=ADVANCED_FACE('',(#928),#466,.T.);
#9245=ADVANCED_FACE('',(#929),#467,.T.);
#9246=ADVANCED_FACE('',(#930),#468,.T.);
#9247=ADVANCED_FACE('',(#931),#469,.T.);
#9248=ADVANCED_FACE('',(#932),#470,.T.);
#9249=ADVANCED_FACE('',(#933),#471,.T.);
#9250=ADVANCED_FACE('',(#934),#472,.T.);
#9251=ADVANCED_FACE('',(#935),#473,.T.);
#9252=ADVANCED_FACE('',(#936),#474,.T.);
#9253=ADVANCED_FACE('',(#937),#475,.T.);
#9254=ADVANCED_FACE('',(#938),#476,.T.);
#9255=ADVANCED_FACE('',(#939),#477,.T.);
#9256=ADVANCED_FACE('',(#940),#478,.T.);
#9257=ADVANCED_FACE('',(#941),#479,.T.);
#9258=ADVANCED_FACE('',(#942),#480,.T.);
#9259=ADVANCED_FACE('',(#943),#481,.T.);
#9260=ADVANCED_FACE('',(#944),#580,.F.);
#9261=ADVANCED_FACE('',(#945),#8868,.F.);
#9262=ADVANCED_FACE('',(#946,#109),#482,.T.);
#9263=ADVANCED_FACE('',(#947),#581,.F.);
#9264=ADVANCED_FACE('',(#948),#8869,.F.);
#9265=ADVANCED_FACE('',(#949,#110),#483,.T.);
#9266=ADVANCED_FACE('',(#950),#582,.F.);
#9267=ADVANCED_FACE('',(#951),#8870,.F.);
#9268=ADVANCED_FACE('',(#952,#111),#484,.T.);
#9269=ADVANCED_FACE('',(#953),#485,.T.);
#9270=ADVANCED_FACE('',(#954),#486,.T.);
#9271=ADVANCED_FACE('',(#955,#112,#113,#114,#115,#116,#117,#118,#119,#120,
#121,#122,#123,#124,#125,#126),#487,.T.);
#9272=ADVANCED_FACE('',(#956),#8871,.T.);
#9273=ADVANCED_FACE('',(#957,#127,#128,#129,#130,#131),#488,.T.);
#9274=ADVANCED_FACE('',(#958),#8872,.T.);
#9275=ADVANCED_FACE('',(#959,#132,#133,#134,#135,#136,#137,#138,#139,#140,
#141,#142,#143,#144,#145,#146),#489,.T.);
#9276=ADVANCED_FACE('',(#960),#8873,.T.);
#9277=ADVANCED_FACE('',(#961,#147,#148,#149,#150,#151,#152,#153,#154,#155),
#490,.T.);
#9278=ADVANCED_FACE('',(#962),#8874,.T.);
#9279=ADVANCED_FACE('',(#963),#491,.T.);
#9280=ADVANCED_FACE('',(#964),#492,.F.);
#9281=ADVANCED_FACE('',(#965),#493,.T.);
#9282=ADVANCED_FACE('',(#966),#494,.T.);
#9283=ADVANCED_FACE('',(#967),#13,.T.);
#9284=ADVANCED_FACE('',(#968),#14,.T.);
#9285=ADVANCED_FACE('',(#969),#15,.T.);
#9286=ADVANCED_FACE('',(#970),#16,.T.);
#9287=ADVANCED_FACE('',(#971),#8875,.F.);
#9288=ADVANCED_FACE('',(#972),#8876,.F.);
#9289=ADVANCED_FACE('',(#973),#8877,.F.);
#9290=ADVANCED_FACE('',(#974),#8878,.F.);
#9291=ADVANCED_FACE('',(#975),#495,.T.);
#9292=ADVANCED_FACE('',(#976),#8879,.F.);
#9293=ADVANCED_FACE('',(#977),#496,.T.);
#9294=ADVANCED_FACE('',(#978),#8880,.F.);
#9295=ADVANCED_FACE('',(#979),#497,.F.);
#9296=ADVANCED_FACE('',(#980,#156),#498,.F.);
#9297=ADVANCED_FACE('',(#981),#8881,.T.);
#9298=ADVANCED_FACE('',(#982),#499,.T.);
#9299=ADVANCED_FACE('',(#983),#8882,.T.);
#9300=ADVANCED_FACE('',(#984),#500,.T.);
#9301=ADVANCED_FACE('',(#985),#8883,.T.);
#9302=ADVANCED_FACE('',(#986),#501,.T.);
#9303=ADVANCED_FACE('',(#987),#8884,.T.);
#9304=ADVANCED_FACE('',(#988),#502,.T.);
#9305=ADVANCED_FACE('',(#989),#503,.T.);
#9306=ADVANCED_FACE('',(#990),#8885,.T.);
#9307=ADVANCED_FACE('',(#991),#29,.T.);
#9308=ADVANCED_FACE('',(#992),#504,.T.);
#9309=ADVANCED_FACE('',(#993),#8886,.T.);
#9310=ADVANCED_FACE('',(#994),#8887,.T.);
#9311=ADVANCED_FACE('',(#995),#30,.T.);
#9312=ADVANCED_FACE('',(#996),#505,.T.);
#9313=ADVANCED_FACE('',(#997),#8888,.T.);
#9314=ADVANCED_FACE('',(#998),#8889,.T.);
#9315=ADVANCED_FACE('',(#999),#8890,.F.);
#9316=ADVANCED_FACE('',(#1000),#31,.T.);
#9317=ADVANCED_FACE('',(#1001),#506,.T.);
#9318=ADVANCED_FACE('',(#1002),#507,.T.);
#9319=ADVANCED_FACE('',(#1003),#8891,.T.);
#9320=ADVANCED_FACE('',(#1004),#8892,.T.);
#9321=ADVANCED_FACE('',(#1005),#8893,.F.);
#9322=ADVANCED_FACE('',(#1006),#32,.T.);
#9323=ADVANCED_FACE('',(#1007),#508,.T.);
#9324=ADVANCED_FACE('',(#1008),#509,.T.);
#9325=ADVANCED_FACE('',(#1009),#8894,.T.);
#9326=ADVANCED_FACE('',(#1010),#583,.F.);
#9327=ADVANCED_FACE('',(#1011,#157,#158),#510,.T.);
#9328=ADVANCED_FACE('',(#1012),#8895,.F.);
#9329=ADVANCED_FACE('',(#1013),#584,.F.);
#9330=ADVANCED_FACE('',(#1014),#8896,.F.);
#9331=ADVANCED_FACE('',(#1015),#511,.T.);
#9332=ADVANCED_FACE('',(#1016),#512,.T.);
#9333=ADVANCED_FACE('',(#1017),#513,.T.);
#9334=ADVANCED_FACE('',(#1018),#514,.T.);
#9335=ADVANCED_FACE('',(#1019),#515,.T.);
#9336=ADVANCED_FACE('',(#1020),#516,.T.);
#9337=ADVANCED_FACE('',(#1021),#517,.T.);
#9338=ADVANCED_FACE('',(#1022,#159,#160),#8897,.F.);
#9339=ADVANCED_FACE('',(#1023),#518,.T.);
#9340=ADVANCED_FACE('',(#1024),#519,.T.);
#9341=ADVANCED_FACE('',(#1025),#520,.T.);
#9342=ADVANCED_FACE('',(#1026),#521,.T.);
#9343=ADVANCED_FACE('',(#1027),#522,.T.);
#9344=ADVANCED_FACE('',(#1028),#523,.T.);
#9345=ADVANCED_FACE('',(#1029),#524,.T.);
#9346=ADVANCED_FACE('',(#1030),#525,.T.);
#9347=ADVANCED_FACE('',(#1031),#526,.T.);
#9348=ADVANCED_FACE('',(#1032),#527,.T.);
#9349=ADVANCED_FACE('',(#1033),#528,.T.);
#9350=ADVANCED_FACE('',(#1034),#529,.T.);
#9351=ADVANCED_FACE('',(#1035),#530,.T.);
#9352=ADVANCED_FACE('',(#1036),#531,.T.);
#9353=ADVANCED_FACE('',(#1037,#161),#532,.F.);
#9354=ADVANCED_FACE('',(#1038,#162),#533,.F.);
#9355=ADVANCED_FACE('',(#1039),#534,.T.);
#9356=ADVANCED_FACE('',(#1040),#535,.T.);
#9357=ADVANCED_FACE('',(#1041),#536,.T.);
#9358=ADVANCED_FACE('',(#1042),#8898,.F.);
#9359=ADVANCED_FACE('',(#1043),#8899,.F.);
#9360=ADVANCED_FACE('',(#1044),#537,.F.);
#9361=ADVANCED_FACE('',(#1045),#538,.F.);
#9362=ADVANCED_FACE('',(#1046),#539,.F.);
#9363=ADVANCED_FACE('',(#1047),#540,.F.);
#9364=ADVANCED_FACE('',(#1048),#585,.F.);
#9365=ADVANCED_FACE('',(#1049,#163,#164),#541,.F.);
#9366=ADVANCED_FACE('',(#1050),#8900,.F.);
#9367=ADVANCED_FACE('',(#1051),#586,.F.);
#9368=ADVANCED_FACE('',(#1052),#8901,.F.);
#9369=ADVANCED_FACE('',(#1053),#542,.F.);
#9370=ADVANCED_FACE('',(#1054),#543,.F.);
#9371=ADVANCED_FACE('',(#1055),#544,.F.);
#9372=ADVANCED_FACE('',(#1056),#545,.F.);
#9373=ADVANCED_FACE('',(#1057),#546,.F.);
#9374=ADVANCED_FACE('',(#1058),#547,.F.);
#9375=ADVANCED_FACE('',(#1059),#548,.F.);
#9376=ADVANCED_FACE('',(#1060,#165,#166),#8902,.F.);
#9377=ADVANCED_FACE('',(#1061),#549,.F.);
#9378=ADVANCED_FACE('',(#1062),#550,.F.);
#9379=ADVANCED_FACE('',(#1063),#551,.F.);
#9380=ADVANCED_FACE('',(#1064),#552,.F.);
#9381=ADVANCED_FACE('',(#1065),#553,.F.);
#9382=ADVANCED_FACE('',(#1066),#554,.F.);
#9383=ADVANCED_FACE('',(#1067,#167),#555,.T.);
#9384=ADVANCED_FACE('',(#1068,#168),#556,.T.);
#9385=ADVANCED_FACE('',(#1069),#557,.F.);
#9386=ADVANCED_FACE('',(#1070),#558,.F.);
#9387=ADVANCED_FACE('',(#1071),#559,.F.);
#9388=CLOSED_SHELL('',(#8903,#8904,#8905,#8906,#8907,#8908,#8909,#8910,
#8911,#8912,#8913,#8914,#8915,#8916,#8917,#8918,#8919,#8920,#8921,#8922,
#8923,#8924,#8925,#8926,#8927,#8928,#8929,#8930,#8931,#8932,#8933,#8934,
#8935,#8936,#8937,#8938,#8939,#8940,#8941,#8942,#8943,#8944,#8945,#8946,
#8947,#8948,#8949,#8950,#8951,#8952,#8953,#8954,#8955,#8956,#8957,#8958,
#8959,#8960,#8961,#8962,#8963,#8964,#8965,#8966,#8967,#8968,#8969,#8970,
#8971,#8972,#8973,#8974,#8975,#8976,#8977,#8978,#8979,#8980,#8981,#8982,
#8983,#8984,#8985,#8986,#8987,#8988,#8989,#8990,#8991,#8992,#8993,#8994,
#8995,#8996,#8997,#8998,#8999,#9000,#9001,#9002,#9003,#9004,#9005,#9006,
#9007,#9008,#9009,#9010,#9011,#9012,#9013,#9014,#9015,#9016,#9017,#9018,
#9019,#9020,#9021,#9022,#9023,#9024,#9025,#9026,#9027,#9028,#9029,#9030,
#9031,#9032,#9033,#9034,#9035,#9036,#9037,#9038,#9039,#9040,#9041,#9042,
#9043,#9044,#9045,#9046,#9047,#9048,#9049,#9050,#9051,#9052,#9053,#9054,
#9055,#9056,#9057,#9058,#9059,#9060,#9061,#9062,#9063,#9064,#9065,#9066,
#9067,#9068,#9069,#9070,#9071,#9072,#9073,#9074,#9075,#9076,#9077,#9078,
#9079,#9080,#9081,#9082,#9083,#9084,#9085,#9086,#9087,#9088,#9089,#9090,
#9091,#9092,#9093,#9094,#9095,#9096,#9097,#9098,#9099,#9100,#9101,#9102,
#9103,#9104,#9105,#9106,#9107,#9108,#9109,#9110,#9111,#9112,#9113,#9114,
#9115,#9116,#9117,#9118,#9119,#9120,#9121,#9122,#9123,#9124,#9125,#9126,
#9127,#9128,#9129,#9130,#9131,#9132,#9133,#9134,#9135,#9136,#9137,#9138,
#9139,#9140,#9141,#9142,#9143,#9144,#9145,#9146,#9147,#9148,#9149,#9150,
#9151,#9152,#9153,#9154,#9155,#9156,#9157,#9158,#9159,#9160,#9161,#9162,
#9163,#9164,#9165,#9166,#9167,#9168,#9169,#9170,#9171,#9172,#9173,#9174,
#9175,#9176,#9177,#9178,#9179,#9180,#9181,#9182,#9183,#9184,#9185,#9186,
#9187,#9188,#9189,#9190,#9191,#9192,#9193,#9194,#9195,#9196,#9197,#9198,
#9199,#9200,#9201,#9202,#9203,#9204,#9205,#9206,#9207,#9208,#9209,#9210,
#9211,#9212,#9213,#9214,#9215,#9216,#9217,#9218,#9219,#9220,#9221,#9222,
#9223,#9224,#9225,#9226,#9227,#9228,#9229,#9230,#9231,#9232,#9233,#9234,
#9235,#9236,#9237,#9238,#9239,#9240,#9241,#9242,#9243,#9244,#9245,#9246,
#9247,#9248,#9249,#9250,#9251,#9252,#9253,#9254,#9255,#9256,#9257,#9258,
#9259,#9260,#9261,#9262,#9263,#9264,#9265,#9266,#9267,#9268,#9269,#9270,
#9271,#9272,#9273,#9274,#9275,#9276,#9277,#9278,#9279,#9280,#9281,#9282));
#9389=CLOSED_SHELL('',(#9283,#9284,#9285,#9286,#9287,#9288,#9289,#9290,
#9291,#9292,#9293,#9294,#9295,#9296,#9297,#9298,#9299,#9300,#9301,#9302,
#9303,#9304,#9305,#9306,#9307,#9308,#9309,#9310,#9311,#9312,#9313,#9314,
#9315,#9316,#9317,#9318,#9319,#9320,#9321,#9322,#9323,#9324,#9325));
#9390=CLOSED_SHELL('',(#9326,#9327,#9328,#9329,#9330,#9331,#9332,#9333,
#9334,#9335,#9336,#9337,#9338,#9339,#9340,#9341,#9342,#9343,#9344,#9345,
#9346,#9347,#9348,#9349,#9350,#9351,#9352,#9353,#9354,#9355,#9356,#9357));
#9391=CLOSED_SHELL('',(#9358,#9359,#9360,#9361,#9362,#9363,#9364,#9365,
#9366,#9367,#9368,#9369,#9370,#9371,#9372,#9373,#9374,#9375,#9376,#9377,
#9378,#9379,#9380,#9381,#9382,#9383,#9384,#9385,#9386,#9387));
#9392=DERIVED_UNIT_ELEMENT(#9394,1.);
#9393=DERIVED_UNIT_ELEMENT(#15265,-3.);
#9394=(
MASS_UNIT()
NAMED_UNIT(*)
SI_UNIT(.KILO.,.GRAM.)
);
#9395=DERIVED_UNIT((#9392,#9393));
#9396=MEASURE_REPRESENTATION_ITEM('density measure',
POSITIVE_RATIO_MEASURE(7850.),#9395);
#9397=PROPERTY_DEFINITION_REPRESENTATION(#9402,#9399);
#9398=PROPERTY_DEFINITION_REPRESENTATION(#9403,#9400);
#9399=REPRESENTATION('material name',(#9401),#15262);
#9400=REPRESENTATION('density',(#9396),#15262);
#9401=DESCRIPTIVE_REPRESENTATION_ITEM('Stahl','Stahl');
#9402=PROPERTY_DEFINITION('material property','material name',#15272);
#9403=PROPERTY_DEFINITION('material property','density of part',#15272);
#9404=AXIS2_PLACEMENT_3D('',#12495,#10059,#10060);
#9405=AXIS2_PLACEMENT_3D('',#12496,#10061,#10062);
#9406=AXIS2_PLACEMENT_3D('',#12501,#10064,#10065);
#9407=AXIS2_PLACEMENT_3D('',#12505,#10068,#10069);
#9408=AXIS2_PLACEMENT_3D('',#12512,#10070,#10071);
#9409=AXIS2_PLACEMENT_3D('',#12515,#10073,#10074);
#9410=AXIS2_PLACEMENT_3D('',#12516,#10075,#10076);
#9411=AXIS2_PLACEMENT_3D('',#12517,#10077,#10078);
#9412=AXIS2_PLACEMENT_3D('',#12527,#10084,#10085);
#9413=AXIS2_PLACEMENT_3D('',#12529,#10086,#10087);
#9414=AXIS2_PLACEMENT_3D('',#12531,#10089,#10090);
#9415=AXIS2_PLACEMENT_3D('',#12538,#10091,#10092);
#9416=AXIS2_PLACEMENT_3D('',#12541,#10094,#10095);
#9417=AXIS2_PLACEMENT_3D('',#12542,#10096,#10097);
#9418=AXIS2_PLACEMENT_3D('',#12543,#10098,#10099);
#9419=AXIS2_PLACEMENT_3D('',#12559,#10106,#10107);
#9420=AXIS2_PLACEMENT_3D('',#12561,#10108,#10109);
#9421=AXIS2_PLACEMENT_3D('',#12563,#10111,#10112);
#9422=AXIS2_PLACEMENT_3D('',#12565,#10113,#10114);
#9423=AXIS2_PLACEMENT_3D('',#12572,#10116,#10117);
#9424=AXIS2_PLACEMENT_3D('',#12577,#10118,#10119);
#9425=AXIS2_PLACEMENT_3D('',#12578,#10120,#10121);
#9426=AXIS2_PLACEMENT_3D('',#12588,#10127,#10128);
#9427=AXIS2_PLACEMENT_3D('',#12589,#10129,#10130);
#9428=AXIS2_PLACEMENT_3D('',#12590,#10131,#10132);
#9429=AXIS2_PLACEMENT_3D('',#12592,#10133,#10134);
#9430=AXIS2_PLACEMENT_3D('',#12594,#10136,#10137);
#9431=AXIS2_PLACEMENT_3D('',#12603,#10142,#10143);
#9432=AXIS2_PLACEMENT_3D('',#12609,#10147,#10148);
#9433=AXIS2_PLACEMENT_3D('',#12615,#10152,#10153);
#9434=AXIS2_PLACEMENT_3D('',#12618,#10156,#10157);
#9435=AXIS2_PLACEMENT_3D('',#12624,#10161,#10162);
#9436=AXIS2_PLACEMENT_3D('',#12632,#10167,#10168);
#9437=AXIS2_PLACEMENT_3D('',#12634,#10169,#10170);
#9438=AXIS2_PLACEMENT_3D('',#12637,#10172,#10173);
#9439=AXIS2_PLACEMENT_3D('',#12638,#10174,#10175);
#9440=AXIS2_PLACEMENT_3D('',#12663,#10188,#10189);
#9441=AXIS2_PLACEMENT_3D('',#12669,#10193,#10194);
#9442=AXIS2_PLACEMENT_3D('',#12673,#10197,#10198);
#9443=AXIS2_PLACEMENT_3D('',#12677,#10201,#10202);
#9444=AXIS2_PLACEMENT_3D('',#12679,#10204,#10205);
#9445=AXIS2_PLACEMENT_3D('',#12685,#10209,#10210);
#9446=AXIS2_PLACEMENT_3D('',#12689,#10213,#10214);
#9447=AXIS2_PLACEMENT_3D('',#12695,#10218,#10219);
#9448=AXIS2_PLACEMENT_3D('',#12699,#10222,#10223);
#9449=AXIS2_PLACEMENT_3D('',#12703,#10226,#10227);
#9450=AXIS2_PLACEMENT_3D('',#12705,#10229,#10230);
#9451=AXIS2_PLACEMENT_3D('',#12711,#10234,#10235);
#9452=AXIS2_PLACEMENT_3D('',#12715,#10238,#10239);
#9453=AXIS2_PLACEMENT_3D('',#12721,#10243,#10244);
#9454=AXIS2_PLACEMENT_3D('',#12727,#10248,#10249);
#9455=AXIS2_PLACEMENT_3D('',#12729,#10251,#10252);
#9456=AXIS2_PLACEMENT_3D('',#12731,#10254,#10255);
#9457=AXIS2_PLACEMENT_3D('',#12745,#10263,#10264);
#9458=AXIS2_PLACEMENT_3D('',#12757,#10271,#10272);
#9459=AXIS2_PLACEMENT_3D('',#12758,#10273,#10274);
#9460=AXIS2_PLACEMENT_3D('',#12759,#10275,#10276);
#9461=AXIS2_PLACEMENT_3D('',#12762,#10278,#10279);
#9462=AXIS2_PLACEMENT_3D('',#12763,#10280,#10281);
#9463=AXIS2_PLACEMENT_3D('',#12767,#10284,#10285);
#9464=AXIS2_PLACEMENT_3D('',#12768,#10286,#10287);
#9465=AXIS2_PLACEMENT_3D('',#12769,#10288,#10289);
#9466=AXIS2_PLACEMENT_3D('',#12770,#10290,#10291);
#9467=AXIS2_PLACEMENT_3D('',#12771,#10292,#10293);
#9468=AXIS2_PLACEMENT_3D('',#12775,#10295,#10296);
#9469=AXIS2_PLACEMENT_3D('',#12777,#10298,#10299);
#9470=AXIS2_PLACEMENT_3D('',#12905,#10364,#10365);
#9471=AXIS2_PLACEMENT_3D('',#12908,#10367,#10368);
#9472=AXIS2_PLACEMENT_3D('',#12909,#10369,#10370);
#9473=AXIS2_PLACEMENT_3D('',#12914,#10373,#10374);
#9474=AXIS2_PLACEMENT_3D('',#12995,#10415,#10416);
#9475=AXIS2_PLACEMENT_3D('',#12997,#10417,#10418);
#9476=AXIS2_PLACEMENT_3D('',#13000,#10420,#10421);
#9477=AXIS2_PLACEMENT_3D('',#13001,#10422,#10423);
#9478=AXIS2_PLACEMENT_3D('',#13004,#10425,#10426);
#9479=AXIS2_PLACEMENT_3D('',#13007,#10428,#10429);
#9480=AXIS2_PLACEMENT_3D('',#13010,#10430,#10431);
#9481=AXIS2_PLACEMENT_3D('',#13014,#10433,#10434);
#9482=AXIS2_PLACEMENT_3D('',#13018,#10436,#10437);
#9483=AXIS2_PLACEMENT_3D('',#13022,#10439,#10440);
#9484=AXIS2_PLACEMENT_3D('',#13024,#10442,#10443);
#9485=AXIS2_PLACEMENT_3D('',#13070,#10467,#10468);
#9486=AXIS2_PLACEMENT_3D('',#13081,#10474,#10475);
#9487=AXIS2_PLACEMENT_3D('',#13087,#10479,#10480);
#9488=AXIS2_PLACEMENT_3D('',#13093,#10484,#10485);
#9489=AXIS2_PLACEMENT_3D('',#13099,#10489,#10490);
#9490=AXIS2_PLACEMENT_3D('',#13104,#10493,#10494);
#9491=AXIS2_PLACEMENT_3D('',#13106,#10495,#10496);
#9492=AXIS2_PLACEMENT_3D('',#13107,#10497,#10498);
#9493=AXIS2_PLACEMENT_3D('',#13111,#10501,#10502);
#9494=AXIS2_PLACEMENT_3D('',#13114,#10503,#10504);
#9495=AXIS2_PLACEMENT_3D('',#13116,#10505,#10506);
#9496=AXIS2_PLACEMENT_3D('',#13118,#10507,#10508);
#9497=AXIS2_PLACEMENT_3D('',#13120,#10509,#10510);
#9498=AXIS2_PLACEMENT_3D('',#13122,#10511,#10512);
#9499=AXIS2_PLACEMENT_3D('',#13123,#10513,#10514);
#9500=AXIS2_PLACEMENT_3D('',#13124,#10515,#10516);
#9501=AXIS2_PLACEMENT_3D('',#13127,#10517,#10518);
#9502=AXIS2_PLACEMENT_3D('',#13129,#10519,#10520);
#9503=AXIS2_PLACEMENT_3D('',#13131,#10521,#10522);
#9504=AXIS2_PLACEMENT_3D('',#13133,#10523,#10524);
#9505=AXIS2_PLACEMENT_3D('',#13135,#10525,#10526);
#9506=AXIS2_PLACEMENT_3D('',#13136,#10527,#10528);
#9507=AXIS2_PLACEMENT_3D('',#13137,#10529,#10530);
#9508=AXIS2_PLACEMENT_3D('',#13143,#10534,#10535);
#9509=AXIS2_PLACEMENT_3D('',#13149,#10539,#10540);
#9510=AXIS2_PLACEMENT_3D('',#13156,#10545,#10546);
#9511=AXIS2_PLACEMENT_3D('',#13158,#10548,#10549);
#9512=AXIS2_PLACEMENT_3D('',#13160,#10551,#10552);
#9513=AXIS2_PLACEMENT_3D('',#13166,#10556,#10557);
#9514=AXIS2_PLACEMENT_3D('',#13172,#10561,#10562);
#9515=AXIS2_PLACEMENT_3D('',#13179,#10567,#10568);
#9516=AXIS2_PLACEMENT_3D('',#13181,#10570,#10571);
#9517=AXIS2_PLACEMENT_3D('',#13183,#10573,#10574);
#9518=AXIS2_PLACEMENT_3D('',#13191,#10576,#10577);
#9519=AXIS2_PLACEMENT_3D('',#13192,#10578,#10579);
#9520=AXIS2_PLACEMENT_3D('',#13198,#10583,#10584);
#9521=AXIS2_PLACEMENT_3D('',#13204,#10588,#10589);
#9522=AXIS2_PLACEMENT_3D('',#13208,#10592,#10593);
#9523=AXIS2_PLACEMENT_3D('',#13212,#10596,#10597);
#9524=AXIS2_PLACEMENT_3D('',#13218,#10601,#10602);
#9525=AXIS2_PLACEMENT_3D('',#13219,#10603,#10604);
#9526=AXIS2_PLACEMENT_3D('',#13223,#10606,#10607);
#9527=AXIS2_PLACEMENT_3D('',#13224,#10608,#10609);
#9528=AXIS2_PLACEMENT_3D('',#13225,#10610,#10611);
#9529=AXIS2_PLACEMENT_3D('',#13227,#10613,#10614);
#9530=AXIS2_PLACEMENT_3D('',#13229,#10615,#10616);
#9531=AXIS2_PLACEMENT_3D('',#13233,#10618,#10619);
#9532=AXIS2_PLACEMENT_3D('',#13234,#10620,#10621);
#9533=AXIS2_PLACEMENT_3D('',#13235,#10622,#10623);
#9534=AXIS2_PLACEMENT_3D('',#13237,#10625,#10626);
#9535=AXIS2_PLACEMENT_3D('',#13240,#10629,#10630);
#9536=AXIS2_PLACEMENT_3D('',#13243,#10633,#10634);
#9537=AXIS2_PLACEMENT_3D('',#13246,#10637,#10638);
#9538=AXIS2_PLACEMENT_3D('',#13247,#10639,#10640);
#9539=AXIS2_PLACEMENT_3D('',#13248,#10641,#10642);
#9540=AXIS2_PLACEMENT_3D('',#13249,#10643,#10644);
#9541=AXIS2_PLACEMENT_3D('',#13250,#10645,#10646);
#9542=AXIS2_PLACEMENT_3D('',#13251,#10647,#10648);
#9543=AXIS2_PLACEMENT_3D('',#13257,#10652,#10653);
#9544=AXIS2_PLACEMENT_3D('',#13263,#10657,#10658);
#9545=AXIS2_PLACEMENT_3D('',#13269,#10662,#10663);
#9546=AXIS2_PLACEMENT_3D('',#13275,#10667,#10668);
#9547=AXIS2_PLACEMENT_3D('',#13284,#10673,#10674);
#9548=AXIS2_PLACEMENT_3D('',#13290,#10678,#10679);
#9549=AXIS2_PLACEMENT_3D('',#13298,#10684,#10685);
#9550=AXIS2_PLACEMENT_3D('',#13304,#10689,#10690);
#9551=AXIS2_PLACEMENT_3D('',#13309,#10693,#10694);
#9552=AXIS2_PLACEMENT_3D('',#13311,#10695,#10696);
#9553=AXIS2_PLACEMENT_3D('',#13312,#10697,#10698);
#9554=AXIS2_PLACEMENT_3D('',#13316,#10701,#10702);
#9555=AXIS2_PLACEMENT_3D('',#13319,#10704,#10705);
#9556=AXIS2_PLACEMENT_3D('',#13320,#10706,#10707);
#9557=AXIS2_PLACEMENT_3D('',#13322,#10708,#10709);
#9558=AXIS2_PLACEMENT_3D('',#13324,#10711,#10712);
#9559=AXIS2_PLACEMENT_3D('',#13328,#10715,#10716);
#9560=AXIS2_PLACEMENT_3D('',#13332,#10719,#10720);
#9561=AXIS2_PLACEMENT_3D('',#13338,#10724,#10725);
#9562=AXIS2_PLACEMENT_3D('',#13340,#10727,#10728);
#9563=AXIS2_PLACEMENT_3D('',#13344,#10731,#10732);
#9564=AXIS2_PLACEMENT_3D('',#13348,#10735,#10736);
#9565=AXIS2_PLACEMENT_3D('',#13352,#10739,#10740);
#9566=AXIS2_PLACEMENT_3D('',#13362,#10746,#10747);
#9567=AXIS2_PLACEMENT_3D('',#13372,#10753,#10754);
#9568=AXIS2_PLACEMENT_3D('',#13382,#10760,#10761);
#9569=AXIS2_PLACEMENT_3D('',#13392,#10767,#10768);
#9570=AXIS2_PLACEMENT_3D('',#13402,#10774,#10775);
#9571=AXIS2_PLACEMENT_3D('',#13412,#10781,#10782);
#9572=AXIS2_PLACEMENT_3D('',#13422,#10788,#10789);
#9573=AXIS2_PLACEMENT_3D('',#13431,#10795,#10796);
#9574=AXIS2_PLACEMENT_3D('',#13435,#10800,#10801);
#9575=AXIS2_PLACEMENT_3D('',#13441,#10805,#10806);
#9576=AXIS2_PLACEMENT_3D('',#13450,#10811,#10812);
#9577=AXIS2_PLACEMENT_3D('',#13459,#10817,#10818);
#9578=AXIS2_PLACEMENT_3D('',#13462,#10821,#10822);
#9579=AXIS2_PLACEMENT_3D('',#13465,#10825,#10826);
#9580=AXIS2_PLACEMENT_3D('',#13469,#10829,#10830);
#9581=AXIS2_PLACEMENT_3D('',#13473,#10833,#10834);
#9582=AXIS2_PLACEMENT_3D('',#13475,#10836,#10837);
#9583=AXIS2_PLACEMENT_3D('',#13476,#10838,#10839);
#9584=AXIS2_PLACEMENT_3D('',#13479,#10842,#10843);
#9585=AXIS2_PLACEMENT_3D('',#13480,#10844,#10845);
#9586=AXIS2_PLACEMENT_3D('',#13484,#10848,#10849);
#9587=AXIS2_PLACEMENT_3D('',#13486,#10851,#10852);
#9588=AXIS2_PLACEMENT_3D('',#13490,#10855,#10856);
#9589=AXIS2_PLACEMENT_3D('',#13492,#10858,#10859);
#9590=AXIS2_PLACEMENT_3D('',#13496,#10862,#10863);
#9591=AXIS2_PLACEMENT_3D('',#13503,#10868,#10869);
#9592=AXIS2_PLACEMENT_3D('',#13505,#10870,#10871);
#9593=AXIS2_PLACEMENT_3D('',#13507,#10872,#10873);
#9594=AXIS2_PLACEMENT_3D('',#13508,#10874,#10875);
#9595=AXIS2_PLACEMENT_3D('',#13509,#10876,#10877);
#9596=AXIS2_PLACEMENT_3D('',#13512,#10879,#10880);
#9597=AXIS2_PLACEMENT_3D('',#13513,#10881,#10882);
#9598=AXIS2_PLACEMENT_3D('',#13515,#10883,#10884);
#9599=AXIS2_PLACEMENT_3D('',#13517,#10885,#10886);
#9600=AXIS2_PLACEMENT_3D('',#13518,#10887,#10888);
#9601=AXIS2_PLACEMENT_3D('',#13519,#10889,#10890);
#9602=AXIS2_PLACEMENT_3D('',#13524,#10893,#10894);
#9603=AXIS2_PLACEMENT_3D('',#13525,#10895,#10896);
#9604=AXIS2_PLACEMENT_3D('',#13526,#10897,#10898);
#9605=AXIS2_PLACEMENT_3D('',#13528,#10899,#10900);
#9606=AXIS2_PLACEMENT_3D('',#13529,#10901,#10902);
#9607=AXIS2_PLACEMENT_3D('',#13530,#10903,#10904);
#9608=AXIS2_PLACEMENT_3D('',#13532,#10905,#10906);
#9609=AXIS2_PLACEMENT_3D('',#13534,#10908,#10909);
#9610=AXIS2_PLACEMENT_3D('',#13536,#10910,#10911);
#9611=AXIS2_PLACEMENT_3D('',#13537,#10912,#10913);
#9612=AXIS2_PLACEMENT_3D('',#13538,#10914,#10915);
#9613=AXIS2_PLACEMENT_3D('',#13540,#10917,#10918);
#9614=AXIS2_PLACEMENT_3D('',#13543,#10919,#10920);
#9615=AXIS2_PLACEMENT_3D('',#13546,#10923,#10924);
#9616=AXIS2_PLACEMENT_3D('',#13550,#10927,#10928);
#9617=AXIS2_PLACEMENT_3D('',#13554,#10931,#10932);
#9618=AXIS2_PLACEMENT_3D('',#13556,#10933,#10934);
#9619=AXIS2_PLACEMENT_3D('',#13558,#10936,#10937);
#9620=AXIS2_PLACEMENT_3D('',#13560,#10939,#10940);
#9621=AXIS2_PLACEMENT_3D('',#13562,#10941,#10942);
#9622=AXIS2_PLACEMENT_3D('',#13564,#10944,#10945);
#9623=AXIS2_PLACEMENT_3D('',#13568,#10948,#10949);
#9624=AXIS2_PLACEMENT_3D('',#13694,#11013,#11014);
#9625=AXIS2_PLACEMENT_3D('',#13698,#11017,#11018);
#9626=AXIS2_PLACEMENT_3D('',#13699,#11019,#11020);
#9627=AXIS2_PLACEMENT_3D('',#13700,#11021,#11022);
#9628=AXIS2_PLACEMENT_3D('',#13706,#11026,#11027);
#9629=AXIS2_PLACEMENT_3D('',#13712,#11031,#11032);
#9630=AXIS2_PLACEMENT_3D('',#13716,#11035,#11036);
#9631=AXIS2_PLACEMENT_3D('',#13720,#11039,#11040);
#9632=AXIS2_PLACEMENT_3D('',#13724,#11043,#11044);
#9633=AXIS2_PLACEMENT_3D('',#13726,#11046,#11047);
#9634=AXIS2_PLACEMENT_3D('',#13730,#11050,#11051);
#9635=AXIS2_PLACEMENT_3D('',#13732,#11053,#11054);
#9636=AXIS2_PLACEMENT_3D('',#13738,#11058,#11059);
#9637=AXIS2_PLACEMENT_3D('',#13744,#11063,#11064);
#9638=AXIS2_PLACEMENT_3D('',#13748,#11067,#11068);
#9639=AXIS2_PLACEMENT_3D('',#13752,#11071,#11072);
#9640=AXIS2_PLACEMENT_3D('',#13756,#11075,#11076);
#9641=AXIS2_PLACEMENT_3D('',#13758,#11078,#11079);
#9642=AXIS2_PLACEMENT_3D('',#13762,#11082,#11083);
#9643=AXIS2_PLACEMENT_3D('',#13764,#11085,#11086);
#9644=AXIS2_PLACEMENT_3D('',#13770,#11090,#11091);
#9645=AXIS2_PLACEMENT_3D('',#13776,#11095,#11096);
#9646=AXIS2_PLACEMENT_3D('',#13780,#11099,#11100);
#9647=AXIS2_PLACEMENT_3D('',#13784,#11103,#11104);
#9648=AXIS2_PLACEMENT_3D('',#13788,#11107,#11108);
#9649=AXIS2_PLACEMENT_3D('',#13790,#11110,#11111);
#9650=AXIS2_PLACEMENT_3D('',#13794,#11114,#11115);
#9651=AXIS2_PLACEMENT_3D('',#13796,#11117,#11118);
#9652=AXIS2_PLACEMENT_3D('',#13802,#11122,#11123);
#9653=AXIS2_PLACEMENT_3D('',#13806,#11126,#11127);
#9654=AXIS2_PLACEMENT_3D('',#13812,#11131,#11132);
#9655=AXIS2_PLACEMENT_3D('',#13816,#11135,#11136);
#9656=AXIS2_PLACEMENT_3D('',#13820,#11139,#11140);
#9657=AXIS2_PLACEMENT_3D('',#13824,#11143,#11144);
#9658=AXIS2_PLACEMENT_3D('',#13826,#11146,#11147);
#9659=AXIS2_PLACEMENT_3D('',#13830,#11150,#11151);
#9660=AXIS2_PLACEMENT_3D('',#13834,#11154,#11155);
#9661=AXIS2_PLACEMENT_3D('',#13836,#11157,#11158);
#9662=AXIS2_PLACEMENT_3D('',#13842,#11162,#11163);
#9663=AXIS2_PLACEMENT_3D('',#13848,#11167,#11168);
#9664=AXIS2_PLACEMENT_3D('',#13852,#11171,#11172);
#9665=AXIS2_PLACEMENT_3D('',#13856,#11175,#11176);
#9666=AXIS2_PLACEMENT_3D('',#13860,#11179,#11180);
#9667=AXIS2_PLACEMENT_3D('',#13862,#11182,#11183);
#9668=AXIS2_PLACEMENT_3D('',#13866,#11186,#11187);
#9669=AXIS2_PLACEMENT_3D('',#13868,#11189,#11190);
#9670=AXIS2_PLACEMENT_3D('',#13874,#11194,#11195);
#9671=AXIS2_PLACEMENT_3D('',#13880,#11199,#11200);
#9672=AXIS2_PLACEMENT_3D('',#13884,#11203,#11204);
#9673=AXIS2_PLACEMENT_3D('',#13888,#11207,#11208);
#9674=AXIS2_PLACEMENT_3D('',#13892,#11211,#11212);
#9675=AXIS2_PLACEMENT_3D('',#13894,#11214,#11215);
#9676=AXIS2_PLACEMENT_3D('',#13898,#11218,#11219);
#9677=AXIS2_PLACEMENT_3D('',#13900,#11221,#11222);
#9678=AXIS2_PLACEMENT_3D('',#13906,#11226,#11227);
#9679=AXIS2_PLACEMENT_3D('',#13912,#11231,#11232);
#9680=AXIS2_PLACEMENT_3D('',#13916,#11235,#11236);
#9681=AXIS2_PLACEMENT_3D('',#13920,#11239,#11240);
#9682=AXIS2_PLACEMENT_3D('',#13924,#11243,#11244);
#9683=AXIS2_PLACEMENT_3D('',#13926,#11246,#11247);
#9684=AXIS2_PLACEMENT_3D('',#13930,#11250,#11251);
#9685=AXIS2_PLACEMENT_3D('',#13932,#11253,#11254);
#9686=AXIS2_PLACEMENT_3D('',#13938,#11258,#11259);
#9687=AXIS2_PLACEMENT_3D('',#13944,#11263,#11264);
#9688=AXIS2_PLACEMENT_3D('',#13948,#11267,#11268);
#9689=AXIS2_PLACEMENT_3D('',#13952,#11271,#11272);
#9690=AXIS2_PLACEMENT_3D('',#13956,#11275,#11276);
#9691=AXIS2_PLACEMENT_3D('',#13958,#11278,#11279);
#9692=AXIS2_PLACEMENT_3D('',#13962,#11282,#11283);
#9693=AXIS2_PLACEMENT_3D('',#13964,#11285,#11286);
#9694=AXIS2_PLACEMENT_3D('',#13970,#11290,#11291);
#9695=AXIS2_PLACEMENT_3D('',#13976,#11295,#11296);
#9696=AXIS2_PLACEMENT_3D('',#13980,#11299,#11300);
#9697=AXIS2_PLACEMENT_3D('',#13984,#11303,#11304);
#9698=AXIS2_PLACEMENT_3D('',#13988,#11307,#11308);
#9699=AXIS2_PLACEMENT_3D('',#13990,#11310,#11311);
#9700=AXIS2_PLACEMENT_3D('',#13994,#11314,#11315);
#9701=AXIS2_PLACEMENT_3D('',#13996,#11317,#11318);
#9702=AXIS2_PLACEMENT_3D('',#14002,#11322,#11323);
#9703=AXIS2_PLACEMENT_3D('',#14008,#11327,#11328);
#9704=AXIS2_PLACEMENT_3D('',#14012,#11331,#11332);
#9705=AXIS2_PLACEMENT_3D('',#14016,#11335,#11336);
#9706=AXIS2_PLACEMENT_3D('',#14020,#11339,#11340);
#9707=AXIS2_PLACEMENT_3D('',#14022,#11342,#11343);
#9708=AXIS2_PLACEMENT_3D('',#14026,#11346,#11347);
#9709=AXIS2_PLACEMENT_3D('',#14028,#11349,#11350);
#9710=AXIS2_PLACEMENT_3D('',#14034,#11354,#11355);
#9711=AXIS2_PLACEMENT_3D('',#14040,#11359,#11360);
#9712=AXIS2_PLACEMENT_3D('',#14044,#11363,#11364);
#9713=AXIS2_PLACEMENT_3D('',#14048,#11367,#11368);
#9714=AXIS2_PLACEMENT_3D('',#14052,#11371,#11372);
#9715=AXIS2_PLACEMENT_3D('',#14054,#11374,#11375);
#9716=AXIS2_PLACEMENT_3D('',#14058,#11378,#11379);
#9717=AXIS2_PLACEMENT_3D('',#14060,#11381,#11382);
#9718=AXIS2_PLACEMENT_3D('',#14066,#11386,#11387);
#9719=AXIS2_PLACEMENT_3D('',#14072,#11391,#11392);
#9720=AXIS2_PLACEMENT_3D('',#14076,#11395,#11396);
#9721=AXIS2_PLACEMENT_3D('',#14080,#11399,#11400);
#9722=AXIS2_PLACEMENT_3D('',#14084,#11403,#11404);
#9723=AXIS2_PLACEMENT_3D('',#14086,#11406,#11407);
#9724=AXIS2_PLACEMENT_3D('',#14090,#11410,#11411);
#9725=AXIS2_PLACEMENT_3D('',#14092,#11413,#11414);
#9726=AXIS2_PLACEMENT_3D('',#14098,#11418,#11419);
#9727=AXIS2_PLACEMENT_3D('',#14104,#11423,#11424);
#9728=AXIS2_PLACEMENT_3D('',#14108,#11427,#11428);
#9729=AXIS2_PLACEMENT_3D('',#14112,#11431,#11432);
#9730=AXIS2_PLACEMENT_3D('',#14116,#11435,#11436);
#9731=AXIS2_PLACEMENT_3D('',#14118,#11438,#11439);
#9732=AXIS2_PLACEMENT_3D('',#14122,#11442,#11443);
#9733=AXIS2_PLACEMENT_3D('',#14124,#11445,#11446);
#9734=AXIS2_PLACEMENT_3D('',#14130,#11450,#11451);
#9735=AXIS2_PLACEMENT_3D('',#14136,#11455,#11456);
#9736=AXIS2_PLACEMENT_3D('',#14140,#11459,#11460);
#9737=AXIS2_PLACEMENT_3D('',#14144,#11463,#11464);
#9738=AXIS2_PLACEMENT_3D('',#14148,#11467,#11468);
#9739=AXIS2_PLACEMENT_3D('',#14150,#11470,#11471);
#9740=AXIS2_PLACEMENT_3D('',#14154,#11474,#11475);
#9741=AXIS2_PLACEMENT_3D('',#14156,#11477,#11478);
#9742=AXIS2_PLACEMENT_3D('',#14162,#11482,#11483);
#9743=AXIS2_PLACEMENT_3D('',#14166,#11486,#11487);
#9744=AXIS2_PLACEMENT_3D('',#14172,#11491,#11492);
#9745=AXIS2_PLACEMENT_3D('',#14176,#11495,#11496);
#9746=AXIS2_PLACEMENT_3D('',#14180,#11499,#11500);
#9747=AXIS2_PLACEMENT_3D('',#14184,#11503,#11504);
#9748=AXIS2_PLACEMENT_3D('',#14186,#11506,#11507);
#9749=AXIS2_PLACEMENT_3D('',#14190,#11510,#11511);
#9750=AXIS2_PLACEMENT_3D('',#14194,#11514,#11515);
#9751=AXIS2_PLACEMENT_3D('',#14196,#11517,#11518);
#9752=AXIS2_PLACEMENT_3D('',#14202,#11522,#11523);
#9753=AXIS2_PLACEMENT_3D('',#14208,#11527,#11528);
#9754=AXIS2_PLACEMENT_3D('',#14212,#11531,#11532);
#9755=AXIS2_PLACEMENT_3D('',#14216,#11535,#11536);
#9756=AXIS2_PLACEMENT_3D('',#14220,#11539,#11540);
#9757=AXIS2_PLACEMENT_3D('',#14225,#11544,#11545);
#9758=AXIS2_PLACEMENT_3D('',#14230,#11549,#11550);
#9759=AXIS2_PLACEMENT_3D('',#14232,#11552,#11553);
#9760=AXIS2_PLACEMENT_3D('',#14239,#11558,#11559);
#9761=AXIS2_PLACEMENT_3D('',#14245,#11563,#11564);
#9762=AXIS2_PLACEMENT_3D('',#14249,#11567,#11568);
#9763=AXIS2_PLACEMENT_3D('',#14253,#11571,#11572);
#9764=AXIS2_PLACEMENT_3D('',#14257,#11575,#11576);
#9765=AXIS2_PLACEMENT_3D('',#14259,#11578,#11579);
#9766=AXIS2_PLACEMENT_3D('',#14263,#11582,#11583);
#9767=AXIS2_PLACEMENT_3D('',#14265,#11585,#11586);
#9768=AXIS2_PLACEMENT_3D('',#14271,#11590,#11591);
#9769=AXIS2_PLACEMENT_3D('',#14273,#11593,#11594);
#9770=AXIS2_PLACEMENT_3D('',#14277,#11597,#11598);
#9771=AXIS2_PLACEMENT_3D('',#14279,#11600,#11601);
#9772=AXIS2_PLACEMENT_3D('',#14283,#11604,#11605);
#9773=AXIS2_PLACEMENT_3D('',#14285,#11607,#11608);
#9774=AXIS2_PLACEMENT_3D('',#14291,#11612,#11613);
#9775=AXIS2_PLACEMENT_3D('',#14293,#11615,#11616);
#9776=AXIS2_PLACEMENT_3D('',#14297,#11619,#11620);
#9777=AXIS2_PLACEMENT_3D('',#14299,#11622,#11623);
#9778=AXIS2_PLACEMENT_3D('',#14303,#11626,#11627);
#9779=AXIS2_PLACEMENT_3D('',#14305,#11629,#11630);
#9780=AXIS2_PLACEMENT_3D('',#14311,#11634,#11635);
#9781=AXIS2_PLACEMENT_3D('',#14317,#11639,#11640);
#9782=AXIS2_PLACEMENT_3D('',#14321,#11643,#11644);
#9783=AXIS2_PLACEMENT_3D('',#14323,#11646,#11647);
#9784=AXIS2_PLACEMENT_3D('',#14327,#11650,#11651);
#9785=AXIS2_PLACEMENT_3D('',#14329,#11653,#11654);
#9786=AXIS2_PLACEMENT_3D('',#14333,#11657,#11658);
#9787=AXIS2_PLACEMENT_3D('',#14337,#11661,#11662);
#9788=AXIS2_PLACEMENT_3D('',#14339,#11664,#11665);
#9789=AXIS2_PLACEMENT_3D('',#14340,#11666,#11667);
#9790=AXIS2_PLACEMENT_3D('',#14343,#11668,#11669);
#9791=AXIS2_PLACEMENT_3D('',#14347,#11671,#11672);
#9792=AXIS2_PLACEMENT_3D('',#14351,#11674,#11675);
#9793=AXIS2_PLACEMENT_3D('',#14355,#11677,#11678);
#9794=AXIS2_PLACEMENT_3D('',#14357,#11680,#11681);
#9795=AXIS2_PLACEMENT_3D('',#14365,#11682,#11683);
#9796=AXIS2_PLACEMENT_3D('',#14368,#11685,#11686);
#9797=AXIS2_PLACEMENT_3D('',#14369,#11687,#11688);
#9798=AXIS2_PLACEMENT_3D('',#14375,#11692,#11693);
#9799=AXIS2_PLACEMENT_3D('',#14381,#11697,#11698);
#9800=AXIS2_PLACEMENT_3D('',#14387,#11702,#11703);
#9801=AXIS2_PLACEMENT_3D('',#14390,#11705,#11706);
#9802=AXIS2_PLACEMENT_3D('',#14393,#11707,#11708);
#9803=AXIS2_PLACEMENT_3D('',#14397,#11710,#11711);
#9804=AXIS2_PLACEMENT_3D('',#14401,#11713,#11714);
#9805=AXIS2_PLACEMENT_3D('',#14405,#11716,#11717);
#9806=AXIS2_PLACEMENT_3D('',#14407,#11719,#11720);
#9807=AXIS2_PLACEMENT_3D('',#14411,#11723,#11724);
#9808=AXIS2_PLACEMENT_3D('',#14415,#11727,#11728);
#9809=AXIS2_PLACEMENT_3D('',#14416,#11729,#11730);
#9810=AXIS2_PLACEMENT_3D('',#14420,#11732,#11733);
#9811=AXIS2_PLACEMENT_3D('',#14421,#11734,#11735);
#9812=AXIS2_PLACEMENT_3D('',#14422,#11736,#11737);
#9813=AXIS2_PLACEMENT_3D('',#14424,#11739,#11740);
#9814=AXIS2_PLACEMENT_3D('',#14426,#11741,#11742);
#9815=AXIS2_PLACEMENT_3D('',#14430,#11744,#11745);
#9816=AXIS2_PLACEMENT_3D('',#14431,#11746,#11747);
#9817=AXIS2_PLACEMENT_3D('',#14432,#11748,#11749);
#9818=AXIS2_PLACEMENT_3D('',#14434,#11751,#11752);
#9819=AXIS2_PLACEMENT_3D('',#14437,#11755,#11756);
#9820=AXIS2_PLACEMENT_3D('',#14446,#11761,#11762);
#9821=AXIS2_PLACEMENT_3D('',#14449,#11765,#11766);
#9822=AXIS2_PLACEMENT_3D('',#14455,#11770,#11771);
#9823=AXIS2_PLACEMENT_3D('',#14458,#11774,#11775);
#9824=AXIS2_PLACEMENT_3D('',#14467,#11780,#11781);
#9825=AXIS2_PLACEMENT_3D('',#14470,#11784,#11785);
#9826=AXIS2_PLACEMENT_3D('',#14476,#11789,#11790);
#9827=AXIS2_PLACEMENT_3D('',#14479,#11793,#11794);
#9828=AXIS2_PLACEMENT_3D('',#14480,#11795,#11796);
#9829=AXIS2_PLACEMENT_3D('',#14481,#11797,#11798);
#9830=AXIS2_PLACEMENT_3D('',#14482,#11799,#11800);
#9831=AXIS2_PLACEMENT_3D('',#14483,#11801,#11802);
#9832=AXIS2_PLACEMENT_3D('',#14484,#11803,#11804);
#9833=AXIS2_PLACEMENT_3D('',#14493,#11809,#11810);
#9834=AXIS2_PLACEMENT_3D('',#14499,#11814,#11815);
#9835=AXIS2_PLACEMENT_3D('',#14505,#11819,#11820);
#9836=AXIS2_PLACEMENT_3D('',#14508,#11823,#11824);
#9837=AXIS2_PLACEMENT_3D('',#14510,#11826,#11827);
#9838=AXIS2_PLACEMENT_3D('',#14517,#11832,#11833);
#9839=AXIS2_PLACEMENT_3D('',#14521,#11836,#11837);
#9840=AXIS2_PLACEMENT_3D('',#14527,#11841,#11842);
#9841=AXIS2_PLACEMENT_3D('',#14529,#11844,#11845);
#9842=AXIS2_PLACEMENT_3D('',#14531,#11847,#11848);
#9843=AXIS2_PLACEMENT_3D('',#14532,#11849,#11850);
#9844=AXIS2_PLACEMENT_3D('',#14536,#11853,#11854);
#9845=AXIS2_PLACEMENT_3D('',#14538,#11856,#11857);
#9846=AXIS2_PLACEMENT_3D('',#14539,#11858,#11859);
#9847=AXIS2_PLACEMENT_3D('',#14543,#11862,#11863);
#9848=AXIS2_PLACEMENT_3D('',#14545,#11865,#11866);
#9849=AXIS2_PLACEMENT_3D('',#14546,#11867,#11868);
#9850=AXIS2_PLACEMENT_3D('',#14552,#11872,#11873);
#9851=AXIS2_PLACEMENT_3D('',#14554,#11875,#11876);
#9852=AXIS2_PLACEMENT_3D('',#14558,#11879,#11880);
#9853=AXIS2_PLACEMENT_3D('',#14560,#11882,#11883);
#9854=AXIS2_PLACEMENT_3D('',#14561,#11884,#11885);
#9855=AXIS2_PLACEMENT_3D('',#14563,#11886,#11887);
#9856=AXIS2_PLACEMENT_3D('',#14566,#11889,#11890);
#9857=AXIS2_PLACEMENT_3D('',#14567,#11891,#11892);
#9858=AXIS2_PLACEMENT_3D('',#14570,#11894,#11895);
#9859=AXIS2_PLACEMENT_3D('',#14571,#11896,#11897);
#9860=AXIS2_PLACEMENT_3D('',#14572,#11898,#11899);
#9861=AXIS2_PLACEMENT_3D('',#14574,#11900,#11901);
#9862=AXIS2_PLACEMENT_3D('',#14577,#11903,#11904);
#9863=AXIS2_PLACEMENT_3D('',#14578,#11905,#11906);
#9864=AXIS2_PLACEMENT_3D('',#14581,#11908,#11909);
#9865=AXIS2_PLACEMENT_3D('',#14582,#11910,#11911);
#9866=AXIS2_PLACEMENT_3D('',#14583,#11912,#11913);
#9867=AXIS2_PLACEMENT_3D('',#14585,#11914,#11915);
#9868=AXIS2_PLACEMENT_3D('',#14588,#11917,#11918);
#9869=AXIS2_PLACEMENT_3D('',#14589,#11919,#11920);
#9870=AXIS2_PLACEMENT_3D('',#14592,#11922,#11923);
#9871=AXIS2_PLACEMENT_3D('',#14593,#11924,#11925);
#9872=AXIS2_PLACEMENT_3D('',#14594,#11926,#11927);
#9873=AXIS2_PLACEMENT_3D('',#14595,#11928,#11929);
#9874=AXIS2_PLACEMENT_3D('',#14596,#11930,#11931);
#9875=AXIS2_PLACEMENT_3D('',#14602,#11935,#11936);
#9876=AXIS2_PLACEMENT_3D('',#14604,#11937,#11938);
#9877=AXIS2_PLACEMENT_3D('',#14606,#11940,#11941);
#9878=AXIS2_PLACEMENT_3D('',#14610,#11944,#11945);
#9879=AXIS2_PLACEMENT_3D('',#14612,#11946,#11947);
#9880=AXIS2_PLACEMENT_3D('',#14614,#11949,#11950);
#9881=AXIS2_PLACEMENT_3D('',#14618,#11953,#11954);
#9882=AXIS2_PLACEMENT_3D('',#14620,#11955,#11956);
#9883=AXIS2_PLACEMENT_3D('',#14622,#11958,#11959);
#9884=AXIS2_PLACEMENT_3D('',#14626,#11962,#11963);
#9885=AXIS2_PLACEMENT_3D('',#14627,#11964,#11965);
#9886=AXIS2_PLACEMENT_3D('',#14628,#11966,#11967);
#9887=AXIS2_PLACEMENT_3D('',#14629,#11968,#11969);
#9888=AXIS2_PLACEMENT_3D('',#14630,#11970,#11971);
#9889=AXIS2_PLACEMENT_3D('',#14632,#11973,#11974);
#9890=AXIS2_PLACEMENT_3D('',#14665,#11975,#11976);
#9891=AXIS2_PLACEMENT_3D('',#14667,#11977,#11978);
#9892=AXIS2_PLACEMENT_3D('',#14668,#11979,#11980);
#9893=AXIS2_PLACEMENT_3D('',#14701,#11981,#11982);
#9894=AXIS2_PLACEMENT_3D('',#14703,#11983,#11984);
#9895=AXIS2_PLACEMENT_3D('',#14704,#11985,#11986);
#9896=AXIS2_PLACEMENT_3D('',#14737,#11987,#11988);
#9897=AXIS2_PLACEMENT_3D('',#14739,#11989,#11990);
#9898=AXIS2_PLACEMENT_3D('',#14740,#11991,#11992);
#9899=AXIS2_PLACEMENT_3D('',#14773,#11993,#11994);
#9900=AXIS2_PLACEMENT_3D('',#14775,#11995,#11996);
#9901=AXIS2_PLACEMENT_3D('',#14776,#11997,#11998);
#9902=AXIS2_PLACEMENT_3D('',#14777,#11999,#12000);
#9903=AXIS2_PLACEMENT_3D('',#14780,#12003,#12004);
#9904=AXIS2_PLACEMENT_3D('',#14783,#12007,#12008);
#9905=AXIS2_PLACEMENT_3D('',#14786,#12011,#12012);
#9906=AXIS2_PLACEMENT_3D('',#14789,#12015,#12016);
#9907=AXIS2_PLACEMENT_3D('',#14795,#12020,#12021);
#9908=AXIS2_PLACEMENT_3D('',#14798,#12023,#12024);
#9909=AXIS2_PLACEMENT_3D('',#14799,#12025,#12026);
#9910=AXIS2_PLACEMENT_3D('',#14803,#12029,#12030);
#9911=AXIS2_PLACEMENT_3D('',#14806,#12032,#12033);
#9912=AXIS2_PLACEMENT_3D('',#14807,#12034,#12035);
#9913=AXIS2_PLACEMENT_3D('',#14808,#12036,#12037);
#9914=AXIS2_PLACEMENT_3D('',#14813,#12039,#12040);
#9915=AXIS2_PLACEMENT_3D('',#14817,#12042,#12043);
#9916=AXIS2_PLACEMENT_3D('',#14821,#12045,#12046);
#9917=AXIS2_PLACEMENT_3D('',#14824,#12048,#12049);
#9918=AXIS2_PLACEMENT_3D('',#14827,#12050,#12051);
#9919=AXIS2_PLACEMENT_3D('',#14831,#12053,#12054);
#9920=AXIS2_PLACEMENT_3D('',#14835,#12056,#12057);
#9921=AXIS2_PLACEMENT_3D('',#14839,#12059,#12060);
#9922=AXIS2_PLACEMENT_3D('',#14841,#12062,#12063);
#9923=AXIS2_PLACEMENT_3D('',#14845,#12065,#12066);
#9924=AXIS2_PLACEMENT_3D('',#14847,#12068,#12069);
#9925=AXIS2_PLACEMENT_3D('',#14851,#12072,#12073);
#9926=AXIS2_PLACEMENT_3D('',#14853,#12074,#12075);
#9927=AXIS2_PLACEMENT_3D('',#14855,#12077,#12078);
#9928=AXIS2_PLACEMENT_3D('',#14859,#12081,#12082);
#9929=AXIS2_PLACEMENT_3D('',#14861,#12083,#12084);
#9930=AXIS2_PLACEMENT_3D('',#14863,#12086,#12087);
#9931=AXIS2_PLACEMENT_3D('',#14867,#12090,#12091);
#9932=AXIS2_PLACEMENT_3D('',#14869,#12092,#12093);
#9933=AXIS2_PLACEMENT_3D('',#14871,#12095,#12096);
#9934=AXIS2_PLACEMENT_3D('',#14873,#12098,#12099);
#9935=AXIS2_PLACEMENT_3D('',#14874,#12100,#12101);
#9936=AXIS2_PLACEMENT_3D('',#14878,#12103,#12104);
#9937=AXIS2_PLACEMENT_3D('',#14880,#12106,#12107);
#9938=AXIS2_PLACEMENT_3D('',#14881,#12108,#12109);
#9939=AXIS2_PLACEMENT_3D('',#14882,#12110,#12111);
#9940=AXIS2_PLACEMENT_3D('',#14883,#12112,#12113);
#9941=AXIS2_PLACEMENT_3D('',#14887,#12116,#12117);
#9942=AXIS2_PLACEMENT_3D('',#14888,#12118,#12119);
#9943=AXIS2_PLACEMENT_3D('',#14889,#12120,#12121);
#9944=AXIS2_PLACEMENT_3D('',#14892,#12123,#12124);
#9945=AXIS2_PLACEMENT_3D('',#14893,#12125,#12126);
#9946=AXIS2_PLACEMENT_3D('',#14894,#12127,#12128);
#9947=AXIS2_PLACEMENT_3D('',#14895,#12129,#12130);
#9948=AXIS2_PLACEMENT_3D('',#14899,#12133,#12134);
#9949=AXIS2_PLACEMENT_3D('',#14900,#12135,#12136);
#9950=AXIS2_PLACEMENT_3D('',#14901,#12137,#12138);
#9951=AXIS2_PLACEMENT_3D('',#14904,#12140,#12141);
#9952=AXIS2_PLACEMENT_3D('',#14905,#12142,#12143);
#9953=AXIS2_PLACEMENT_3D('',#14907,#12144,#12145);
#9954=AXIS2_PLACEMENT_3D('',#14909,#12147,#12148);
#9955=AXIS2_PLACEMENT_3D('',#14910,#12149,#12150);
#9956=AXIS2_PLACEMENT_3D('',#14911,#12151,#12152);
#9957=AXIS2_PLACEMENT_3D('',#14915,#12155,#12156);
#9958=AXIS2_PLACEMENT_3D('',#14919,#12159,#12160);
#9959=AXIS2_PLACEMENT_3D('',#14920,#12161,#12162);
#9960=AXIS2_PLACEMENT_3D('',#14921,#12163,#12164);
#9961=AXIS2_PLACEMENT_3D('',#14924,#12166,#12167);
#9962=AXIS2_PLACEMENT_3D('',#14925,#12168,#12169);
#9963=AXIS2_PLACEMENT_3D('',#14927,#12170,#12171);
#9964=AXIS2_PLACEMENT_3D('',#14929,#12173,#12174);
#9965=AXIS2_PLACEMENT_3D('',#14930,#12175,#12176);
#9966=AXIS2_PLACEMENT_3D('',#14931,#12177,#12178);
#9967=AXIS2_PLACEMENT_3D('',#14933,#12180,#12181);
#9968=AXIS2_PLACEMENT_3D('',#14935,#12183,#12184);
#9969=AXIS2_PLACEMENT_3D('',#14936,#12185,#12186);
#9970=AXIS2_PLACEMENT_3D('',#14938,#12187,#12188);
#9971=AXIS2_PLACEMENT_3D('',#14941,#12190,#12191);
#9972=AXIS2_PLACEMENT_3D('',#14942,#12192,#12193);
#9973=AXIS2_PLACEMENT_3D('',#14952,#12198,#12199);
#9974=AXIS2_PLACEMENT_3D('',#14953,#12200,#12201);
#9975=AXIS2_PLACEMENT_3D('',#14955,#12202,#12203);
#9976=AXIS2_PLACEMENT_3D('',#14957,#12205,#12206);
#9977=AXIS2_PLACEMENT_3D('',#14960,#12208,#12209);
#9978=AXIS2_PLACEMENT_3D('',#14961,#12210,#12211);
#9979=AXIS2_PLACEMENT_3D('',#14963,#12212,#12213);
#9980=AXIS2_PLACEMENT_3D('',#14965,#12215,#12216);
#9981=AXIS2_PLACEMENT_3D('',#14974,#12221,#12222);
#9982=AXIS2_PLACEMENT_3D('',#14980,#12226,#12227);
#9983=AXIS2_PLACEMENT_3D('',#14986,#12230,#12231);
#9984=AXIS2_PLACEMENT_3D('',#15001,#12240,#12241);
#9985=AXIS2_PLACEMENT_3D('',#15007,#12245,#12246);
#9986=AXIS2_PLACEMENT_3D('',#15011,#12249,#12250);
#9987=AXIS2_PLACEMENT_3D('',#15015,#12253,#12254);
#9988=AXIS2_PLACEMENT_3D('',#15021,#12258,#12259);
#9989=AXIS2_PLACEMENT_3D('',#15022,#12260,#12261);
#9990=AXIS2_PLACEMENT_3D('',#15025,#12262,#12263);
#9991=AXIS2_PLACEMENT_3D('',#15029,#12265,#12266);
#9992=AXIS2_PLACEMENT_3D('',#15033,#12268,#12269);
#9993=AXIS2_PLACEMENT_3D('',#15037,#12271,#12272);
#9994=AXIS2_PLACEMENT_3D('',#15039,#12274,#12275);
#9995=AXIS2_PLACEMENT_3D('',#15048,#12280,#12281);
#9996=AXIS2_PLACEMENT_3D('',#15051,#12284,#12285);
#9997=AXIS2_PLACEMENT_3D('',#15057,#12289,#12290);
#9998=AXIS2_PLACEMENT_3D('',#15060,#12293,#12294);
#9999=AXIS2_PLACEMENT_3D('',#15069,#12299,#12300);
#10000=AXIS2_PLACEMENT_3D('',#15072,#12303,#12304);
#10001=AXIS2_PLACEMENT_3D('',#15078,#12308,#12309);
#10002=AXIS2_PLACEMENT_3D('',#15081,#12312,#12313);
#10003=AXIS2_PLACEMENT_3D('',#15082,#12314,#12315);
#10004=AXIS2_PLACEMENT_3D('',#15083,#12316,#12317);
#10005=AXIS2_PLACEMENT_3D('',#15084,#12318,#12319);
#10006=AXIS2_PLACEMENT_3D('',#15085,#12320,#12321);
#10007=AXIS2_PLACEMENT_3D('',#15089,#12324,#12325);
#10008=AXIS2_PLACEMENT_3D('',#15091,#12327,#12328);
#10009=AXIS2_PLACEMENT_3D('',#15095,#12331,#12332);
#10010=AXIS2_PLACEMENT_3D('',#15099,#12335,#12336);
#10011=AXIS2_PLACEMENT_3D('',#15102,#12339,#12340);
#10012=AXIS2_PLACEMENT_3D('',#15103,#12341,#12342);
#10013=AXIS2_PLACEMENT_3D('',#15104,#12343,#12344);
#10014=AXIS2_PLACEMENT_3D('',#15107,#12345,#12346);
#10015=AXIS2_PLACEMENT_3D('',#15111,#12348,#12349);
#10016=AXIS2_PLACEMENT_3D('',#15113,#12351,#12352);
#10017=AXIS2_PLACEMENT_3D('',#15116,#12353,#12354);
#10018=AXIS2_PLACEMENT_3D('',#15120,#12356,#12357);
#10019=AXIS2_PLACEMENT_3D('',#15122,#12359,#12360);
#10020=AXIS2_PLACEMENT_3D('',#15126,#12362,#12363);
#10021=AXIS2_PLACEMENT_3D('',#15128,#12365,#12366);
#10022=AXIS2_PLACEMENT_3D('',#15132,#12369,#12370);
#10023=AXIS2_PLACEMENT_3D('',#15136,#12372,#12373);
#10024=AXIS2_PLACEMENT_3D('',#15138,#12375,#12376);
#10025=AXIS2_PLACEMENT_3D('',#15142,#12379,#12380);
#10026=AXIS2_PLACEMENT_3D('',#15144,#12381,#12382);
#10027=AXIS2_PLACEMENT_3D('',#15147,#12384,#12385);
#10028=AXIS2_PLACEMENT_3D('',#15148,#12386,#12387);
#10029=AXIS2_PLACEMENT_3D('',#15158,#12392,#12393);
#10030=AXIS2_PLACEMENT_3D('',#15159,#12394,#12395);
#10031=AXIS2_PLACEMENT_3D('',#15161,#12396,#12397);
#10032=AXIS2_PLACEMENT_3D('',#15163,#12399,#12400);
#10033=AXIS2_PLACEMENT_3D('',#15166,#12402,#12403);
#10034=AXIS2_PLACEMENT_3D('',#15167,#12404,#12405);
#10035=AXIS2_PLACEMENT_3D('',#15169,#12406,#12407);
#10036=AXIS2_PLACEMENT_3D('',#15171,#12409,#12410);
#10037=AXIS2_PLACEMENT_3D('',#15180,#12415,#12416);
#10038=AXIS2_PLACEMENT_3D('',#15186,#12420,#12421);
#10039=AXIS2_PLACEMENT_3D('',#15203,#12430,#12431);
#10040=AXIS2_PLACEMENT_3D('',#15207,#12434,#12435);
#10041=AXIS2_PLACEMENT_3D('',#15213,#12439,#12440);
#10042=AXIS2_PLACEMENT_3D('',#15217,#12443,#12444);
#10043=AXIS2_PLACEMENT_3D('',#15221,#12447,#12448);
#10044=AXIS2_PLACEMENT_3D('',#15227,#12452,#12453);
#10045=AXIS2_PLACEMENT_3D('',#15228,#12454,#12455);
#10046=AXIS2_PLACEMENT_3D('',#15230,#12456,#12457);
#10047=AXIS2_PLACEMENT_3D('',#15233,#12459,#12460);
#10048=AXIS2_PLACEMENT_3D('',#15235,#12462,#12463);
#10049=AXIS2_PLACEMENT_3D('',#15237,#12465,#12466);
#10050=AXIS2_PLACEMENT_3D('',#15239,#12468,#12469);
#10051=AXIS2_PLACEMENT_3D('',#15240,#12470,#12471);
#10052=AXIS2_PLACEMENT_3D('',#15241,#12472,#12473);
#10053=AXIS2_PLACEMENT_3D('',#15245,#12476,#12477);
#10054=AXIS2_PLACEMENT_3D('',#15247,#12479,#12480);
#10055=AXIS2_PLACEMENT_3D('',#15251,#12483,#12484);
#10056=AXIS2_PLACEMENT_3D('',#15255,#12487,#12488);
#10057=AXIS2_PLACEMENT_3D('',#15258,#12491,#12492);
#10058=AXIS2_PLACEMENT_3D('',#15259,#12493,#12494);
#10059=DIRECTION('axis',(0.,0.,1.));
#10060=DIRECTION('refdir',(1.,0.,0.));
#10061=DIRECTION('center_axis',(-1.,0.,0.));
#10062=DIRECTION('ref_axis',(0.,-1.,0.));
#10063=DIRECTION('',(-1.,0.,0.));
#10064=DIRECTION('center_axis',(1.,-5.94762334620619E-17,0.));
#10065=DIRECTION('ref_axis',(0.,-1.,0.));
#10066=DIRECTION('',(-1.,0.,0.));
#10067=DIRECTION('',(0.,0.,1.));
#10068=DIRECTION('center_axis',(0.,0.,-1.));
#10069=DIRECTION('ref_axis',(1.,0.,0.));
#10070=DIRECTION('center_axis',(0.,0.,1.));
#10071=DIRECTION('ref_axis',(1.,0.,0.));
#10072=DIRECTION('',(0.707106781186548,-8.65956056235494E-17,0.707106781186547));
#10073=DIRECTION('center_axis',(0.,0.,-1.));
#10074=DIRECTION('ref_axis',(1.,0.,0.));
#10075=DIRECTION('center_axis',(0.,0.,1.));
#10076=DIRECTION('ref_axis',(1.,0.,0.));
#10077=DIRECTION('center_axis',(0.,0.707106781186548,0.707106781186547));
#10078=DIRECTION('ref_axis',(1.,0.,0.));
#10079=DIRECTION('',(-1.,0.,0.));
#10080=DIRECTION('',(-3.92523114670944E-16,0.707106781186548,-0.707106781186548));
#10081=DIRECTION('',(1.,0.,0.));
#10082=DIRECTION('',(0.,0.707106781186547,-0.707106781186548));
#10083=DIRECTION('',(-1.,0.,0.));
#10084=DIRECTION('center_axis',(0.,0.,1.));
#10085=DIRECTION('ref_axis',(1.,0.,0.));
#10086=DIRECTION('center_axis',(0.,0.,1.));
#10087=DIRECTION('ref_axis',(1.,0.,0.));
#10088=DIRECTION('',(0.,0.,-1.));
#10089=DIRECTION('center_axis',(0.,0.,-1.));
#10090=DIRECTION('ref_axis',(1.,0.,0.));
#10091=DIRECTION('center_axis',(0.,0.,1.));
#10092=DIRECTION('ref_axis',(1.,0.,0.));
#10093=DIRECTION('',(0.707106781186548,-8.65956056235494E-17,0.707106781186547));
#10094=DIRECTION('center_axis',(0.,0.,-1.));
#10095=DIRECTION('ref_axis',(1.,0.,0.));
#10096=DIRECTION('center_axis',(0.,0.,1.));
#10097=DIRECTION('ref_axis',(1.,0.,0.));
#10098=DIRECTION('center_axis',(0.,-0.707106781186547,0.707106781186548));
#10099=DIRECTION('ref_axis',(1.,0.,0.));
#10100=DIRECTION('',(1.,0.,0.));
#10101=DIRECTION('',(0.,-0.707106781186548,-0.707106781186547));
#10102=DIRECTION('',(-1.,0.,0.));
#10103=DIRECTION('',(1.96261557335472E-15,-0.707106781186548,-0.707106781186547));
#10104=DIRECTION('',(1.,0.,0.));
#10105=DIRECTION('',(1.,0.,0.));
#10106=DIRECTION('center_axis',(0.,0.,1.));
#10107=DIRECTION('ref_axis',(1.,0.,0.));
#10108=DIRECTION('center_axis',(0.,0.,1.));
#10109=DIRECTION('ref_axis',(1.,0.,0.));
#10110=DIRECTION('',(0.,0.,-1.));
#10111=DIRECTION('center_axis',(0.,0.,-1.));
#10112=DIRECTION('ref_axis',(1.,0.,0.));
#10113=DIRECTION('center_axis',(0.,0.,1.));
#10114=DIRECTION('ref_axis',(1.,0.,0.));
#10115=DIRECTION('',(0.707106781186548,-8.65956056235494E-17,0.707106781186547));
#10116=DIRECTION('center_axis',(0.,0.,-1.));
#10117=DIRECTION('ref_axis',(1.,0.,0.));
#10118=DIRECTION('center_axis',(0.,0.,1.));
#10119=DIRECTION('ref_axis',(1.,0.,0.));
#10120=DIRECTION('center_axis',(0.707106781186546,2.46578614764591E-17,
0.707106781186549));
#10121=DIRECTION('ref_axis',(0.707106781186549,0.,-0.707106781186546));
#10122=DIRECTION('',(-3.48714821191256E-17,1.,0.));
#10123=DIRECTION('',(-0.707106781186549,0.,0.707106781186546));
#10124=DIRECTION('',(3.48714821191256E-17,-1.,0.));
#10125=DIRECTION('',(0.707106781186549,1.30841038223648E-16,-0.707106781186546));
#10126=DIRECTION('',(-3.48714821191256E-17,1.,0.));
#10127=DIRECTION('center_axis',(0.,0.,1.));
#10128=DIRECTION('ref_axis',(1.,0.,0.));
#10129=DIRECTION('center_axis',(0.,0.,-1.));
#10130=DIRECTION('ref_axis',(0.,1.,0.));
#10131=DIRECTION('center_axis',(0.,0.,1.));
#10132=DIRECTION('ref_axis',(1.,0.,0.));
#10133=DIRECTION('center_axis',(0.,0.,1.));
#10134=DIRECTION('ref_axis',(1.,0.,0.));
#10135=DIRECTION('',(0.,0.,-1.));
#10136=DIRECTION('center_axis',(-0.707106781186547,0.,0.707106781186548));
#10137=DIRECTION('ref_axis',(0.707106781186548,0.,0.707106781186547));
#10138=DIRECTION('',(0.,-1.,0.));
#10139=DIRECTION('',(0.577350269189626,0.577350269189626,0.577350269189625));
#10140=DIRECTION('',(0.,1.,0.));
#10141=DIRECTION('',(-0.577350269189626,0.577350269189626,-0.577350269189625));
#10142=DIRECTION('center_axis',(0.,-0.707106781186547,0.707106781186548));
#10143=DIRECTION('ref_axis',(1.,0.,0.));
#10144=DIRECTION('',(-1.,0.,0.));
#10145=DIRECTION('',(1.,0.,0.));
#10146=DIRECTION('',(-0.577350269189626,0.577350269189626,0.577350269189625));
#10147=DIRECTION('center_axis',(0.,0.707106781186547,0.707106781186548));
#10148=DIRECTION('ref_axis',(1.,0.,0.));
#10149=DIRECTION('',(-1.,0.,0.));
#10150=DIRECTION('',(1.,0.,0.));
#10151=DIRECTION('',(0.577350269189626,0.577350269189626,-0.577350269189625));
#10152=DIRECTION('center_axis',(0.707106781186547,0.,0.707106781186548));
#10153=DIRECTION('ref_axis',(0.707106781186548,0.,-0.707106781186547));
#10154=DIRECTION('',(0.,1.,0.));
#10155=DIRECTION('',(0.,-1.,0.));
#10156=DIRECTION('center_axis',(0.,1.,0.));
#10157=DIRECTION('ref_axis',(0.,0.,1.));
#10158=DIRECTION('',(0.,0.,-1.));
#10159=DIRECTION('',(1.,0.,0.));
#10160=DIRECTION('',(0.,0.,1.));
#10161=DIRECTION('center_axis',(-1.,0.,0.));
#10162=DIRECTION('ref_axis',(0.,0.,1.));
#10163=DIRECTION('',(0.,0.,1.));
#10164=DIRECTION('',(0.,-1.,0.));
#10165=DIRECTION('',(0.,0.236956180191007,0.97152033878313));
#10166=DIRECTION('',(0.,1.,0.));
#10167=DIRECTION('center_axis',(0.,0.,1.));
#10168=DIRECTION('ref_axis',(1.,0.,0.));
#10169=DIRECTION('center_axis',(0.,0.,-1.));
#10170=DIRECTION('ref_axis',(-3.55271367880052E-14,-1.,0.));
#10171=DIRECTION('',(3.62521803959235E-16,-1.,0.));
#10172=DIRECTION('center_axis',(0.,0.,-1.));
#10173=DIRECTION('ref_axis',(1.,0.,0.));
#10174=DIRECTION('center_axis',(0.,0.,-1.));
#10175=DIRECTION('ref_axis',(-1.,-3.46944695195361E-15,0.));
#10176=DIRECTION('',(1.,0.,0.));
#10177=DIRECTION('',(0.,-1.,0.));
#10178=DIRECTION('',(-1.,0.,0.));
#10179=DIRECTION('',(0.,1.,0.));
#10180=DIRECTION('',(0.,1.,0.));
#10181=DIRECTION('',(1.,0.,0.));
#10182=DIRECTION('',(0.,-1.,0.));
#10183=DIRECTION('',(-1.,0.,0.));
#10184=DIRECTION('',(0.,1.,0.));
#10185=DIRECTION('',(1.,0.,0.));
#10186=DIRECTION('',(0.,-1.,0.));
#10187=DIRECTION('',(-1.,0.,0.));
#10188=DIRECTION('center_axis',(0.,-0.707106781186547,0.707106781186548));
#10189=DIRECTION('ref_axis',(1.,0.,0.));
#10190=DIRECTION('',(-0.577350269189626,0.577350269189626,0.577350269189625));
#10191=DIRECTION('',(-1.,0.,0.));
#10192=DIRECTION('',(-0.577350269189626,-0.577350269189626,-0.577350269189625));
#10193=DIRECTION('center_axis',(0.707106781186547,0.,0.707106781186548));
#10194=DIRECTION('ref_axis',(0.707106781186548,0.,-0.707106781186547));
#10195=DIRECTION('',(0.,-1.,0.));
#10196=DIRECTION('',(0.577350269189626,0.577350269189626,-0.577350269189625));
#10197=DIRECTION('center_axis',(-0.707106781186547,0.,0.707106781186548));
#10198=DIRECTION('ref_axis',(0.707106781186548,0.,0.707106781186547));
#10199=DIRECTION('',(0.,1.,0.));
#10200=DIRECTION('',(-0.577350269189626,0.577350269189626,-0.577350269189625));
#10201=DIRECTION('center_axis',(0.,0.707106781186547,0.707106781186548));
#10202=DIRECTION('ref_axis',(1.,0.,0.));
#10203=DIRECTION('',(1.,0.,0.));
#10204=DIRECTION('center_axis',(-1.,0.,0.));
#10205=DIRECTION('ref_axis',(0.,-1.,0.));
#10206=DIRECTION('',(0.,0.,1.));
#10207=DIRECTION('',(0.,-1.,0.));
#10208=DIRECTION('',(0.,0.,1.));
#10209=DIRECTION('center_axis',(0.,-1.,0.));
#10210=DIRECTION('ref_axis',(1.,0.,0.));
#10211=DIRECTION('',(0.,0.,1.));
#10212=DIRECTION('',(1.,0.,0.));
#10213=DIRECTION('center_axis',(0.707106781186547,0.,0.707106781186548));
#10214=DIRECTION('ref_axis',(0.707106781186548,0.,-0.707106781186547));
#10215=DIRECTION('',(-0.577350269189626,-0.577350269189626,0.577350269189625));
#10216=DIRECTION('',(0.,-1.,0.));
#10217=DIRECTION('',(0.577350269189626,-0.577350269189626,-0.577350269189625));
#10218=DIRECTION('center_axis',(0.,0.707106781186547,0.707106781186548));
#10219=DIRECTION('ref_axis',(1.,0.,0.));
#10220=DIRECTION('',(1.,0.,0.));
#10221=DIRECTION('',(-0.577350269189626,0.577350269189626,-0.577350269189625));
#10222=DIRECTION('center_axis',(0.,-0.707106781186547,0.707106781186548));
#10223=DIRECTION('ref_axis',(1.,0.,0.));
#10224=DIRECTION('',(-1.,0.,0.));
#10225=DIRECTION('',(-0.577350269189626,-0.577350269189626,-0.577350269189625));
#10226=DIRECTION('center_axis',(-0.707106781186547,0.,0.707106781186548));
#10227=DIRECTION('ref_axis',(0.707106781186548,0.,0.707106781186547));
#10228=DIRECTION('',(0.,1.,0.));
#10229=DIRECTION('center_axis',(0.,-1.,0.));
#10230=DIRECTION('ref_axis',(1.,0.,0.));
#10231=DIRECTION('',(0.,0.,1.));
#10232=DIRECTION('',(1.,0.,0.));
#10233=DIRECTION('',(0.,0.,1.));
#10234=DIRECTION('center_axis',(1.,0.,0.));
#10235=DIRECTION('ref_axis',(0.,1.,0.));
#10236=DIRECTION('',(0.,0.,1.));
#10237=DIRECTION('',(0.,1.,0.));
#10238=DIRECTION('center_axis',(-0.707106781186543,0.,0.707106781186552));
#10239=DIRECTION('ref_axis',(0.707106781186552,0.,0.707106781186543));
#10240=DIRECTION('',(0.,1.,0.));
#10241=DIRECTION('',(-0.577350269189631,0.577350269189623,-0.577350269189623));
#10242=DIRECTION('',(0.577350269189631,0.577350269189624,0.577350269189623));
#10243=DIRECTION('center_axis',(0.707106781186543,0.,0.707106781186552));
#10244=DIRECTION('ref_axis',(0.707106781186552,0.,-0.707106781186543));
#10245=DIRECTION('',(-0.577350269189631,-0.577350269189623,0.577350269189623));
#10246=DIRECTION('',(0.,-1.,0.));
#10247=DIRECTION('',(-0.577350269189631,0.577350269189624,0.577350269189623));
#10248=DIRECTION('center_axis',(0.,0.707106781186547,0.707106781186548));
#10249=DIRECTION('ref_axis',(1.,0.,0.));
#10250=DIRECTION('',(1.,0.,0.));
#10251=DIRECTION('center_axis',(0.,-0.707106781186547,0.707106781186548));
#10252=DIRECTION('ref_axis',(1.,0.,0.));
#10253=DIRECTION('',(-1.,0.,0.));
#10254=DIRECTION('center_axis',(0.,-1.,0.));
#10255=DIRECTION('ref_axis',(1.,0.,0.));
#10256=DIRECTION('',(0.,0.,1.));
#10257=DIRECTION('',(-1.,0.,0.));
#10258=DIRECTION('',(0.,0.,1.));
#10259=DIRECTION('',(1.,0.,0.));
#10260=DIRECTION('',(0.,0.,-1.));
#10261=DIRECTION('',(-1.,0.,0.));
#10262=DIRECTION('',(0.,0.,1.));
#10263=DIRECTION('center_axis',(1.,0.,0.));
#10264=DIRECTION('ref_axis',(0.,1.,0.));
#10265=DIRECTION('',(0.,0.,1.));
#10266=DIRECTION('',(0.,1.,0.));
#10267=DIRECTION('',(0.,0.,1.));
#10268=DIRECTION('',(0.,1.,0.));
#10269=DIRECTION('',(0.,-0.429933544283792,0.90286053601848));
#10270=DIRECTION('',(0.,-1.,0.));
#10271=DIRECTION('center_axis',(0.,0.,1.));
#10272=DIRECTION('ref_axis',(-1.,-3.46944695195361E-15,0.));
#10273=DIRECTION('center_axis',(0.,0.,1.));
#10274=DIRECTION('ref_axis',(-1.,-3.46944695195361E-15,0.));
#10275=DIRECTION('center_axis',(0.,0.,1.));
#10276=DIRECTION('ref_axis',(-3.55271367880052E-14,-1.,0.));
#10277=DIRECTION('',(-0.707106781186544,-4.0560721849331E-15,-0.707106781186551));
#10278=DIRECTION('center_axis',(0.,0.,1.));
#10279=DIRECTION('ref_axis',(-3.55271367880052E-14,-1.,0.));
#10280=DIRECTION('center_axis',(-0.707106781186551,-2.56341625907556E-16,
0.707106781186544));
#10281=DIRECTION('ref_axis',(0.707106781186544,0.,0.707106781186551));
#10282=DIRECTION('',(-0.707106781186544,0.,-0.707106781186551));
#10283=DIRECTION('',(-3.62521803959235E-16,1.,0.));
#10284=DIRECTION('center_axis',(0.,0.,1.));
#10285=DIRECTION('ref_axis',(1.,0.,0.));
#10286=DIRECTION('center_axis',(0.,0.,1.));
#10287=DIRECTION('ref_axis',(1.,0.,0.));
#10288=DIRECTION('center_axis',(0.,0.,1.));
#10289=DIRECTION('ref_axis',(0.,1.,0.));
#10290=DIRECTION('center_axis',(0.,0.,1.));
#10291=DIRECTION('ref_axis',(0.,1.,0.));
#10292=DIRECTION('center_axis',(0.,0.,1.));
#10293=DIRECTION('ref_axis',(-3.55271367880052E-14,-1.,0.));
#10294=DIRECTION('',(0.,0.,1.));
#10295=DIRECTION('center_axis',(0.,0.,1.));
#10296=DIRECTION('ref_axis',(-3.55271367880052E-14,-1.,0.));
#10297=DIRECTION('',(0.,0.,1.));
#10298=DIRECTION('center_axis',(0.,1.,0.));
#10299=DIRECTION('ref_axis',(-1.,0.,0.));
#10300=DIRECTION('',(0.,0.,1.));
#10301=DIRECTION('',(1.,-3.44789759200373E-18,0.));
#10302=DIRECTION('',(0.397593098176709,0.,0.917561838941794));
#10303=DIRECTION('',(0.,0.,1.));
#10304=DIRECTION('',(-1.,0.,0.));
#10305=DIRECTION('',(-0.397593098176709,0.,-0.917561838941794));
#10306=DIRECTION('',(1.,0.,0.));
#10307=DIRECTION('',(0.397593098176709,0.,0.917561838941794));
#10308=DIRECTION('',(-1.,0.,0.));
#10309=DIRECTION('',(-0.397593098176709,0.,-0.917561838941794));
#10310=DIRECTION('',(1.,0.,0.));
#10311=DIRECTION('',(0.397593098176709,0.,0.917561838941794));
#10312=DIRECTION('',(-1.,0.,0.));
#10313=DIRECTION('',(-0.397593098176709,0.,-0.917561838941794));
#10314=DIRECTION('',(1.,0.,0.));
#10315=DIRECTION('',(0.397593098176709,0.,0.917561838941794));
#10316=DIRECTION('',(-1.,0.,0.));
#10317=DIRECTION('',(-0.397593098176709,0.,-0.917561838941794));
#10318=DIRECTION('',(1.,0.,0.));
#10319=DIRECTION('',(0.397593098176709,0.,0.917561838941794));
#10320=DIRECTION('',(-1.,0.,0.));
#10321=DIRECTION('',(-0.397593098176709,0.,-0.917561838941794));
#10322=DIRECTION('',(1.,0.,0.));
#10323=DIRECTION('',(0.397593098176709,0.,0.917561838941794));
#10324=DIRECTION('',(-1.,0.,0.));
#10325=DIRECTION('',(-0.397593098176709,0.,-0.917561838941794));
#10326=DIRECTION('',(1.,0.,0.));
#10327=DIRECTION('',(0.397593098176709,0.,0.917561838941794));
#10328=DIRECTION('',(-1.,0.,0.));
#10329=DIRECTION('',(-0.397593098176709,0.,-0.917561838941794));
#10330=DIRECTION('',(1.,0.,0.));
#10331=DIRECTION('',(0.397593098176709,0.,0.917561838941794));
#10332=DIRECTION('',(-1.,0.,0.));
#10333=DIRECTION('',(-0.397593098176709,0.,-0.917561838941794));
#10334=DIRECTION('',(1.,0.,0.));
#10335=DIRECTION('',(0.397593098176709,0.,0.917561838941794));
#10336=DIRECTION('',(-1.,0.,0.));
#10337=DIRECTION('',(-0.397593098176709,0.,-0.917561838941794));
#10338=DIRECTION('',(1.,0.,0.));
#10339=DIRECTION('',(0.397593098176709,0.,0.917561838941794));
#10340=DIRECTION('',(-1.,0.,0.));
#10341=DIRECTION('',(-0.397593098176709,0.,-0.917561838941794));
#10342=DIRECTION('',(1.,0.,0.));
#10343=DIRECTION('',(0.397593098176709,0.,0.917561838941794));
#10344=DIRECTION('',(-1.,0.,0.));
#10345=DIRECTION('',(-0.397593098176709,0.,-0.917561838941794));
#10346=DIRECTION('',(1.,0.,0.));
#10347=DIRECTION('',(1.,0.,0.));
#10348=DIRECTION('',(0.397593098176709,0.,0.917561838941794));
#10349=DIRECTION('',(-1.,0.,0.));
#10350=DIRECTION('',(-0.397593098176709,0.,-0.917561838941794));
#10351=DIRECTION('',(0.,0.,-1.));
#10352=DIRECTION('',(0.397593098176709,0.,0.917561838941794));
#10353=DIRECTION('',(-1.,0.,0.));
#10354=DIRECTION('',(-0.397593098176709,0.,-0.917561838941794));
#10355=DIRECTION('',(1.,0.,0.));
#10356=DIRECTION('',(0.397593098176709,0.,0.917561838941794));
#10357=DIRECTION('',(-1.,0.,0.));
#10358=DIRECTION('',(-0.397593098176709,0.,-0.917561838941794));
#10359=DIRECTION('',(1.,0.,0.));
#10360=DIRECTION('',(0.397593098176709,0.,0.917561838941794));
#10361=DIRECTION('',(-1.,0.,0.));
#10362=DIRECTION('',(-0.397593098176709,0.,-0.917561838941794));
#10363=DIRECTION('',(1.,0.,0.));
#10364=DIRECTION('center_axis',(0.,0.,1.));
#10365=DIRECTION('ref_axis',(-1.,-3.46944695195361E-15,0.));
#10366=DIRECTION('',(0.,0.,1.));
#10367=DIRECTION('center_axis',(0.,0.,1.));
#10368=DIRECTION('ref_axis',(-1.,-3.46944695195361E-15,0.));
#10369=DIRECTION('center_axis',(1.,3.48714821191256E-17,0.));
#10370=DIRECTION('ref_axis',(-3.48714821191256E-17,1.,0.));
#10371=DIRECTION('',(0.,0.,1.));
#10372=DIRECTION('',(7.22211406325038E-17,-1.,0.));
#10373=DIRECTION('center_axis',(1.,3.48714821191256E-17,0.));
#10374=DIRECTION('ref_axis',(3.48714821191256E-17,-1.,0.));
#10375=DIRECTION('',(1.3810043075713E-17,-0.396026845906235,-0.918238932588659));
#10376=DIRECTION('',(3.48714821191256E-17,-1.,0.));
#10377=DIRECTION('',(0.,0.,1.));
#10378=DIRECTION('',(-1.3810043075713E-17,0.396026845906235,0.918238932588659));
#10379=DIRECTION('',(-3.48714821191256E-17,1.,0.));
#10380=DIRECTION('',(1.3810043075713E-17,-0.396026845906235,-0.918238932588659));
#10381=DIRECTION('',(3.48714821191256E-17,-1.,0.));
#10382=DIRECTION('',(-1.3810043075713E-17,0.396026845906235,0.918238932588659));
#10383=DIRECTION('',(-3.48714821191256E-17,1.,0.));
#10384=DIRECTION('',(1.3810043075713E-17,-0.396026845906235,-0.918238932588659));
#10385=DIRECTION('',(3.48714821191256E-17,-1.,0.));
#10386=DIRECTION('',(-1.3810043075713E-17,0.396026845906235,0.918238932588659));
#10387=DIRECTION('',(-3.48714821191256E-17,1.,0.));
#10388=DIRECTION('',(-3.48714821191256E-17,1.,0.));
#10389=DIRECTION('',(0.,0.,1.));
#10390=DIRECTION('',(-3.48714821191256E-17,1.,0.));
#10391=DIRECTION('',(-1.3810043075713E-17,0.396026845906235,0.918238932588659));
#10392=DIRECTION('',(-3.48714821191256E-17,1.,0.));
#10393=DIRECTION('',(1.3810043075713E-17,-0.396026845906235,-0.918238932588659));
#10394=DIRECTION('',(-3.48714821191256E-17,1.,0.));
#10395=DIRECTION('',(-1.3810043075713E-17,0.396026845906235,0.918238932588659));
#10396=DIRECTION('',(-3.48714821191256E-17,1.,0.));
#10397=DIRECTION('',(1.3810043075713E-17,-0.396026845906235,-0.918238932588659));
#10398=DIRECTION('',(-3.48714821191256E-17,1.,0.));
#10399=DIRECTION('',(0.,0.,-1.));
#10400=DIRECTION('',(-3.48714821191256E-17,1.,0.));
#10401=DIRECTION('',(0.,0.,1.));
#10402=DIRECTION('',(3.48714821191256E-17,-1.,0.));
#10403=DIRECTION('',(0.,0.,-1.));
#10404=DIRECTION('',(3.48714821191256E-17,-1.,0.));
#10405=DIRECTION('',(1.3810043075713E-17,-0.396026845906235,-0.918238932588659));
#10406=DIRECTION('',(3.48714821191256E-17,-1.,0.));
#10407=DIRECTION('',(-1.3810043075713E-17,0.396026845906235,0.918238932588659));
#10408=DIRECTION('',(3.48714821191256E-17,-1.,0.));
#10409=DIRECTION('',(1.3810043075713E-17,-0.396026845906235,-0.918238932588659));
#10410=DIRECTION('',(3.48714821191256E-17,-1.,0.));
#10411=DIRECTION('',(-1.3810043075713E-17,0.396026845906235,0.918238932588659));
#10412=DIRECTION('',(0.,0.,1.));
#10413=DIRECTION('',(3.48714821191256E-17,-1.,0.));
#10414=DIRECTION('',(0.,0.,-1.));
#10415=DIRECTION('center_axis',(-1.,0.,0.));
#10416=DIRECTION('ref_axis',(2.03521012749044E-16,-1.,0.));
#10417=DIRECTION('center_axis',(-1.,-3.62521803959235E-16,0.));
#10418=DIRECTION('ref_axis',(3.62521803959235E-16,-1.,0.));
#10419=DIRECTION('',(0.70710678118655,-0.707106781186545,8.6595605623549E-17));
#10420=DIRECTION('center_axis',(1.,3.62521803959235E-16,0.));
#10421=DIRECTION('ref_axis',(0.,-1.,0.));
#10422=DIRECTION('center_axis',(-1.,0.,0.));
#10423=DIRECTION('ref_axis',(0.,-1.,0.));
#10424=DIRECTION('',(-1.,0.,0.));
#10425=DIRECTION('center_axis',(-1.,-3.62521816192873E-16,0.));
#10426=DIRECTION('ref_axis',(0.,-1.,0.));
#10427=DIRECTION('',(-1.,0.,0.));
#10428=DIRECTION('center_axis',(1.,-5.94762334620619E-17,0.));
#10429=DIRECTION('ref_axis',(0.,-1.,0.));
#10430=DIRECTION('center_axis',(-1.,2.42509669034505E-13,0.));
#10431=DIRECTION('ref_axis',(0.,-1.,0.));
#10432=DIRECTION('',(1.,0.,0.));
#10433=DIRECTION('center_axis',(1.,-2.42509759376412E-13,0.));
#10434=DIRECTION('ref_axis',(0.,-1.,0.));
#10435=DIRECTION('',(-1.,0.,0.));
#10436=DIRECTION('center_axis',(-1.,2.4254667646149E-13,0.));
#10437=DIRECTION('ref_axis',(0.,-1.,0.));
#10438=DIRECTION('',(1.,0.,0.));
#10439=DIRECTION('center_axis',(1.,-2.42546766817184E-13,0.));
#10440=DIRECTION('ref_axis',(0.,-1.,0.));
#10441=DIRECTION('',(-1.,0.,0.));
#10442=DIRECTION('center_axis',(-1.,-3.62521803959235E-16,0.));
#10443=DIRECTION('ref_axis',(3.62521803959235E-16,-1.,0.));
#10444=DIRECTION('',(-3.62521803959234E-16,1.,0.));
#10445=DIRECTION('',(0.,0.,1.));
#10446=DIRECTION('',(-1.43568366594214E-16,0.396026845906235,0.918238932588659));
#10447=DIRECTION('',(3.62521803959235E-16,-1.,0.));
#10448=DIRECTION('',(1.43568366594214E-16,-0.396026845906235,-0.918238932588659));
#10449=DIRECTION('',(0.,0.,-1.));
#10450=DIRECTION('',(-3.62521803959235E-16,1.,0.));
#10451=DIRECTION('',(-1.43568366594214E-16,0.396026845906235,0.918238932588659));
#10452=DIRECTION('',(3.62521803959235E-16,-1.,0.));
#10453=DIRECTION('',(1.43568366594214E-16,-0.396026845906235,-0.918238932588659));
#10454=DIRECTION('',(-3.62521803959235E-16,1.,0.));
#10455=DIRECTION('',(-1.43568366594214E-16,0.396026845906235,0.918238932588659));
#10456=DIRECTION('',(3.62521803959235E-16,-1.,0.));
#10457=DIRECTION('',(1.43568366594214E-16,-0.396026845906235,-0.918238932588659));
#10458=DIRECTION('',(-3.62521803959235E-16,1.,0.));
#10459=DIRECTION('',(-1.43568366594214E-16,0.396026845906235,0.918238932588659));
#10460=DIRECTION('',(3.62521803959235E-16,-1.,0.));
#10461=DIRECTION('',(1.43568366594214E-16,-0.396026845906235,-0.918238932588659));
#10462=DIRECTION('',(-3.62521803959235E-16,1.,0.));
#10463=DIRECTION('',(-1.43568366594214E-16,0.396026845906235,0.918238932588659));
#10464=DIRECTION('',(3.62521803959235E-16,-1.,0.));
#10465=DIRECTION('',(1.43568366594214E-16,-0.396026845906235,-0.918238932588659));
#10466=DIRECTION('',(-3.62521803959235E-16,1.,0.));
#10467=DIRECTION('center_axis',(0.707106781186543,-0.707106781186552,-3.92523114670946E-16));
#10468=DIRECTION('ref_axis',(-5.55111512312586E-16,0.,-1.));
#10469=DIRECTION('',(2.01240033633128E-31,-5.55111512312578E-16,1.));
#10470=DIRECTION('',(-0.707106781186552,-0.707106781186543,7.85046229341882E-17));
#10471=DIRECTION('',(-0.368203991666401,-0.368203991666396,-0.853728083784211));
#10472=DIRECTION('',(-2.01240033633128E-31,5.55111512312578E-16,-1.));
#10473=DIRECTION('',(0.577350269189624,0.577350269189627,0.577350269189626));
#10474=DIRECTION('center_axis',(0.707106781186543,2.56341634558042E-16,
-0.707106781186553));
#10475=DIRECTION('ref_axis',(-0.707106781186553,0.,-0.707106781186543));
#10476=DIRECTION('',(-3.62521816192873E-16,1.,0.));
#10477=DIRECTION('',(0.577350269189632,-0.577350269189622,0.577350269189624));
#10478=DIRECTION('',(3.62521816192873E-16,-1.,0.));
#10479=DIRECTION('center_axis',(0.707106781186541,0.707106781186554,0.));
#10480=DIRECTION('ref_axis',(0.,0.,-1.));
#10481=DIRECTION('',(0.,0.,1.));
#10482=DIRECTION('',(0.707106781186554,-0.707106781186541,7.8504622934188E-17));
#10483=DIRECTION('',(0.,0.,-1.));
#10484=DIRECTION('center_axis',(0.,1.,5.55111512312578E-16));
#10485=DIRECTION('ref_axis',(-3.30159419037812E-32,-5.55111512312578E-16,
1.));
#10486=DIRECTION('',(1.,0.,0.));
#10487=DIRECTION('',(-3.30159419037812E-32,-5.55111512312578E-16,1.));
#10488=DIRECTION('',(1.,0.,0.));
#10489=DIRECTION('center_axis',(0.,0.,1.));
#10490=DIRECTION('ref_axis',(-5.94762334620619E-17,-1.,0.));
#10491=DIRECTION('',(1.,0.,0.));
#10492=DIRECTION('',(-5.94762334620619E-17,-1.,0.));
#10493=DIRECTION('center_axis',(0.,0.,-1.));
#10494=DIRECTION('ref_axis',(-1.,0.,0.));
#10495=DIRECTION('center_axis',(0.,0.,-1.));
#10496=DIRECTION('ref_axis',(-1.,0.,0.));
#10497=DIRECTION('center_axis',(0.,-1.,0.));
#10498=DIRECTION('ref_axis',(0.,0.,-1.));
#10499=DIRECTION('',(1.,0.,0.));
#10500=DIRECTION('',(0.,0.,-1.));
#10501=DIRECTION('center_axis',(1.,0.,0.));
#10502=DIRECTION('ref_axis',(0.,-1.,0.));
#10503=DIRECTION('center_axis',(-0.707106781186546,1.71480295358979E-13,
-0.707106781186549));
#10504=DIRECTION('ref_axis',(0.707106781186549,0.,-0.707106781186546));
#10505=DIRECTION('center_axis',(-1.,2.42509759376412E-13,0.));
#10506=DIRECTION('ref_axis',(0.,-1.,0.));
#10507=DIRECTION('center_axis',(-0.707106781186546,1.71480295358979E-13,
-0.707106781186549));
#10508=DIRECTION('ref_axis',(0.707106781186549,0.,-0.707106781186546));
#10509=DIRECTION('center_axis',(0.707106781186546,-1.71480231477603E-13,
-0.707106781186549));
#10510=DIRECTION('ref_axis',(-0.707106781186549,0.,-0.707106781186546));
#10511=DIRECTION('center_axis',(1.,-2.42509669034505E-13,0.));
#10512=DIRECTION('ref_axis',(0.,-1.,0.));
#10513=DIRECTION('center_axis',(0.707106781186546,-1.71480231477603E-13,
-0.707106781186549));
#10514=DIRECTION('ref_axis',(-0.707106781186549,0.,-0.707106781186546));
#10515=DIRECTION('center_axis',(1.,0.,0.));
#10516=DIRECTION('ref_axis',(0.,-1.,0.));
#10517=DIRECTION('center_axis',(-0.707106781186546,1.71506463571303E-13,
-0.707106781186549));
#10518=DIRECTION('ref_axis',(0.707106781186549,0.,-0.707106781186546));
#10519=DIRECTION('center_axis',(-1.,2.42546766817184E-13,0.));
#10520=DIRECTION('ref_axis',(0.,-1.,0.));
#10521=DIRECTION('center_axis',(-0.707106781186546,1.71506463571303E-13,
-0.707106781186549));
#10522=DIRECTION('ref_axis',(0.707106781186549,0.,-0.707106781186546));
#10523=DIRECTION('center_axis',(0.707106781186546,-1.71506399680179E-13,
-0.707106781186549));
#10524=DIRECTION('ref_axis',(-0.707106781186549,0.,-0.707106781186546));
#10525=DIRECTION('center_axis',(1.,-2.4254667646149E-13,0.));
#10526=DIRECTION('ref_axis',(0.,-1.,0.));
#10527=DIRECTION('center_axis',(0.707106781186546,-1.71506399680179E-13,
-0.707106781186549));
#10528=DIRECTION('ref_axis',(-0.707106781186549,0.,-0.707106781186546));
#10529=DIRECTION('center_axis',(0.707106781186546,-1.71506399680179E-13,
-0.707106781186549));
#10530=DIRECTION('ref_axis',(-0.707106781186549,0.,-0.707106781186546));
#10531=DIRECTION('',(2.4254667646149E-13,1.,0.));
#10532=DIRECTION('',(0.545947266335076,-0.635518028668228,0.545947266335227));
#10533=DIRECTION('',(-2.4254667646149E-13,-1.,0.));
#10534=DIRECTION('center_axis',(0.707106781186546,-1.71506399680179E-13,
-0.707106781186549));
#10535=DIRECTION('ref_axis',(-0.707106781186549,0.,-0.707106781186546));
#10536=DIRECTION('',(-2.4254667646149E-13,-1.,0.));
#10537=DIRECTION('',(-0.545947266335292,-0.635518028668121,-0.545947266335135));
#10538=DIRECTION('',(2.4254667646149E-13,1.,0.));
#10539=DIRECTION('center_axis',(-1.,2.42546766817184E-13,0.));
#10540=DIRECTION('ref_axis',(2.42546766817184E-13,1.,0.));
#10541=DIRECTION('',(-2.42546766817184E-13,-1.,0.));
#10542=DIRECTION('',(-1.8398095969732E-13,-0.758538083651277,0.651628709964999));
#10543=DIRECTION('',(-1.8398095969732E-13,-0.758538083651277,-0.651628709964999));
#10544=DIRECTION('',(-2.42546766817184E-13,-1.,0.));
#10545=DIRECTION('center_axis',(-0.707106781186546,1.71506463571303E-13,
-0.707106781186549));
#10546=DIRECTION('ref_axis',(-0.707106781186549,0.,0.707106781186546));
#10547=DIRECTION('',(0.545947266335292,0.635518028668121,-0.545947266335135));
#10548=DIRECTION('center_axis',(-0.707106781186546,1.71506463571303E-13,
-0.707106781186549));
#10549=DIRECTION('ref_axis',(-0.707106781186549,0.,0.707106781186546));
#10550=DIRECTION('',(-0.545947266335076,0.635518028668228,0.545947266335227));
#10551=DIRECTION('center_axis',(0.707106781186546,-1.71480231477603E-13,
-0.707106781186549));
#10552=DIRECTION('ref_axis',(-0.707106781186549,0.,-0.707106781186546));
#10553=DIRECTION('',(2.42509669034505E-13,1.,0.));
#10554=DIRECTION('',(0.545947266335075,-0.635518028668228,0.545947266335227));
#10555=DIRECTION('',(-2.42509669034505E-13,-1.,0.));
#10556=DIRECTION('center_axis',(0.707106781186546,-1.71480231477603E-13,
-0.707106781186549));
#10557=DIRECTION('ref_axis',(-0.707106781186549,0.,-0.707106781186546));
#10558=DIRECTION('',(-2.42509669034505E-13,-1.,0.));
#10559=DIRECTION('',(-0.545947266335292,-0.635518028668121,-0.545947266335136));
#10560=DIRECTION('',(2.42509669034505E-13,1.,0.));
#10561=DIRECTION('center_axis',(-1.,2.42509759376412E-13,0.));
#10562=DIRECTION('ref_axis',(2.42509759376412E-13,1.,0.));
#10563=DIRECTION('',(-2.42509759376412E-13,-1.,0.));
#10564=DIRECTION('',(-1.83952888144116E-13,-0.758538083651277,0.651628709964999));
#10565=DIRECTION('',(-1.83952888144116E-13,-0.758538083651277,-0.651628709964999));
#10566=DIRECTION('',(-2.42509759376412E-13,-1.,0.));
#10567=DIRECTION('center_axis',(-0.707106781186546,1.71480295358979E-13,
-0.707106781186549));
#10568=DIRECTION('ref_axis',(-0.707106781186549,0.,0.707106781186546));
#10569=DIRECTION('',(0.545947266335292,0.635518028668121,-0.545947266335136));
#10570=DIRECTION('center_axis',(-0.707106781186546,1.71480295358979E-13,
-0.707106781186549));
#10571=DIRECTION('ref_axis',(-0.707106781186549,0.,0.707106781186546));
#10572=DIRECTION('',(-0.545947266335075,0.635518028668228,0.545947266335227));
#10573=DIRECTION('center_axis',(1.,0.,0.));
#10574=DIRECTION('ref_axis',(-3.24415818883974E-17,1.83697019872103E-16,
-1.));
#10575=DIRECTION('',(-0.707106781186549,0.70710642269376,-0.000712028954263702));
#10576=DIRECTION('center_axis',(-1.,5.94762334620619E-17,0.));
#10577=DIRECTION('ref_axis',(-5.94762334620619E-17,-1.,0.));
#10578=DIRECTION('center_axis',(-0.707106781186546,0.707106781186549,0.));
#10579=DIRECTION('ref_axis',(0.,0.,1.));
#10580=DIRECTION('',(0.,0.,-1.));
#10581=DIRECTION('',(0.707106781186549,0.707106781186546,-7.85046229341885E-17));
#10582=DIRECTION('',(0.,0.,1.));
#10583=DIRECTION('center_axis',(-0.707106781186546,-0.707106422693763,0.000712028954263502));
#10584=DIRECTION('ref_axis',(0.00100696049340781,0.,0.999999493015154));
#10585=DIRECTION('',(-0.707106601940088,0.707106960432962,-7.85046428345383E-17));
#10586=DIRECTION('',(5.98902477564437E-20,0.00100696100392177,0.99999949301464));
#10587=DIRECTION('',(-5.98902477564437E-20,-0.00100696100392177,-0.99999949301464));
#10588=DIRECTION('center_axis',(0.,-1.,0.));
#10589=DIRECTION('ref_axis',(0.,0.,1.));
#10590=DIRECTION('',(0.,0.,1.));
#10591=DIRECTION('',(-1.,0.,0.));
#10592=DIRECTION('center_axis',(0.,0.99999949301464,-0.00100696100392177));
#10593=DIRECTION('ref_axis',(-5.98902477564437E-20,-0.00100696100392177,
-0.99999949301464));
#10594=DIRECTION('',(3.6504533197712E-19,-0.00100696100392177,-0.99999949301464));
#10595=DIRECTION('',(-1.,0.,0.));
#10596=DIRECTION('center_axis',(0.,-1.11022302462516E-16,-1.));
#10597=DIRECTION('ref_axis',(5.94762334620619E-17,1.,-1.11022302462516E-16));
#10598=DIRECTION('',(-3.62521816192873E-16,1.,-1.11022302462516E-16));
#10599=DIRECTION('',(1.,3.65720525758875E-16,-4.06031348275521E-32));
#10600=DIRECTION('',(5.94762334620619E-17,1.,-1.11022302462516E-16));
#10601=DIRECTION('center_axis',(0.,-1.11022302462516E-16,-1.));
#10602=DIRECTION('ref_axis',(1.,0.,0.));
#10603=DIRECTION('center_axis',(0.,0.,1.));
#10604=DIRECTION('ref_axis',(1.,0.,0.));
#10605=DIRECTION('',(0.707106781186549,-8.65956056235495E-17,-0.707106781186546));
#10606=DIRECTION('center_axis',(0.,1.11022302462516E-16,1.));
#10607=DIRECTION('ref_axis',(1.,0.,0.));
#10608=DIRECTION('center_axis',(0.,1.11022302462516E-16,1.));
#10609=DIRECTION('ref_axis',(1.,0.,0.));
#10610=DIRECTION('center_axis',(0.,0.,1.));
#10611=DIRECTION('ref_axis',(-1.,0.,0.));
#10612=DIRECTION('',(0.,0.,-1.));
#10613=DIRECTION('center_axis',(0.,0.,1.));
#10614=DIRECTION('ref_axis',(1.,0.,0.));
#10615=DIRECTION('center_axis',(0.,-1.11022302462516E-16,-1.));
#10616=DIRECTION('ref_axis',(1.,0.,0.));
#10617=DIRECTION('',(0.707106781186555,-8.65956056235503E-17,-0.70710678118654));
#10618=DIRECTION('center_axis',(0.,1.11022302462516E-16,1.));
#10619=DIRECTION('ref_axis',(1.,0.,0.));
#10620=DIRECTION('center_axis',(0.,1.11022302462516E-16,1.));
#10621=DIRECTION('ref_axis',(1.,0.,0.));
#10622=DIRECTION('center_axis',(0.,0.,1.));
#10623=DIRECTION('ref_axis',(-1.,0.,0.));
#10624=DIRECTION('',(0.,0.,-1.));
#10625=DIRECTION('center_axis',(0.,-1.11022302462516E-16,-1.));
#10626=DIRECTION('ref_axis',(5.94762334620619E-17,1.,-1.11022302462516E-16));
#10627=DIRECTION('',(5.94762334620619E-17,1.,-1.11022302462516E-16));
#10628=DIRECTION('',(-3.62521816192873E-16,1.,-1.11022302462516E-16));
#10629=DIRECTION('center_axis',(1.,-2.4254667646149E-13,0.));
#10630=DIRECTION('ref_axis',(-2.4254667646149E-13,-1.,0.));
#10631=DIRECTION('',(1.83980891159085E-13,0.758538083651277,0.651628709964999));
#10632=DIRECTION('',(1.83980891159085E-13,0.758538083651277,-0.651628709964999));
#10633=DIRECTION('center_axis',(1.,-2.42509669034505E-13,0.));
#10634=DIRECTION('ref_axis',(-2.42509669034505E-13,-1.,0.));
#10635=DIRECTION('',(1.83952819616339E-13,0.758538083651277,0.651628709964999));
#10636=DIRECTION('',(1.83952819616339E-13,0.758538083651277,-0.651628709964999));
#10637=DIRECTION('center_axis',(0.,0.651628709964999,-0.758538083651277));
#10638=DIRECTION('ref_axis',(-1.,0.,0.));
#10639=DIRECTION('center_axis',(0.,-0.651628709964999,-0.758538083651277));
#10640=DIRECTION('ref_axis',(-1.,0.,0.));
#10641=DIRECTION('center_axis',(0.,0.651628709964999,-0.758538083651277));
#10642=DIRECTION('ref_axis',(-1.,0.,0.));
#10643=DIRECTION('center_axis',(0.,-0.651628709964999,-0.758538083651277));
#10644=DIRECTION('ref_axis',(-1.,0.,0.));
#10645=DIRECTION('center_axis',(-1.,5.94762334620619E-17,0.));
#10646=DIRECTION('ref_axis',(-5.94762334620619E-17,-1.,0.));
#10647=DIRECTION('center_axis',(0.707106781186548,0.707106781186547,0.));
#10648=DIRECTION('ref_axis',(0.,0.,-1.));
#10649=DIRECTION('',(0.707106781186547,-0.707106781186548,0.));
#10650=DIRECTION('',(0.,0.,1.));
#10651=DIRECTION('',(-0.707106781186547,0.707106781186548,0.));
#10652=DIRECTION('center_axis',(0.,-1.,0.));
#10653=DIRECTION('ref_axis',(0.,0.,-1.));
#10654=DIRECTION('',(1.,0.,0.));
#10655=DIRECTION('',(0.,0.,-1.));
#10656=DIRECTION('',(1.,0.,0.));
#10657=DIRECTION('center_axis',(0.707106781186546,-0.707106781186549,0.));
#10658=DIRECTION('ref_axis',(0.,0.,-1.));
#10659=DIRECTION('',(0.707106781186549,0.707106781186546,0.));
#10660=DIRECTION('',(0.,0.,-1.));
#10661=DIRECTION('',(-0.707106781186549,-0.707106781186546,0.));
#10662=DIRECTION('center_axis',(0.,1.,0.));
#10663=DIRECTION('ref_axis',(0.,0.,1.));
#10664=DIRECTION('',(1.,0.,0.));
#10665=DIRECTION('',(0.,0.,1.));
#10666=DIRECTION('',(1.,0.,0.));
#10667=DIRECTION('center_axis',(-0.707106781186546,0.707106781186549,0.));
#10668=DIRECTION('ref_axis',(0.,0.,1.));
#10669=DIRECTION('',(0.,0.,1.));
#10670=DIRECTION('',(0.707106781186549,0.707106781186546,-7.85046229341886E-17));
#10671=DIRECTION('',(0.,0.,-1.));
#10672=DIRECTION('',(-0.577350269189626,-0.577350269189624,0.577350269189627));
#10673=DIRECTION('center_axis',(-0.707106781186547,-4.4058716952861E-17,
-0.707106781186548));
#10674=DIRECTION('ref_axis',(-0.707106781186548,0.,0.707106781186547));
#10675=DIRECTION('',(6.23084350554935E-17,-1.,0.));
#10676=DIRECTION('',(-0.577350269189626,0.577350269189626,0.577350269189626));
#10677=DIRECTION('',(-6.23084350554935E-17,1.,0.));
#10678=DIRECTION('center_axis',(-0.707106781186548,-0.707106781186547,-3.92523114670943E-16));
#10679=DIRECTION('ref_axis',(-5.55111512312577E-16,0.,1.));
#10680=DIRECTION('',(3.4588129613485E-32,-5.55111512312578E-16,1.));
#10681=DIRECTION('',(-0.368203991666397,0.368203991666397,0.853728083784213));
#10682=DIRECTION('',(-0.707106781186547,0.707106781186548,-7.85046229341888E-17));
#10683=DIRECTION('',(-3.4588129613485E-32,5.55111512312578E-16,-1.));
#10684=DIRECTION('center_axis',(0.,1.,0.));
#10685=DIRECTION('ref_axis',(0.,0.,-1.));
#10686=DIRECTION('',(-1.,0.,0.));
#10687=DIRECTION('',(0.,0.,-1.));
#10688=DIRECTION('',(-1.,0.,0.));
#10689=DIRECTION('center_axis',(0.,0.,-1.));
#10690=DIRECTION('ref_axis',(5.94762334620619E-17,-1.,0.));
#10691=DIRECTION('',(-1.,0.,0.));
#10692=DIRECTION('',(5.94762334620619E-17,-1.,0.));
#10693=DIRECTION('center_axis',(0.,0.,1.));
#10694=DIRECTION('ref_axis',(1.,0.,0.));
#10695=DIRECTION('center_axis',(0.,0.,1.));
#10696=DIRECTION('ref_axis',(1.,0.,0.));
#10697=DIRECTION('center_axis',(0.,-1.,-5.55111512312578E-16));
#10698=DIRECTION('ref_axis',(3.30159419037812E-32,-5.55111512312578E-16,
1.));
#10699=DIRECTION('',(-1.,0.,0.));
#10700=DIRECTION('',(3.30159419037812E-32,-5.55111512312578E-16,1.));
#10701=DIRECTION('center_axis',(1.,0.,0.));
#10702=DIRECTION('ref_axis',(2.05126365406621E-17,-1.,0.));
#10703=DIRECTION('',(-0.707106781186546,-0.707106781186549,-8.65956056235496E-17));
#10704=DIRECTION('center_axis',(-1.,-3.48714821191256E-17,0.));
#10705=DIRECTION('ref_axis',(0.,-1.,0.));
#10706=DIRECTION('center_axis',(1.,0.,0.));
#10707=DIRECTION('ref_axis',(0.,-1.,0.));
#10708=DIRECTION('center_axis',(1.,6.23084350554935E-17,0.));
#10709=DIRECTION('ref_axis',(0.,-1.,0.));
#10710=DIRECTION('',(1.,0.,0.));
#10711=DIRECTION('center_axis',(0.,0.,1.));
#10712=DIRECTION('ref_axis',(5.94762334620619E-17,-1.,0.));
#10713=DIRECTION('',(6.23084350554935E-17,-1.,0.));
#10714=DIRECTION('',(1.,0.,0.));
#10715=DIRECTION('center_axis',(0.,-1.,0.));
#10716=DIRECTION('ref_axis',(0.,0.,-1.));
#10717=DIRECTION('',(0.,0.,-1.));
#10718=DIRECTION('',(1.,0.,0.));
#10719=DIRECTION('center_axis',(0.,1.,0.));
#10720=DIRECTION('ref_axis',(0.,0.,1.));
#10721=DIRECTION('',(0.,0.,1.));
#10722=DIRECTION('',(1.,0.,0.));
#10723=DIRECTION('',(1.,0.,0.));
#10724=DIRECTION('center_axis',(0.,0.,1.));
#10725=DIRECTION('ref_axis',(5.94762334620619E-17,-1.,0.));
#10726=DIRECTION('',(6.23084350554935E-17,-1.,0.));
#10727=DIRECTION('center_axis',(0.,0.,-1.));
#10728=DIRECTION('ref_axis',(-5.94762334620619E-17,1.,0.));
#10729=DIRECTION('',(-6.23084350554935E-17,1.,0.));
#10730=DIRECTION('',(1.,0.,0.));
#10731=DIRECTION('center_axis',(0.,1.,0.));
#10732=DIRECTION('ref_axis',(0.,0.,1.));
#10733=DIRECTION('',(0.,0.,1.));
#10734=DIRECTION('',(1.,0.,0.));
#10735=DIRECTION('center_axis',(0.,0.,-1.));
#10736=DIRECTION('ref_axis',(-5.94762334620619E-17,1.,0.));
#10737=DIRECTION('',(-6.23084350554935E-17,1.,0.));
#10738=DIRECTION('',(1.,0.,0.));
#10739=DIRECTION('center_axis',(-3.35818825198593E-16,0.918238932588659,
-0.396026845906235));
#10740=DIRECTION('ref_axis',(1.43568371439063E-16,-0.396026845906235,-0.918238932588659));
#10741=DIRECTION('',(1.,3.65720525758875E-16,0.));
#10742=DIRECTION('',(-1.,-3.65720525758875E-16,0.));
#10743=DIRECTION('',(-2.46758130083805E-17,0.396026845906235,0.918238932588659));
#10744=DIRECTION('',(1.,3.65720525758875E-16,0.));
#10745=DIRECTION('',(0.,-0.396026845906235,-0.918238932588659));
#10746=DIRECTION('center_axis',(-3.35818825198593E-16,0.918238932588659,
-0.396026845906235));
#10747=DIRECTION('ref_axis',(1.43568371439063E-16,-0.396026845906235,-0.918238932588659));
#10748=DIRECTION('',(-1.,-3.65720525758875E-16,0.));
#10749=DIRECTION('',(0.,-0.396026845906235,-0.918238932588659));
#10750=DIRECTION('',(-1.,-3.65720525758875E-16,0.));
#10751=DIRECTION('',(-2.46758130083805E-17,0.396026845906235,0.918238932588659));
#10752=DIRECTION('',(-1.,-3.65720525758875E-16,0.));
#10753=DIRECTION('center_axis',(3.35818825198592E-16,-0.918238932588659,
0.396026845906235));
#10754=DIRECTION('ref_axis',(-1.43568371439064E-16,0.396026845906235,0.918238932588659));
#10755=DIRECTION('',(-1.,-3.65720525758875E-16,0.));
#10756=DIRECTION('',(0.,0.396026845906235,0.918238932588659));
#10757=DIRECTION('',(-1.,-3.65720525758875E-16,0.));
#10758=DIRECTION('',(2.46758130083806E-17,-0.396026845906235,-0.918238932588659));
#10759=DIRECTION('',(-1.,-3.65720525758875E-16,0.));
#10760=DIRECTION('center_axis',(-3.35818825198593E-16,0.918238932588659,
-0.396026845906235));
#10761=DIRECTION('ref_axis',(1.43568371439063E-16,-0.396026845906235,-0.918238932588659));
#10762=DIRECTION('',(1.,3.65720525758875E-16,0.));
#10763=DIRECTION('',(-1.,-3.65720525758875E-16,0.));
#10764=DIRECTION('',(-2.46758130083805E-17,0.396026845906235,0.918238932588659));
#10765=DIRECTION('',(1.,3.65720525758875E-16,0.));
#10766=DIRECTION('',(0.,-0.396026845906235,-0.918238932588659));
#10767=DIRECTION('center_axis',(-3.35818825198593E-16,0.918238932588659,
-0.396026845906235));
#10768=DIRECTION('ref_axis',(1.43568371439063E-16,-0.396026845906235,-0.918238932588659));
#10769=DIRECTION('',(-1.,-3.65720525758875E-16,0.));
#10770=DIRECTION('',(0.,-0.396026845906235,-0.918238932588659));
#10771=DIRECTION('',(-1.,-3.65720525758875E-16,0.));
#10772=DIRECTION('',(-2.46758130083805E-17,0.396026845906235,0.918238932588659));
#10773=DIRECTION('',(-1.,-3.65720525758875E-16,0.));
#10774=DIRECTION('center_axis',(3.35818825198592E-16,-0.918238932588659,
0.396026845906235));
#10775=DIRECTION('ref_axis',(-1.43568371439064E-16,0.396026845906235,0.918238932588659));
#10776=DIRECTION('',(1.,0.,-8.47969850200766E-16));
#10777=DIRECTION('',(-1.,-3.65720525758875E-16,0.));
#10778=DIRECTION('',(2.46758130083806E-17,-0.396026845906235,-0.918238932588658));
#10779=DIRECTION('',(1.,3.65720525758875E-16,0.));
#10780=DIRECTION('',(0.,0.396026845906235,0.918238932588659));
#10781=DIRECTION('center_axis',(3.35818825198592E-16,-0.918238932588659,
0.396026845906235));
#10782=DIRECTION('ref_axis',(-1.43568371439064E-16,0.396026845906235,0.918238932588659));
#10783=DIRECTION('',(-1.,-3.65720525758875E-16,0.));
#10784=DIRECTION('',(0.,0.396026845906235,0.918238932588659));
#10785=DIRECTION('',(-1.,-3.65720525758875E-16,0.));
#10786=DIRECTION('',(2.46758130083806E-17,-0.396026845906235,-0.918238932588659));
#10787=DIRECTION('',(-1.,-3.65720525758875E-16,0.));
#10788=DIRECTION('center_axis',(0.,0.,1.));
#10789=DIRECTION('ref_axis',(5.94762334620619E-17,-1.,0.));
#10790=DIRECTION('',(5.94762334620619E-17,-1.,0.));
#10791=DIRECTION('',(-6.23084350554935E-17,1.,0.));
#10792=DIRECTION('',(1.,0.,0.));
#10793=DIRECTION('',(5.94762334620619E-17,-1.,0.));
#10794=DIRECTION('',(1.,3.65720525758875E-16,0.));
#10795=DIRECTION('center_axis',(0.,0.,-1.));
#10796=DIRECTION('ref_axis',(-5.94762334620619E-17,1.,0.));
#10797=DIRECTION('',(6.23084350554935E-17,-1.,0.));
#10798=DIRECTION('',(-5.94762334620619E-17,1.,0.));
#10799=DIRECTION('',(-5.94762334620619E-17,1.,0.));
#10800=DIRECTION('center_axis',(0.,0.,-1.));
#10801=DIRECTION('ref_axis',(-5.94762334620619E-17,1.,0.));
#10802=DIRECTION('',(1.,3.65720525758875E-16,0.));
#10803=DIRECTION('',(5.94762334620619E-17,-1.,0.));
#10804=DIRECTION('',(-5.94762334620619E-17,1.,0.));
#10805=DIRECTION('center_axis',(0.,0.,-1.));
#10806=DIRECTION('ref_axis',(-5.94762334620619E-17,1.,0.));
#10807=DIRECTION('',(1.,3.65720525758875E-16,0.));
#10808=DIRECTION('',(5.94762334620619E-17,-1.,0.));
#10809=DIRECTION('',(1.,0.,0.));
#10810=DIRECTION('',(-5.94762334620619E-17,1.,0.));
#10811=DIRECTION('center_axis',(0.,0.,1.));
#10812=DIRECTION('ref_axis',(5.94762334620619E-17,-1.,0.));
#10813=DIRECTION('',(1.,3.65720525758875E-16,0.));
#10814=DIRECTION('',(-5.94762334620619E-17,1.,0.));
#10815=DIRECTION('',(1.,0.,0.));
#10816=DIRECTION('',(5.94762334620619E-17,-1.,0.));
#10817=DIRECTION('center_axis',(0.,0.,1.));
#10818=DIRECTION('ref_axis',(5.94762334620619E-17,-1.,0.));
#10819=DIRECTION('',(5.94762334620619E-17,-1.,0.));
#10820=DIRECTION('',(-5.94762334620619E-17,1.,0.));
#10821=DIRECTION('center_axis',(0.,0.,1.));
#10822=DIRECTION('ref_axis',(5.94762334620619E-17,-1.,0.));
#10823=DIRECTION('',(-5.94762334620619E-17,1.,0.));
#10824=DIRECTION('',(5.94762334620619E-17,-1.,0.));
#10825=DIRECTION('center_axis',(1.,0.,0.));
#10826=DIRECTION('ref_axis',(0.,0.,-1.));
#10827=DIRECTION('',(0.,0.396026845906235,0.918238932588659));
#10828=DIRECTION('',(0.,0.,1.));
#10829=DIRECTION('center_axis',(1.,0.,0.));
#10830=DIRECTION('ref_axis',(0.,0.,-1.));
#10831=DIRECTION('',(0.,-0.396026845906235,-0.918238932588659));
#10832=DIRECTION('',(7.76845691853675E-33,-1.30614473485313E-16,-1.));
#10833=DIRECTION('center_axis',(1.,0.,0.));
#10834=DIRECTION('ref_axis',(0.,0.,-1.));
#10835=DIRECTION('',(0.,0.396026845906235,0.918238932588659));
#10836=DIRECTION('center_axis',(1.,0.,0.));
#10837=DIRECTION('ref_axis',(0.,0.,-1.));
#10838=DIRECTION('center_axis',(1.,0.,0.));
#10839=DIRECTION('ref_axis',(0.,0.,-1.));
#10840=DIRECTION('',(0.,0.,1.));
#10841=DIRECTION('',(-5.94762334620619E-17,1.,0.));
#10842=DIRECTION('center_axis',(1.,0.,0.));
#10843=DIRECTION('ref_axis',(0.,0.,-1.));
#10844=DIRECTION('center_axis',(0.,-1.,1.30614473485313E-16));
#10845=DIRECTION('ref_axis',(7.76845691853675E-33,-1.30614473485313E-16,
-1.));
#10846=DIRECTION('',(-1.,1.10757135515393E-31,8.47969850200768E-16));
#10847=DIRECTION('',(-7.76845691853675E-33,1.30614473485313E-16,1.));
#10848=DIRECTION('center_axis',(0.,1.,0.));
#10849=DIRECTION('ref_axis',(0.,0.,1.));
#10850=DIRECTION('',(0.,0.,-1.));
#10851=DIRECTION('center_axis',(0.,1.,0.));
#10852=DIRECTION('ref_axis',(0.,0.,1.));
#10853=DIRECTION('',(-1.,0.,8.47969850200766E-16));
#10854=DIRECTION('',(0.,0.,-1.));
#10855=DIRECTION('center_axis',(0.,0.,-1.));
#10856=DIRECTION('ref_axis',(-5.94762334620619E-17,1.,0.));
#10857=DIRECTION('',(5.94762334620619E-17,-1.,0.));
#10858=DIRECTION('center_axis',(3.35818825198592E-16,-0.918238932588659,
0.396026845906235));
#10859=DIRECTION('ref_axis',(-1.43568371439064E-16,0.396026845906235,0.918238932588659));
#10860=DIRECTION('',(-1.,-3.65720525758875E-16,0.));
#10861=DIRECTION('',(2.46758130083806E-17,-0.396026845906235,-0.918238932588659));
#10862=DIRECTION('center_axis',(-3.35818825198593E-16,0.918238932588659,
-0.396026845906235));
#10863=DIRECTION('ref_axis',(1.43568371439063E-16,-0.396026845906235,-0.918238932588659));
#10864=DIRECTION('',(-2.46758130083805E-17,0.396026845906235,0.918238932588659));
#10865=DIRECTION('',(-1.,-3.65720525758875E-16,0.));
#10866=DIRECTION('',(-1.,-3.65720525758875E-16,0.));
#10867=DIRECTION('',(-2.46758130083805E-17,0.396026845906235,0.918238932588659));
#10868=DIRECTION('center_axis',(0.,0.,1.));
#10869=DIRECTION('ref_axis',(1.,0.,0.));
#10870=DIRECTION('center_axis',(1.,-3.8359906236829E-15,0.));
#10871=DIRECTION('ref_axis',(-3.8359906236829E-15,-1.,0.));
#10872=DIRECTION('center_axis',(0.,0.,-1.));
#10873=DIRECTION('ref_axis',(-3.55271367880052E-14,-1.,0.));
#10874=DIRECTION('center_axis',(-3.22960476391398E-14,1.,0.));
#10875=DIRECTION('ref_axis',(1.,3.22960476391398E-14,0.));
#10876=DIRECTION('center_axis',(-3.62521803959234E-16,1.,0.));
#10877=DIRECTION('ref_axis',(1.,3.62521803959233E-16,0.));
#10878=DIRECTION('',(3.62521803959234E-16,-1.,0.));
#10879=DIRECTION('center_axis',(-3.22960476391398E-14,1.,0.));
#10880=DIRECTION('ref_axis',(1.,3.22960476391398E-14,0.));
#10881=DIRECTION('center_axis',(0.,0.,1.));
#10882=DIRECTION('ref_axis',(1.,0.,0.));
#10883=DIRECTION('center_axis',(0.,0.,1.));
#10884=DIRECTION('ref_axis',(1.,0.,0.));
#10885=DIRECTION('center_axis',(0.,0.,-1.));
#10886=DIRECTION('ref_axis',(1.,0.,0.));
#10887=DIRECTION('center_axis',(-1.,-3.22348152991825E-14,0.));
#10888=DIRECTION('ref_axis',(-3.22348152991825E-14,1.,0.));
#10889=DIRECTION('center_axis',(-1.,0.,0.));
#10890=DIRECTION('ref_axis',(0.,1.,0.));
#10891=DIRECTION('',(-1.,0.,0.));
#10892=DIRECTION('',(1.,0.,0.));
#10893=DIRECTION('center_axis',(-1.,-3.22348152991825E-14,0.));
#10894=DIRECTION('ref_axis',(-3.22348152991825E-14,1.,0.));
#10895=DIRECTION('center_axis',(0.,0.,1.));
#10896=DIRECTION('ref_axis',(1.,0.,0.));
#10897=DIRECTION('center_axis',(0.,0.,1.));
#10898=DIRECTION('ref_axis',(0.,1.,0.));
#10899=DIRECTION('center_axis',(0.,0.,-1.));
#10900=DIRECTION('ref_axis',(0.,1.,0.));
#10901=DIRECTION('center_axis',(3.41719844035504E-14,-1.,0.));
#10902=DIRECTION('ref_axis',(-1.,-3.41719844035504E-14,0.));
#10903=DIRECTION('center_axis',(1.,-3.44789759200373E-18,0.));
#10904=DIRECTION('ref_axis',(-3.44789759200388E-18,-1.,0.));
#10905=DIRECTION('center_axis',(1.,-3.8359906236829E-15,0.));
#10906=DIRECTION('ref_axis',(-3.8359906236829E-15,-1.,0.));
#10907=DIRECTION('',(-1.,3.44789759200373E-18,0.));
#10908=DIRECTION('center_axis',(0.,0.,1.));
#10909=DIRECTION('ref_axis',(1.,0.,0.));
#10910=DIRECTION('center_axis',(0.,-1.,0.));
#10911=DIRECTION('ref_axis',(-1.,0.,0.));
#10912=DIRECTION('center_axis',(0.,0.,-1.));
#10913=DIRECTION('ref_axis',(-1.,-3.46944695195361E-15,0.));
#10914=DIRECTION('center_axis',(7.22211406325038E-17,-1.,0.));
#10915=DIRECTION('ref_axis',(-1.,-7.22211406325038E-17,0.));
#10916=DIRECTION('',(-7.22211406325038E-17,1.,0.));
#10917=DIRECTION('center_axis',(0.,0.,1.));
#10918=DIRECTION('ref_axis',(-3.55271367880052E-14,-1.,0.));
#10919=DIRECTION('center_axis',(0.,0.,-1.));
#10920=DIRECTION('ref_axis',(-3.55271367880052E-14,-1.,0.));
#10921=DIRECTION('',(0.,0.,1.));
#10922=DIRECTION('',(0.,0.,1.));
#10923=DIRECTION('center_axis',(-1.,-3.62521803959235E-16,0.));
#10924=DIRECTION('ref_axis',(3.62521803959235E-16,-1.,0.));
#10925=DIRECTION('',(3.62521803959235E-16,-1.,0.));
#10926=DIRECTION('',(0.,0.,1.));
#10927=DIRECTION('center_axis',(0.,1.,0.));
#10928=DIRECTION('ref_axis',(-1.,0.,0.));
#10929=DIRECTION('',(-1.,0.,0.));
#10930=DIRECTION('',(0.,0.,1.));
#10931=DIRECTION('center_axis',(0.,0.,1.));
#10932=DIRECTION('ref_axis',(1.,0.,0.));
#10933=DIRECTION('center_axis',(0.,0.,-1.));
#10934=DIRECTION('ref_axis',(1.,0.,0.));
#10935=DIRECTION('',(0.,0.,1.));
#10936=DIRECTION('center_axis',(0.,0.,1.));
#10937=DIRECTION('ref_axis',(1.,0.,0.));
#10938=DIRECTION('',(0.,0.,1.));
#10939=DIRECTION('center_axis',(0.,0.,1.));
#10940=DIRECTION('ref_axis',(-1.,-3.46944695195361E-15,0.));
#10941=DIRECTION('center_axis',(0.,0.,-1.));
#10942=DIRECTION('ref_axis',(-1.,-3.46944695195361E-15,0.));
#10943=DIRECTION('',(0.,0.,1.));
#10944=DIRECTION('center_axis',(0.,-1.,0.));
#10945=DIRECTION('ref_axis',(1.,0.,0.));
#10946=DIRECTION('',(1.,0.,0.));
#10947=DIRECTION('',(0.,0.,1.));
#10948=DIRECTION('center_axis',(0.,-1.,0.));
#10949=DIRECTION('ref_axis',(1.,0.,0.));
#10950=DIRECTION('',(0.,0.,1.));
#10951=DIRECTION('',(-0.397593098176709,0.,-0.917561838941794));
#10952=DIRECTION('',(-1.,0.,0.));
#10953=DIRECTION('',(0.397593098176709,0.,0.917561838941794));
#10954=DIRECTION('',(1.,0.,0.));
#10955=DIRECTION('',(-0.397593098176709,0.,-0.917561838941794));
#10956=DIRECTION('',(-1.,0.,0.));
#10957=DIRECTION('',(0.397593098176709,0.,0.917561838941794));
#10958=DIRECTION('',(1.,0.,0.));
#10959=DIRECTION('',(-0.397593098176709,0.,-0.917561838941794));
#10960=DIRECTION('',(-1.,0.,0.));
#10961=DIRECTION('',(0.397593098176709,0.,0.917561838941794));
#10962=DIRECTION('',(1.,0.,0.));
#10963=DIRECTION('',(-1.,0.,0.));
#10964=DIRECTION('',(0.,0.,1.));
#10965=DIRECTION('',(0.397593098176709,0.,0.917561838941794));
#10966=DIRECTION('',(1.,0.,0.));
#10967=DIRECTION('',(-0.397593098176709,0.,-0.917561838941794));
#10968=DIRECTION('',(-0.397593098176709,0.,-0.917561838941794));
#10969=DIRECTION('',(-1.,0.,0.));
#10970=DIRECTION('',(0.397593098176709,0.,0.917561838941794));
#10971=DIRECTION('',(1.,0.,0.));
#10972=DIRECTION('',(-0.397593098176709,0.,-0.917561838941794));
#10973=DIRECTION('',(-1.,0.,0.));
#10974=DIRECTION('',(0.397593098176709,0.,0.917561838941794));
#10975=DIRECTION('',(1.,0.,0.));
#10976=DIRECTION('',(-0.397593098176709,0.,-0.917561838941794));
#10977=DIRECTION('',(-1.,0.,0.));
#10978=DIRECTION('',(0.397593098176709,0.,0.917561838941794));
#10979=DIRECTION('',(1.,0.,0.));
#10980=DIRECTION('',(-0.397593098176709,0.,-0.917561838941794));
#10981=DIRECTION('',(-1.,0.,0.));
#10982=DIRECTION('',(0.397593098176709,0.,0.917561838941794));
#10983=DIRECTION('',(1.,0.,0.));
#10984=DIRECTION('',(-0.397593098176709,0.,-0.917561838941794));
#10985=DIRECTION('',(-1.,0.,0.));
#10986=DIRECTION('',(0.397593098176709,0.,0.917561838941794));
#10987=DIRECTION('',(1.,0.,0.));
#10988=DIRECTION('',(-0.397593098176709,0.,-0.917561838941794));
#10989=DIRECTION('',(-1.,0.,0.));
#10990=DIRECTION('',(0.397593098176709,0.,0.917561838941794));
#10991=DIRECTION('',(1.,0.,0.));
#10992=DIRECTION('',(-0.397593098176709,0.,-0.917561838941794));
#10993=DIRECTION('',(-1.,0.,0.));
#10994=DIRECTION('',(0.397593098176709,0.,0.917561838941794));
#10995=DIRECTION('',(1.,0.,0.));
#10996=DIRECTION('',(-0.397593098176709,0.,-0.917561838941794));
#10997=DIRECTION('',(-1.,0.,0.));
#10998=DIRECTION('',(0.397593098176709,0.,0.917561838941794));
#10999=DIRECTION('',(1.,0.,0.));
#11000=DIRECTION('',(-0.397593098176709,0.,-0.917561838941794));
#11001=DIRECTION('',(-1.,0.,0.));
#11002=DIRECTION('',(0.397593098176709,0.,0.917561838941794));
#11003=DIRECTION('',(1.,0.,0.));
#11004=DIRECTION('',(-0.397593098176709,0.,-0.917561838941794));
#11005=DIRECTION('',(-1.,0.,0.));
#11006=DIRECTION('',(0.397593098176709,0.,0.917561838941794));
#11007=DIRECTION('',(1.,0.,0.));
#11008=DIRECTION('',(-0.397593098176709,0.,-0.917561838941794));
#11009=DIRECTION('',(-1.,0.,0.));
#11010=DIRECTION('',(0.397593098176709,0.,0.917561838941794));
#11011=DIRECTION('',(1.,0.,0.));
#11012=DIRECTION('',(0.,0.,-1.));
#11013=DIRECTION('center_axis',(1.,3.48714821191256E-17,0.));
#11014=DIRECTION('ref_axis',(-3.48714821191256E-17,1.,0.));
#11015=DIRECTION('',(-3.48714821191256E-17,1.,0.));
#11016=DIRECTION('',(0.,0.,1.));
#11017=DIRECTION('center_axis',(0.,0.,1.));
#11018=DIRECTION('ref_axis',(0.,1.,0.));
#11019=DIRECTION('center_axis',(0.,0.,-1.));
#11020=DIRECTION('ref_axis',(0.,1.,0.));
#11021=DIRECTION('center_axis',(-0.917561838941794,0.,0.397593098176709));
#11022=DIRECTION('ref_axis',(0.397593098176709,0.,0.917561838941794));
#11023=DIRECTION('',(0.,1.,0.));
#11024=DIRECTION('',(-0.397593098176709,0.,-0.917561838941794));
#11025=DIRECTION('',(0.,1.,0.));
#11026=DIRECTION('center_axis',(-0.917561838941794,0.,0.397593098176709));
#11027=DIRECTION('ref_axis',(0.397593098176709,0.,0.917561838941794));
#11028=DIRECTION('',(0.,1.,0.));
#11029=DIRECTION('',(0.397593098176709,0.,0.917561838941794));
#11030=DIRECTION('',(0.,1.,0.));
#11031=DIRECTION('center_axis',(0.,0.,1.));
#11032=DIRECTION('ref_axis',(1.,0.,0.));
#11033=DIRECTION('',(-1.,0.,0.));
#11034=DIRECTION('',(0.,1.,0.));
#11035=DIRECTION('center_axis',(0.,0.,-1.));
#11036=DIRECTION('ref_axis',(-1.,0.,0.));
#11037=DIRECTION('',(0.,1.,0.));
#11038=DIRECTION('',(1.,0.,0.));
#11039=DIRECTION('center_axis',(0.,0.,-1.));
#11040=DIRECTION('ref_axis',(-1.,0.,0.));
#11041=DIRECTION('',(-1.,0.,0.));
#11042=DIRECTION('',(0.,1.,0.));
#11043=DIRECTION('center_axis',(0.917561838941794,0.,-0.397593098176709));
#11044=DIRECTION('ref_axis',(-0.397593098176709,0.,-0.917561838941794));
#11045=DIRECTION('',(0.397593098176709,0.,0.917561838941794));
#11046=DIRECTION('center_axis',(0.917561838941794,0.,-0.397593098176709));
#11047=DIRECTION('ref_axis',(-0.397593098176709,0.,-0.917561838941794));
#11048=DIRECTION('',(-0.397593098176709,0.,-0.917561838941794));
#11049=DIRECTION('',(0.,1.,0.));
#11050=DIRECTION('center_axis',(0.,0.,1.));
#11051=DIRECTION('ref_axis',(1.,0.,0.));
#11052=DIRECTION('',(1.,0.,0.));
#11053=DIRECTION('center_axis',(-0.917561838941794,0.,0.397593098176709));
#11054=DIRECTION('ref_axis',(0.397593098176709,0.,0.917561838941794));
#11055=DIRECTION('',(0.,1.,0.));
#11056=DIRECTION('',(-0.397593098176709,0.,-0.917561838941794));
#11057=DIRECTION('',(0.,1.,0.));
#11058=DIRECTION('center_axis',(-0.917561838941794,0.,0.397593098176709));
#11059=DIRECTION('ref_axis',(0.397593098176709,0.,0.917561838941794));
#11060=DIRECTION('',(0.,1.,0.));
#11061=DIRECTION('',(0.397593098176709,0.,0.917561838941794));
#11062=DIRECTION('',(0.,1.,0.));
#11063=DIRECTION('center_axis',(0.,0.,1.));
#11064=DIRECTION('ref_axis',(1.,0.,0.));
#11065=DIRECTION('',(-1.,0.,0.));
#11066=DIRECTION('',(0.,1.,0.));
#11067=DIRECTION('center_axis',(0.,0.,-1.));
#11068=DIRECTION('ref_axis',(-1.,0.,0.));
#11069=DIRECTION('',(0.,1.,0.));
#11070=DIRECTION('',(1.,0.,0.));
#11071=DIRECTION('center_axis',(0.,0.,-1.));
#11072=DIRECTION('ref_axis',(-1.,0.,0.));
#11073=DIRECTION('',(-1.,0.,0.));
#11074=DIRECTION('',(0.,1.,0.));
#11075=DIRECTION('center_axis',(0.917561838941794,0.,-0.397593098176709));
#11076=DIRECTION('ref_axis',(-0.397593098176709,0.,-0.917561838941794));
#11077=DIRECTION('',(0.397593098176709,0.,0.917561838941794));
#11078=DIRECTION('center_axis',(0.917561838941794,0.,-0.397593098176709));
#11079=DIRECTION('ref_axis',(-0.397593098176709,0.,-0.917561838941794));
#11080=DIRECTION('',(-0.397593098176709,0.,-0.917561838941794));
#11081=DIRECTION('',(0.,1.,0.));
#11082=DIRECTION('center_axis',(0.,0.,1.));
#11083=DIRECTION('ref_axis',(1.,0.,0.));
#11084=DIRECTION('',(1.,0.,0.));
#11085=DIRECTION('center_axis',(-0.917561838941794,0.,0.397593098176709));
#11086=DIRECTION('ref_axis',(0.397593098176709,0.,0.917561838941794));
#11087=DIRECTION('',(0.,1.,0.));
#11088=DIRECTION('',(-0.397593098176709,0.,-0.917561838941794));
#11089=DIRECTION('',(0.,1.,0.));
#11090=DIRECTION('center_axis',(-0.917561838941794,0.,0.397593098176709));
#11091=DIRECTION('ref_axis',(0.397593098176709,0.,0.917561838941794));
#11092=DIRECTION('',(0.,1.,0.));
#11093=DIRECTION('',(0.397593098176709,0.,0.917561838941794));
#11094=DIRECTION('',(0.,1.,0.));
#11095=DIRECTION('center_axis',(0.,0.,1.));
#11096=DIRECTION('ref_axis',(1.,0.,0.));
#11097=DIRECTION('',(-1.,0.,0.));
#11098=DIRECTION('',(0.,1.,0.));
#11099=DIRECTION('center_axis',(0.,0.,-1.));
#11100=DIRECTION('ref_axis',(-1.,0.,0.));
#11101=DIRECTION('',(0.,1.,0.));
#11102=DIRECTION('',(1.,0.,0.));
#11103=DIRECTION('center_axis',(0.,0.,-1.));
#11104=DIRECTION('ref_axis',(-1.,0.,0.));
#11105=DIRECTION('',(-1.,0.,0.));
#11106=DIRECTION('',(0.,1.,0.));
#11107=DIRECTION('center_axis',(0.917561838941794,0.,-0.397593098176709));
#11108=DIRECTION('ref_axis',(-0.397593098176709,0.,-0.917561838941794));
#11109=DIRECTION('',(0.397593098176709,0.,0.917561838941794));
#11110=DIRECTION('center_axis',(0.917561838941794,0.,-0.397593098176709));
#11111=DIRECTION('ref_axis',(-0.397593098176709,0.,-0.917561838941794));
#11112=DIRECTION('',(-0.397593098176709,0.,-0.917561838941794));
#11113=DIRECTION('',(0.,1.,0.));
#11114=DIRECTION('center_axis',(0.,0.,1.));
#11115=DIRECTION('ref_axis',(1.,0.,0.));
#11116=DIRECTION('',(1.,0.,0.));
#11117=DIRECTION('center_axis',(0.,0.,1.));
#11118=DIRECTION('ref_axis',(1.,0.,0.));
#11119=DIRECTION('',(0.,1.,0.));
#11120=DIRECTION('',(-1.,0.,0.));
#11121=DIRECTION('',(0.,1.,0.));
#11122=DIRECTION('center_axis',(-0.917561838941794,0.,0.397593098176709));
#11123=DIRECTION('ref_axis',(0.397593098176709,0.,0.917561838941794));
#11124=DIRECTION('',(0.,1.,0.));
#11125=DIRECTION('',(-0.397593098176709,0.,-0.917561838941794));
#11126=DIRECTION('center_axis',(-0.917561838941794,0.,0.397593098176709));
#11127=DIRECTION('ref_axis',(0.397593098176709,0.,0.917561838941794));
#11128=DIRECTION('',(0.,1.,0.));
#11129=DIRECTION('',(0.397593098176709,0.,0.917561838941794));
#11130=DIRECTION('',(0.,1.,0.));
#11131=DIRECTION('center_axis',(0.917561838941794,0.,-0.397593098176709));
#11132=DIRECTION('ref_axis',(-0.397593098176709,0.,-0.917561838941794));
#11133=DIRECTION('',(0.397593098176709,0.,0.917561838941794));
#11134=DIRECTION('',(0.,1.,0.));
#11135=DIRECTION('center_axis',(-1.,0.,0.));
#11136=DIRECTION('ref_axis',(0.,0.,1.));
#11137=DIRECTION('',(0.,1.,0.));
#11138=DIRECTION('',(0.,0.,-1.));
#11139=DIRECTION('center_axis',(-1.,0.,0.));
#11140=DIRECTION('ref_axis',(0.,0.,1.));
#11141=DIRECTION('',(0.,0.,1.));
#11142=DIRECTION('',(0.,1.,0.));
#11143=DIRECTION('center_axis',(0.,0.,-1.));
#11144=DIRECTION('ref_axis',(-1.,0.,0.));
#11145=DIRECTION('',(1.,0.,0.));
#11146=DIRECTION('center_axis',(0.,0.,-1.));
#11147=DIRECTION('ref_axis',(-1.,0.,0.));
#11148=DIRECTION('',(-1.,0.,0.));
#11149=DIRECTION('',(0.,1.,0.));
#11150=DIRECTION('center_axis',(0.917561838941794,0.,-0.397593098176709));
#11151=DIRECTION('ref_axis',(-0.397593098176709,0.,-0.917561838941794));
#11152=DIRECTION('',(-0.397593098176709,0.,-0.917561838941794));
#11153=DIRECTION('',(0.,1.,0.));
#11154=DIRECTION('center_axis',(0.,0.,1.));
#11155=DIRECTION('ref_axis',(1.,0.,0.));
#11156=DIRECTION('',(1.,0.,0.));
#11157=DIRECTION('center_axis',(-0.917561838941794,0.,0.397593098176709));
#11158=DIRECTION('ref_axis',(0.397593098176709,0.,0.917561838941794));
#11159=DIRECTION('',(0.,1.,0.));
#11160=DIRECTION('',(-0.397593098176709,0.,-0.917561838941794));
#11161=DIRECTION('',(0.,1.,0.));
#11162=DIRECTION('center_axis',(-0.917561838941794,0.,0.397593098176709));
#11163=DIRECTION('ref_axis',(0.397593098176709,0.,0.917561838941794));
#11164=DIRECTION('',(0.,1.,0.));
#11165=DIRECTION('',(0.397593098176709,0.,0.917561838941794));
#11166=DIRECTION('',(0.,1.,0.));
#11167=DIRECTION('center_axis',(0.,0.,1.));
#11168=DIRECTION('ref_axis',(1.,0.,0.));
#11169=DIRECTION('',(-1.,0.,0.));
#11170=DIRECTION('',(0.,1.,0.));
#11171=DIRECTION('center_axis',(0.,0.,-1.));
#11172=DIRECTION('ref_axis',(-1.,0.,0.));
#11173=DIRECTION('',(0.,1.,0.));
#11174=DIRECTION('',(1.,0.,0.));
#11175=DIRECTION('center_axis',(0.,0.,-1.));
#11176=DIRECTION('ref_axis',(-1.,0.,0.));
#11177=DIRECTION('',(-1.,0.,0.));
#11178=DIRECTION('',(0.,1.,0.));
#11179=DIRECTION('center_axis',(0.917561838941794,0.,-0.397593098176709));
#11180=DIRECTION('ref_axis',(-0.397593098176709,0.,-0.917561838941794));
#11181=DIRECTION('',(0.397593098176709,0.,0.917561838941794));
#11182=DIRECTION('center_axis',(0.917561838941794,0.,-0.397593098176709));
#11183=DIRECTION('ref_axis',(-0.397593098176709,0.,-0.917561838941794));
#11184=DIRECTION('',(-0.397593098176709,0.,-0.917561838941794));
#11185=DIRECTION('',(0.,1.,0.));
#11186=DIRECTION('center_axis',(0.,0.,1.));
#11187=DIRECTION('ref_axis',(1.,0.,0.));
#11188=DIRECTION('',(1.,0.,0.));
#11189=DIRECTION('center_axis',(-0.917561838941794,0.,0.397593098176709));
#11190=DIRECTION('ref_axis',(0.397593098176709,0.,0.917561838941794));
#11191=DIRECTION('',(0.,1.,0.));
#11192=DIRECTION('',(-0.397593098176709,0.,-0.917561838941794));
#11193=DIRECTION('',(0.,1.,0.));
#11194=DIRECTION('center_axis',(-0.917561838941794,0.,0.397593098176709));
#11195=DIRECTION('ref_axis',(0.397593098176709,0.,0.917561838941794));
#11196=DIRECTION('',(0.,1.,0.));
#11197=DIRECTION('',(0.397593098176709,0.,0.917561838941794));
#11198=DIRECTION('',(0.,1.,0.));
#11199=DIRECTION('center_axis',(0.,0.,1.));
#11200=DIRECTION('ref_axis',(1.,0.,0.));
#11201=DIRECTION('',(-1.,0.,0.));
#11202=DIRECTION('',(0.,1.,0.));
#11203=DIRECTION('center_axis',(0.,0.,-1.));
#11204=DIRECTION('ref_axis',(-1.,0.,0.));
#11205=DIRECTION('',(0.,1.,0.));
#11206=DIRECTION('',(1.,0.,0.));
#11207=DIRECTION('center_axis',(0.,0.,-1.));
#11208=DIRECTION('ref_axis',(-1.,0.,0.));
#11209=DIRECTION('',(-1.,0.,0.));
#11210=DIRECTION('',(0.,1.,0.));
#11211=DIRECTION('center_axis',(0.917561838941794,0.,-0.397593098176709));
#11212=DIRECTION('ref_axis',(-0.397593098176709,0.,-0.917561838941794));
#11213=DIRECTION('',(0.397593098176709,0.,0.917561838941794));
#11214=DIRECTION('center_axis',(0.917561838941794,0.,-0.397593098176709));
#11215=DIRECTION('ref_axis',(-0.397593098176709,0.,-0.917561838941794));
#11216=DIRECTION('',(-0.397593098176709,0.,-0.917561838941794));
#11217=DIRECTION('',(0.,1.,0.));
#11218=DIRECTION('center_axis',(0.,0.,1.));
#11219=DIRECTION('ref_axis',(1.,0.,0.));
#11220=DIRECTION('',(1.,0.,0.));
#11221=DIRECTION('center_axis',(-0.917561838941794,0.,0.397593098176709));
#11222=DIRECTION('ref_axis',(0.397593098176709,0.,0.917561838941794));
#11223=DIRECTION('',(0.,1.,0.));
#11224=DIRECTION('',(-0.397593098176709,0.,-0.917561838941794));
#11225=DIRECTION('',(0.,1.,0.));
#11226=DIRECTION('center_axis',(-0.917561838941794,0.,0.397593098176709));
#11227=DIRECTION('ref_axis',(0.397593098176709,0.,0.917561838941794));
#11228=DIRECTION('',(0.,1.,0.));
#11229=DIRECTION('',(0.397593098176709,0.,0.917561838941794));
#11230=DIRECTION('',(0.,1.,0.));
#11231=DIRECTION('center_axis',(0.,0.,1.));
#11232=DIRECTION('ref_axis',(1.,0.,0.));
#11233=DIRECTION('',(-1.,0.,0.));
#11234=DIRECTION('',(0.,1.,0.));
#11235=DIRECTION('center_axis',(0.,0.,-1.));
#11236=DIRECTION('ref_axis',(-1.,0.,0.));
#11237=DIRECTION('',(0.,1.,0.));
#11238=DIRECTION('',(1.,0.,0.));
#11239=DIRECTION('center_axis',(0.,0.,-1.));
#11240=DIRECTION('ref_axis',(-1.,0.,0.));
#11241=DIRECTION('',(-1.,0.,0.));
#11242=DIRECTION('',(0.,1.,0.));
#11243=DIRECTION('center_axis',(0.917561838941794,0.,-0.397593098176709));
#11244=DIRECTION('ref_axis',(-0.397593098176709,0.,-0.917561838941794));
#11245=DIRECTION('',(0.397593098176709,0.,0.917561838941794));
#11246=DIRECTION('center_axis',(0.917561838941794,0.,-0.397593098176709));
#11247=DIRECTION('ref_axis',(-0.397593098176709,0.,-0.917561838941794));
#11248=DIRECTION('',(-0.397593098176709,0.,-0.917561838941794));
#11249=DIRECTION('',(0.,1.,0.));
#11250=DIRECTION('center_axis',(0.,0.,1.));
#11251=DIRECTION('ref_axis',(1.,0.,0.));
#11252=DIRECTION('',(1.,0.,0.));
#11253=DIRECTION('center_axis',(-0.917561838941794,0.,0.397593098176709));
#11254=DIRECTION('ref_axis',(0.397593098176709,0.,0.917561838941794));
#11255=DIRECTION('',(0.,1.,0.));
#11256=DIRECTION('',(-0.397593098176709,0.,-0.917561838941794));
#11257=DIRECTION('',(0.,1.,0.));
#11258=DIRECTION('center_axis',(-0.917561838941794,0.,0.397593098176709));
#11259=DIRECTION('ref_axis',(0.397593098176709,0.,0.917561838941794));
#11260=DIRECTION('',(0.,1.,0.));
#11261=DIRECTION('',(0.397593098176709,0.,0.917561838941794));
#11262=DIRECTION('',(0.,1.,0.));
#11263=DIRECTION('center_axis',(0.,0.,1.));
#11264=DIRECTION('ref_axis',(1.,0.,0.));
#11265=DIRECTION('',(-1.,0.,0.));
#11266=DIRECTION('',(0.,1.,0.));
#11267=DIRECTION('center_axis',(0.,0.,-1.));
#11268=DIRECTION('ref_axis',(-1.,0.,0.));
#11269=DIRECTION('',(0.,1.,0.));
#11270=DIRECTION('',(1.,0.,0.));
#11271=DIRECTION('center_axis',(0.,0.,-1.));
#11272=DIRECTION('ref_axis',(-1.,0.,0.));
#11273=DIRECTION('',(-1.,0.,0.));
#11274=DIRECTION('',(0.,1.,0.));
#11275=DIRECTION('center_axis',(0.917561838941794,0.,-0.397593098176709));
#11276=DIRECTION('ref_axis',(-0.397593098176709,0.,-0.917561838941794));
#11277=DIRECTION('',(0.397593098176709,0.,0.917561838941794));
#11278=DIRECTION('center_axis',(0.917561838941794,0.,-0.397593098176709));
#11279=DIRECTION('ref_axis',(-0.397593098176709,0.,-0.917561838941794));
#11280=DIRECTION('',(-0.397593098176709,0.,-0.917561838941794));
#11281=DIRECTION('',(0.,1.,0.));
#11282=DIRECTION('center_axis',(0.,0.,1.));
#11283=DIRECTION('ref_axis',(1.,0.,0.));
#11284=DIRECTION('',(1.,0.,0.));
#11285=DIRECTION('center_axis',(-0.917561838941794,0.,0.397593098176709));
#11286=DIRECTION('ref_axis',(0.397593098176709,0.,0.917561838941794));
#11287=DIRECTION('',(0.,1.,0.));
#11288=DIRECTION('',(-0.397593098176709,0.,-0.917561838941794));
#11289=DIRECTION('',(0.,1.,0.));
#11290=DIRECTION('center_axis',(-0.917561838941794,0.,0.397593098176709));
#11291=DIRECTION('ref_axis',(0.397593098176709,0.,0.917561838941794));
#11292=DIRECTION('',(0.,1.,0.));
#11293=DIRECTION('',(0.397593098176709,0.,0.917561838941794));
#11294=DIRECTION('',(0.,1.,0.));
#11295=DIRECTION('center_axis',(0.,0.,1.));
#11296=DIRECTION('ref_axis',(1.,0.,0.));
#11297=DIRECTION('',(-1.,0.,0.));
#11298=DIRECTION('',(0.,1.,0.));
#11299=DIRECTION('center_axis',(0.,0.,-1.));
#11300=DIRECTION('ref_axis',(-1.,0.,0.));
#11301=DIRECTION('',(0.,1.,0.));
#11302=DIRECTION('',(1.,0.,0.));
#11303=DIRECTION('center_axis',(0.,0.,-1.));
#11304=DIRECTION('ref_axis',(-1.,0.,0.));
#11305=DIRECTION('',(-1.,0.,0.));
#11306=DIRECTION('',(0.,1.,0.));
#11307=DIRECTION('center_axis',(0.917561838941794,0.,-0.397593098176709));
#11308=DIRECTION('ref_axis',(-0.397593098176709,0.,-0.917561838941794));
#11309=DIRECTION('',(0.397593098176709,0.,0.917561838941794));
#11310=DIRECTION('center_axis',(0.917561838941794,0.,-0.397593098176709));
#11311=DIRECTION('ref_axis',(-0.397593098176709,0.,-0.917561838941794));
#11312=DIRECTION('',(-0.397593098176709,0.,-0.917561838941794));
#11313=DIRECTION('',(0.,1.,0.));
#11314=DIRECTION('center_axis',(0.,0.,1.));
#11315=DIRECTION('ref_axis',(1.,0.,0.));
#11316=DIRECTION('',(1.,0.,0.));
#11317=DIRECTION('center_axis',(-0.917561838941794,0.,0.397593098176709));
#11318=DIRECTION('ref_axis',(0.397593098176709,0.,0.917561838941794));
#11319=DIRECTION('',(0.,1.,0.));
#11320=DIRECTION('',(-0.397593098176709,0.,-0.917561838941794));
#11321=DIRECTION('',(0.,1.,0.));
#11322=DIRECTION('center_axis',(-0.917561838941794,0.,0.397593098176709));
#11323=DIRECTION('ref_axis',(0.397593098176709,0.,0.917561838941794));
#11324=DIRECTION('',(0.,1.,0.));
#11325=DIRECTION('',(0.397593098176709,0.,0.917561838941794));
#11326=DIRECTION('',(0.,1.,0.));
#11327=DIRECTION('center_axis',(0.,0.,1.));
#11328=DIRECTION('ref_axis',(1.,0.,0.));
#11329=DIRECTION('',(-1.,0.,0.));
#11330=DIRECTION('',(0.,1.,0.));
#11331=DIRECTION('center_axis',(0.,0.,-1.));
#11332=DIRECTION('ref_axis',(-1.,0.,0.));
#11333=DIRECTION('',(0.,1.,0.));
#11334=DIRECTION('',(1.,0.,0.));
#11335=DIRECTION('center_axis',(0.,0.,-1.));
#11336=DIRECTION('ref_axis',(-1.,0.,0.));
#11337=DIRECTION('',(-1.,0.,0.));
#11338=DIRECTION('',(0.,1.,0.));
#11339=DIRECTION('center_axis',(0.917561838941794,0.,-0.397593098176709));
#11340=DIRECTION('ref_axis',(-0.397593098176709,0.,-0.917561838941794));
#11341=DIRECTION('',(0.397593098176709,0.,0.917561838941794));
#11342=DIRECTION('center_axis',(0.917561838941794,0.,-0.397593098176709));
#11343=DIRECTION('ref_axis',(-0.397593098176709,0.,-0.917561838941794));
#11344=DIRECTION('',(-0.397593098176709,0.,-0.917561838941794));
#11345=DIRECTION('',(0.,1.,0.));
#11346=DIRECTION('center_axis',(0.,0.,1.));
#11347=DIRECTION('ref_axis',(1.,0.,0.));
#11348=DIRECTION('',(1.,0.,0.));
#11349=DIRECTION('center_axis',(-0.917561838941794,0.,0.397593098176709));
#11350=DIRECTION('ref_axis',(0.397593098176709,0.,0.917561838941794));
#11351=DIRECTION('',(0.,1.,0.));
#11352=DIRECTION('',(-0.397593098176709,0.,-0.917561838941794));
#11353=DIRECTION('',(0.,1.,0.));
#11354=DIRECTION('center_axis',(-0.917561838941794,0.,0.397593098176709));
#11355=DIRECTION('ref_axis',(0.397593098176709,0.,0.917561838941794));
#11356=DIRECTION('',(0.,1.,0.));
#11357=DIRECTION('',(0.397593098176709,0.,0.917561838941794));
#11358=DIRECTION('',(0.,1.,0.));
#11359=DIRECTION('center_axis',(0.,0.,1.));
#11360=DIRECTION('ref_axis',(1.,0.,0.));
#11361=DIRECTION('',(-1.,0.,0.));
#11362=DIRECTION('',(0.,1.,0.));
#11363=DIRECTION('center_axis',(0.,0.,-1.));
#11364=DIRECTION('ref_axis',(-1.,0.,0.));
#11365=DIRECTION('',(0.,1.,0.));
#11366=DIRECTION('',(1.,0.,0.));
#11367=DIRECTION('center_axis',(0.,0.,-1.));
#11368=DIRECTION('ref_axis',(-1.,0.,0.));
#11369=DIRECTION('',(-1.,0.,0.));
#11370=DIRECTION('',(0.,1.,0.));
#11371=DIRECTION('center_axis',(0.917561838941794,0.,-0.397593098176709));
#11372=DIRECTION('ref_axis',(-0.397593098176709,0.,-0.917561838941794));
#11373=DIRECTION('',(0.397593098176709,0.,0.917561838941794));
#11374=DIRECTION('center_axis',(0.917561838941794,0.,-0.397593098176709));
#11375=DIRECTION('ref_axis',(-0.397593098176709,0.,-0.917561838941794));
#11376=DIRECTION('',(-0.397593098176709,0.,-0.917561838941794));
#11377=DIRECTION('',(0.,1.,0.));
#11378=DIRECTION('center_axis',(0.,0.,1.));
#11379=DIRECTION('ref_axis',(1.,0.,0.));
#11380=DIRECTION('',(1.,0.,0.));
#11381=DIRECTION('center_axis',(-0.917561838941794,0.,0.397593098176709));
#11382=DIRECTION('ref_axis',(0.397593098176709,0.,0.917561838941794));
#11383=DIRECTION('',(0.,1.,0.));
#11384=DIRECTION('',(-0.397593098176709,0.,-0.917561838941794));
#11385=DIRECTION('',(0.,1.,0.));
#11386=DIRECTION('center_axis',(-0.917561838941794,0.,0.397593098176709));
#11387=DIRECTION('ref_axis',(0.397593098176709,0.,0.917561838941794));
#11388=DIRECTION('',(0.,1.,0.));
#11389=DIRECTION('',(0.397593098176709,0.,0.917561838941794));
#11390=DIRECTION('',(0.,1.,0.));
#11391=DIRECTION('center_axis',(0.,0.,1.));
#11392=DIRECTION('ref_axis',(1.,0.,0.));
#11393=DIRECTION('',(-1.,0.,0.));
#11394=DIRECTION('',(0.,1.,0.));
#11395=DIRECTION('center_axis',(0.,0.,-1.));
#11396=DIRECTION('ref_axis',(-1.,0.,0.));
#11397=DIRECTION('',(0.,1.,0.));
#11398=DIRECTION('',(1.,0.,0.));
#11399=DIRECTION('center_axis',(0.,0.,-1.));
#11400=DIRECTION('ref_axis',(-1.,0.,0.));
#11401=DIRECTION('',(-1.,0.,0.));
#11402=DIRECTION('',(0.,1.,0.));
#11403=DIRECTION('center_axis',(0.917561838941794,0.,-0.397593098176709));
#11404=DIRECTION('ref_axis',(-0.397593098176709,0.,-0.917561838941794));
#11405=DIRECTION('',(0.397593098176709,0.,0.917561838941794));
#11406=DIRECTION('center_axis',(0.917561838941794,0.,-0.397593098176709));
#11407=DIRECTION('ref_axis',(-0.397593098176709,0.,-0.917561838941794));
#11408=DIRECTION('',(-0.397593098176709,0.,-0.917561838941794));
#11409=DIRECTION('',(0.,1.,0.));
#11410=DIRECTION('center_axis',(0.,0.,1.));
#11411=DIRECTION('ref_axis',(1.,0.,0.));
#11412=DIRECTION('',(1.,0.,0.));
#11413=DIRECTION('center_axis',(-0.917561838941794,0.,0.397593098176709));
#11414=DIRECTION('ref_axis',(0.397593098176709,0.,0.917561838941794));
#11415=DIRECTION('',(0.,1.,0.));
#11416=DIRECTION('',(-0.397593098176709,0.,-0.917561838941794));
#11417=DIRECTION('',(0.,1.,0.));
#11418=DIRECTION('center_axis',(-0.917561838941794,0.,0.397593098176709));
#11419=DIRECTION('ref_axis',(0.397593098176709,0.,0.917561838941794));
#11420=DIRECTION('',(0.,1.,0.));
#11421=DIRECTION('',(0.397593098176709,0.,0.917561838941794));
#11422=DIRECTION('',(0.,1.,0.));
#11423=DIRECTION('center_axis',(0.,0.,1.));
#11424=DIRECTION('ref_axis',(1.,0.,0.));
#11425=DIRECTION('',(-1.,0.,0.));
#11426=DIRECTION('',(0.,1.,0.));
#11427=DIRECTION('center_axis',(0.,0.,-1.));
#11428=DIRECTION('ref_axis',(-1.,0.,0.));
#11429=DIRECTION('',(0.,1.,0.));
#11430=DIRECTION('',(1.,0.,0.));
#11431=DIRECTION('center_axis',(0.,0.,-1.));
#11432=DIRECTION('ref_axis',(-1.,0.,0.));
#11433=DIRECTION('',(-1.,0.,0.));
#11434=DIRECTION('',(0.,1.,0.));
#11435=DIRECTION('center_axis',(0.917561838941794,0.,-0.397593098176709));
#11436=DIRECTION('ref_axis',(-0.397593098176709,0.,-0.917561838941794));
#11437=DIRECTION('',(0.397593098176709,0.,0.917561838941794));
#11438=DIRECTION('center_axis',(0.917561838941794,0.,-0.397593098176709));
#11439=DIRECTION('ref_axis',(-0.397593098176709,0.,-0.917561838941794));
#11440=DIRECTION('',(-0.397593098176709,0.,-0.917561838941794));
#11441=DIRECTION('',(0.,1.,0.));
#11442=DIRECTION('center_axis',(0.,0.,1.));
#11443=DIRECTION('ref_axis',(1.,0.,0.));
#11444=DIRECTION('',(1.,0.,0.));
#11445=DIRECTION('center_axis',(-0.917561838941794,0.,0.397593098176709));
#11446=DIRECTION('ref_axis',(0.397593098176709,0.,0.917561838941794));
#11447=DIRECTION('',(0.,1.,0.));
#11448=DIRECTION('',(-0.397593098176709,0.,-0.917561838941794));
#11449=DIRECTION('',(0.,1.,0.));
#11450=DIRECTION('center_axis',(-0.917561838941794,0.,0.397593098176709));
#11451=DIRECTION('ref_axis',(0.397593098176709,0.,0.917561838941794));
#11452=DIRECTION('',(0.,1.,0.));
#11453=DIRECTION('',(0.397593098176709,0.,0.917561838941794));
#11454=DIRECTION('',(0.,1.,0.));
#11455=DIRECTION('center_axis',(0.,0.,1.));
#11456=DIRECTION('ref_axis',(1.,0.,0.));
#11457=DIRECTION('',(-1.,0.,0.));
#11458=DIRECTION('',(0.,1.,0.));
#11459=DIRECTION('center_axis',(0.,0.,-1.));
#11460=DIRECTION('ref_axis',(-1.,0.,0.));
#11461=DIRECTION('',(0.,1.,0.));
#11462=DIRECTION('',(1.,0.,0.));
#11463=DIRECTION('center_axis',(0.,0.,-1.));
#11464=DIRECTION('ref_axis',(-1.,0.,0.));
#11465=DIRECTION('',(-1.,0.,0.));
#11466=DIRECTION('',(0.,1.,0.));
#11467=DIRECTION('center_axis',(0.917561838941794,0.,-0.397593098176709));
#11468=DIRECTION('ref_axis',(-0.397593098176709,0.,-0.917561838941794));
#11469=DIRECTION('',(0.397593098176709,0.,0.917561838941794));
#11470=DIRECTION('center_axis',(0.917561838941794,0.,-0.397593098176709));
#11471=DIRECTION('ref_axis',(-0.397593098176709,0.,-0.917561838941794));
#11472=DIRECTION('',(-0.397593098176709,0.,-0.917561838941794));
#11473=DIRECTION('',(0.,1.,0.));
#11474=DIRECTION('center_axis',(0.,0.,1.));
#11475=DIRECTION('ref_axis',(1.,0.,0.));
#11476=DIRECTION('',(1.,0.,0.));
#11477=DIRECTION('center_axis',(0.,0.,1.));
#11478=DIRECTION('ref_axis',(1.,0.,0.));
#11479=DIRECTION('',(0.,1.,0.));
#11480=DIRECTION('',(-1.,0.,0.));
#11481=DIRECTION('',(0.,1.,0.));
#11482=DIRECTION('center_axis',(-0.917561838941794,0.,0.397593098176709));
#11483=DIRECTION('ref_axis',(0.397593098176709,0.,0.917561838941794));
#11484=DIRECTION('',(0.,1.,0.));
#11485=DIRECTION('',(-0.397593098176709,0.,-0.917561838941794));
#11486=DIRECTION('center_axis',(-0.917561838941794,0.,0.397593098176709));
#11487=DIRECTION('ref_axis',(0.397593098176709,0.,0.917561838941794));
#11488=DIRECTION('',(0.,1.,0.));
#11489=DIRECTION('',(0.397593098176709,0.,0.917561838941794));
#11490=DIRECTION('',(0.,1.,0.));
#11491=DIRECTION('center_axis',(1.,0.,0.));
#11492=DIRECTION('ref_axis',(0.,0.,-1.));
#11493=DIRECTION('',(0.,0.,1.));
#11494=DIRECTION('',(0.,1.,0.));
#11495=DIRECTION('center_axis',(0.,0.,-1.));
#11496=DIRECTION('ref_axis',(-1.,0.,0.));
#11497=DIRECTION('',(0.,1.,0.));
#11498=DIRECTION('',(1.,0.,0.));
#11499=DIRECTION('center_axis',(0.,0.,-1.));
#11500=DIRECTION('ref_axis',(-1.,0.,0.));
#11501=DIRECTION('',(-1.,0.,0.));
#11502=DIRECTION('',(0.,1.,0.));
#11503=DIRECTION('center_axis',(0.917561838941794,0.,-0.397593098176709));
#11504=DIRECTION('ref_axis',(-0.397593098176709,0.,-0.917561838941794));
#11505=DIRECTION('',(0.397593098176709,0.,0.917561838941794));
#11506=DIRECTION('center_axis',(0.917561838941794,0.,-0.397593098176709));
#11507=DIRECTION('ref_axis',(-0.397593098176709,0.,-0.917561838941794));
#11508=DIRECTION('',(-0.397593098176709,0.,-0.917561838941794));
#11509=DIRECTION('',(0.,1.,0.));
#11510=DIRECTION('center_axis',(1.,0.,0.));
#11511=DIRECTION('ref_axis',(0.,0.,-1.));
#11512=DIRECTION('',(0.,0.,-1.));
#11513=DIRECTION('',(0.,1.,0.));
#11514=DIRECTION('center_axis',(0.,0.,1.));
#11515=DIRECTION('ref_axis',(1.,0.,0.));
#11516=DIRECTION('',(1.,0.,0.));
#11517=DIRECTION('center_axis',(3.35818825198592E-16,-0.918238932588659,
0.396026845906235));
#11518=DIRECTION('ref_axis',(-1.43568371439064E-16,0.396026845906235,0.918238932588659));
#11519=DIRECTION('',(-1.,-3.65720525758875E-16,0.));
#11520=DIRECTION('',(2.46758130083806E-17,-0.396026845906235,-0.918238932588659));
#11521=DIRECTION('',(-1.,-3.65720525758875E-16,0.));
#11522=DIRECTION('center_axis',(3.35818825198592E-16,-0.918238932588659,
0.396026845906235));
#11523=DIRECTION('ref_axis',(-1.43568371439064E-16,0.396026845906235,0.918238932588659));
#11524=DIRECTION('',(-1.,-3.65720525758875E-16,0.));
#11525=DIRECTION('',(-1.43568371439064E-16,0.396026845906235,0.918238932588659));
#11526=DIRECTION('',(-1.,-3.65720525758875E-16,0.));
#11527=DIRECTION('center_axis',(0.,0.,-1.));
#11528=DIRECTION('ref_axis',(3.62521816192873E-16,-1.,0.));
#11529=DIRECTION('',(-1.,-3.65720525758875E-16,0.));
#11530=DIRECTION('',(-6.23084350554935E-17,1.,0.));
#11531=DIRECTION('center_axis',(0.,0.,-1.));
#11532=DIRECTION('ref_axis',(3.62521816192873E-16,-1.,0.));
#11533=DIRECTION('',(3.62521816192873E-16,-1.,0.));
#11534=DIRECTION('',(-1.,-3.65720525758875E-16,0.));
#11535=DIRECTION('center_axis',(0.,0.,1.));
#11536=DIRECTION('ref_axis',(-3.62521816192873E-16,1.,0.));
#11537=DIRECTION('',(6.23084350554935E-17,-1.,0.));
#11538=DIRECTION('',(-1.,-3.65720525758875E-16,0.));
#11539=DIRECTION('center_axis',(-3.35818825198593E-16,0.918238932588659,
-0.396026845906235));
#11540=DIRECTION('ref_axis',(1.43568371439063E-16,-0.396026845906235,-0.918238932588659));
#11541=DIRECTION('',(-2.46758130083805E-17,0.396026845906235,0.918238932588659));
#11542=DIRECTION('',(1.,3.65720525758875E-16,-4.06031348275521E-32));
#11543=DIRECTION('',(-2.46758130083805E-17,0.396026845906235,0.918238932588659));
#11544=DIRECTION('center_axis',(-3.35818825198593E-16,0.918238932588659,
-0.396026845906235));
#11545=DIRECTION('ref_axis',(1.43568371439063E-16,-0.396026845906235,-0.918238932588659));
#11546=DIRECTION('',(1.43568371439063E-16,-0.396026845906235,-0.918238932588659));
#11547=DIRECTION('',(1.43568371439063E-16,-0.396026845906235,-0.918238932588659));
#11548=DIRECTION('',(-1.,-3.65720525758875E-16,0.));
#11549=DIRECTION('center_axis',(0.,0.,1.));
#11550=DIRECTION('ref_axis',(-3.62521816192873E-16,1.,0.));
#11551=DIRECTION('',(-3.62521816192873E-16,1.,0.));
#11552=DIRECTION('center_axis',(3.35818825198592E-16,-0.918238932588659,
0.396026845906235));
#11553=DIRECTION('ref_axis',(-1.43568371439064E-16,0.396026845906235,0.918238932588659));
#11554=DIRECTION('',(2.46758130083806E-17,-0.396026845906235,-0.918238932588659));
#11555=DIRECTION('',(-1.,-3.65720525758875E-16,0.));
#11556=DIRECTION('',(-1.,-3.65720525758875E-16,0.));
#11557=DIRECTION('',(2.46758130083806E-17,-0.396026845906235,-0.918238932588659));
#11558=DIRECTION('center_axis',(3.35818825198592E-16,-0.918238932588659,
0.396026845906235));
#11559=DIRECTION('ref_axis',(-1.43568371439064E-16,0.396026845906235,0.918238932588659));
#11560=DIRECTION('',(-1.,-3.65720525758875E-16,0.));
#11561=DIRECTION('',(-1.43568371439064E-16,0.396026845906235,0.918238932588659));
#11562=DIRECTION('',(-1.,-3.65720525758875E-16,0.));
#11563=DIRECTION('center_axis',(0.,0.,-1.));
#11564=DIRECTION('ref_axis',(3.62521816192873E-16,-1.,0.));
#11565=DIRECTION('',(-1.,-3.65720525758875E-16,0.));
#11566=DIRECTION('',(-6.23084350554935E-17,1.,0.));
#11567=DIRECTION('center_axis',(0.,0.,-1.));
#11568=DIRECTION('ref_axis',(3.62521816192873E-16,-1.,0.));
#11569=DIRECTION('',(3.62521816192873E-16,-1.,0.));
#11570=DIRECTION('',(-1.,-3.65720525758875E-16,0.));
#11571=DIRECTION('center_axis',(0.,0.,1.));
#11572=DIRECTION('ref_axis',(-3.62521816192873E-16,1.,0.));
#11573=DIRECTION('',(6.23084350554935E-17,-1.,0.));
#11574=DIRECTION('',(-1.,-3.65720525758875E-16,0.));
#11575=DIRECTION('center_axis',(-3.35818825198593E-16,0.918238932588659,
-0.396026845906235));
#11576=DIRECTION('ref_axis',(1.43568371439063E-16,-0.396026845906235,-0.918238932588659));
#11577=DIRECTION('',(-2.46758130083805E-17,0.396026845906235,0.918238932588659));
#11578=DIRECTION('center_axis',(-3.35818825198593E-16,0.918238932588659,
-0.396026845906235));
#11579=DIRECTION('ref_axis',(1.43568371439063E-16,-0.396026845906235,-0.918238932588659));
#11580=DIRECTION('',(1.43568371439063E-16,-0.396026845906235,-0.918238932588659));
#11581=DIRECTION('',(-1.,-3.65720525758875E-16,0.));
#11582=DIRECTION('center_axis',(0.,0.,1.));
#11583=DIRECTION('ref_axis',(-3.62521816192873E-16,1.,0.));
#11584=DIRECTION('',(-3.62521816192873E-16,1.,0.));
#11585=DIRECTION('center_axis',(3.35818825198592E-16,-0.918238932588659,
0.396026845906235));
#11586=DIRECTION('ref_axis',(-1.43568371439064E-16,0.396026845906235,0.918238932588659));
#11587=DIRECTION('',(-1.,-3.65720525758875E-16,0.));
#11588=DIRECTION('',(-1.43568371439064E-16,0.396026845906235,0.918238932588659));
#11589=DIRECTION('',(-1.,-3.65720525758875E-16,0.));
#11590=DIRECTION('center_axis',(0.,0.,-1.));
#11591=DIRECTION('ref_axis',(3.62521816192873E-16,-1.,0.));
#11592=DIRECTION('',(-6.23084350554935E-17,1.,0.));
#11593=DIRECTION('center_axis',(0.,0.,-1.));
#11594=DIRECTION('ref_axis',(3.62521816192873E-16,-1.,0.));
#11595=DIRECTION('',(3.62521816192873E-16,-1.,0.));
#11596=DIRECTION('',(-1.,-3.65720525758875E-16,0.));
#11597=DIRECTION('center_axis',(0.,0.,1.));
#11598=DIRECTION('ref_axis',(-3.62521816192873E-16,1.,0.));
#11599=DIRECTION('',(6.23084350554935E-17,-1.,0.));
#11600=DIRECTION('center_axis',(-3.35818825198593E-16,0.918238932588659,
-0.396026845906235));
#11601=DIRECTION('ref_axis',(1.43568371439063E-16,-0.396026845906235,-0.918238932588659));
#11602=DIRECTION('',(1.43568371439063E-16,-0.396026845906235,-0.918238932588659));
#11603=DIRECTION('',(-1.,-3.65720525758875E-16,0.));
#11604=DIRECTION('center_axis',(0.,0.,1.));
#11605=DIRECTION('ref_axis',(-3.62521816192873E-16,1.,0.));
#11606=DIRECTION('',(-3.62521816192873E-16,1.,0.));
#11607=DIRECTION('center_axis',(3.35818825198592E-16,-0.918238932588659,
0.396026845906235));
#11608=DIRECTION('ref_axis',(-1.43568371439064E-16,0.396026845906235,0.918238932588659));
#11609=DIRECTION('',(-1.,-3.65720525758875E-16,0.));
#11610=DIRECTION('',(-1.43568371439064E-16,0.396026845906235,0.918238932588659));
#11611=DIRECTION('',(-1.,-3.65720525758875E-16,0.));
#11612=DIRECTION('center_axis',(0.,0.,-1.));
#11613=DIRECTION('ref_axis',(3.62521816192873E-16,-1.,0.));
#11614=DIRECTION('',(-6.23084350554935E-17,1.,0.));
#11615=DIRECTION('center_axis',(0.,0.,-1.));
#11616=DIRECTION('ref_axis',(3.62521816192873E-16,-1.,0.));
#11617=DIRECTION('',(3.62521816192873E-16,-1.,0.));
#11618=DIRECTION('',(-1.,-3.65720525758875E-16,0.));
#11619=DIRECTION('center_axis',(0.,0.,1.));
#11620=DIRECTION('ref_axis',(-3.62521816192873E-16,1.,0.));
#11621=DIRECTION('',(6.23084350554935E-17,-1.,0.));
#11622=DIRECTION('center_axis',(-3.35818825198593E-16,0.918238932588659,
-0.396026845906235));
#11623=DIRECTION('ref_axis',(1.43568371439063E-16,-0.396026845906235,-0.918238932588659));
#11624=DIRECTION('',(1.43568371439063E-16,-0.396026845906235,-0.918238932588659));
#11625=DIRECTION('',(-1.,-3.65720525758875E-16,0.));
#11626=DIRECTION('center_axis',(0.,0.,1.));
#11627=DIRECTION('ref_axis',(-3.62521816192873E-16,1.,0.));
#11628=DIRECTION('',(-3.62521816192873E-16,1.,0.));
#11629=DIRECTION('center_axis',(3.65720525758875E-16,-1.,0.));
#11630=DIRECTION('ref_axis',(0.,0.,1.));
#11631=DIRECTION('',(-1.,-3.65720525758875E-16,0.));
#11632=DIRECTION('',(0.,0.,-1.));
#11633=DIRECTION('',(-1.,-3.65720525758875E-16,0.));
#11634=DIRECTION('center_axis',(3.65720525758875E-16,-1.,0.));
#11635=DIRECTION('ref_axis',(0.,0.,1.));
#11636=DIRECTION('',(-1.,-3.65720525758875E-16,0.));
#11637=DIRECTION('',(0.,0.,1.));
#11638=DIRECTION('',(-1.,-3.65720525758875E-16,0.));
#11639=DIRECTION('center_axis',(3.35818825198592E-16,-0.918238932588659,
0.396026845906235));
#11640=DIRECTION('ref_axis',(-1.43568371439064E-16,0.396026845906235,0.918238932588659));
#11641=DIRECTION('',(2.46758130083806E-17,-0.396026845906235,-0.918238932588659));
#11642=DIRECTION('',(-1.,-3.65720525758875E-16,0.));
#11643=DIRECTION('center_axis',(0.,0.,-1.));
#11644=DIRECTION('ref_axis',(3.62521816192873E-16,-1.,0.));
#11645=DIRECTION('',(-6.23084350554935E-17,1.,0.));
#11646=DIRECTION('center_axis',(0.,0.,-1.));
#11647=DIRECTION('ref_axis',(3.62521816192873E-16,-1.,0.));
#11648=DIRECTION('',(3.62521816192873E-16,-1.,0.));
#11649=DIRECTION('',(-1.,-3.65720525758875E-16,0.));
#11650=DIRECTION('center_axis',(0.,0.,1.));
#11651=DIRECTION('ref_axis',(-3.62521816192873E-16,1.,0.));
#11652=DIRECTION('',(6.23084350554935E-17,-1.,0.));
#11653=DIRECTION('center_axis',(-3.35818825198593E-16,0.918238932588659,
-0.396026845906235));
#11654=DIRECTION('ref_axis',(1.43568371439063E-16,-0.396026845906235,-0.918238932588659));
#11655=DIRECTION('',(1.43568371439063E-16,-0.396026845906235,-0.918238932588659));
#11656=DIRECTION('',(-1.,-3.65720525758875E-16,0.));
#11657=DIRECTION('center_axis',(0.,0.,1.));
#11658=DIRECTION('ref_axis',(-3.62521816192873E-16,1.,0.));
#11659=DIRECTION('',(-3.62521816192873E-16,1.,0.));
#11660=DIRECTION('',(-1.,-3.65720525758875E-16,0.));
#11661=DIRECTION('center_axis',(3.35818825198592E-16,-0.918238932588659,
0.396026845906235));
#11662=DIRECTION('ref_axis',(-1.43568371439064E-16,0.396026845906235,0.918238932588659));
#11663=DIRECTION('',(-1.43568371439064E-16,0.396026845906235,0.918238932588659));
#11664=DIRECTION('center_axis',(0.,0.,1.));
#11665=DIRECTION('ref_axis',(0.,1.,0.));
#11666=DIRECTION('center_axis',(0.,0.,1.));
#11667=DIRECTION('ref_axis',(1.,0.,0.));
#11668=DIRECTION('center_axis',(0.,0.,1.));
#11669=DIRECTION('ref_axis',(-1.,-1.48029736616688E-15,0.));
#11670=DIRECTION('',(1.,0.,0.));
#11671=DIRECTION('center_axis',(0.,0.,1.));
#11672=DIRECTION('ref_axis',(-1.57898385724467E-14,-1.,0.));
#11673=DIRECTION('',(-3.62521816192873E-16,1.,0.));
#11674=DIRECTION('center_axis',(0.,0.,1.));
#11675=DIRECTION('ref_axis',(0.99999999999973,-7.3491152126791E-7,0.));
#11676=DIRECTION('',(-1.,0.,0.));
#11677=DIRECTION('center_axis',(0.,0.,1.));
#11678=DIRECTION('ref_axis',(8.82010514007765E-15,1.,0.));
#11679=DIRECTION('',(6.23084350554935E-17,-1.,0.));
#11680=DIRECTION('center_axis',(-1.,0.,0.));
#11681=DIRECTION('ref_axis',(3.24415818883974E-17,1.83697019872103E-16,
-1.));
#11682=DIRECTION('center_axis',(-1.,-5.94762334620619E-17,0.));
#11683=DIRECTION('ref_axis',(5.94762334620619E-17,-1.,0.));
#11684=DIRECTION('',(0.707106781186549,0.70710642269376,-0.000712028954263702));
#11685=DIRECTION('center_axis',(1.,5.94762334620619E-17,0.));
#11686=DIRECTION('ref_axis',(0.,-1.,0.));
#11687=DIRECTION('center_axis',(-0.707106781186546,-0.707106781186549,0.));
#11688=DIRECTION('ref_axis',(0.,0.,1.));
#11689=DIRECTION('',(0.,0.,1.));
#11690=DIRECTION('',(-0.707106781186549,0.707106781186546,-7.85046229341885E-17));
#11691=DIRECTION('',(0.,0.,-1.));
#11692=DIRECTION('center_axis',(-0.707106781186546,0.707106422693763,-0.000712028954263502));
#11693=DIRECTION('ref_axis',(-0.00100696049340781,0.,0.999999493015154));
#11694=DIRECTION('',(0.707106601940088,0.707106960432962,-7.85046428345383E-17));
#11695=DIRECTION('',(5.98902477564437E-20,-0.00100696100392177,-0.99999949301464));
#11696=DIRECTION('',(-5.98902477564437E-20,0.00100696100392177,0.99999949301464));
#11697=DIRECTION('center_axis',(0.,1.,0.));
#11698=DIRECTION('ref_axis',(0.,0.,1.));
#11699=DIRECTION('',(1.,0.,0.));
#11700=DIRECTION('',(0.,0.,1.));
#11701=DIRECTION('',(1.,0.,0.));
#11702=DIRECTION('center_axis',(-1.,0.,0.));
#11703=DIRECTION('ref_axis',(0.,1.83697019872103E-16,-1.));
#11704=DIRECTION('',(1.,0.,0.));
#11705=DIRECTION('center_axis',(1.,5.94762334620619E-17,0.));
#11706=DIRECTION('ref_axis',(5.94762334620619E-17,-1.,0.));
#11707=DIRECTION('center_axis',(-1.,-2.42509669034505E-13,0.));
#11708=DIRECTION('ref_axis',(0.,-1.,0.));
#11709=DIRECTION('',(1.,0.,0.));
#11710=DIRECTION('center_axis',(1.,2.42509759376412E-13,0.));
#11711=DIRECTION('ref_axis',(0.,-1.,0.));
#11712=DIRECTION('',(-1.,0.,0.));
#11713=DIRECTION('center_axis',(-1.,-2.4254667646149E-13,0.));
#11714=DIRECTION('ref_axis',(0.,-1.,0.));
#11715=DIRECTION('',(1.,0.,0.));
#11716=DIRECTION('center_axis',(1.,2.42546766817184E-13,0.));
#11717=DIRECTION('ref_axis',(0.,-1.,0.));
#11718=DIRECTION('',(-1.,0.,0.));
#11719=DIRECTION('center_axis',(0.,-0.99999949301464,0.00100696100392177));
#11720=DIRECTION('ref_axis',(5.98902477564437E-20,-0.00100696100392177,
-0.99999949301464));
#11721=DIRECTION('',(1.,0.,0.));
#11722=DIRECTION('',(5.98902477564437E-20,-0.00100696100392177,-0.99999949301464));
#11723=DIRECTION('center_axis',(0.,1.11022302462516E-16,1.));
#11724=DIRECTION('ref_axis',(-5.94762334620619E-17,1.,-1.11022302462516E-16));
#11725=DIRECTION('',(-5.94762334620619E-17,1.,-1.11022302462516E-16));
#11726=DIRECTION('',(5.94762334620619E-17,-1.,1.11022302462516E-16));
#11727=DIRECTION('center_axis',(0.,1.11022302462516E-16,1.));
#11728=DIRECTION('ref_axis',(-1.,0.,0.));
#11729=DIRECTION('center_axis',(0.,0.,1.));
#11730=DIRECTION('ref_axis',(-1.,0.,0.));
#11731=DIRECTION('',(-0.707106781186549,-8.65956056235495E-17,-0.707106781186546));
#11732=DIRECTION('center_axis',(0.,-1.11022302462516E-16,-1.));
#11733=DIRECTION('ref_axis',(-1.,0.,0.));
#11734=DIRECTION('center_axis',(0.,-1.11022302462516E-16,-1.));
#11735=DIRECTION('ref_axis',(-1.,0.,0.));
#11736=DIRECTION('center_axis',(0.,0.,-1.));
#11737=DIRECTION('ref_axis',(1.,0.,0.));
#11738=DIRECTION('',(0.,0.,-1.));
#11739=DIRECTION('center_axis',(0.,0.,1.));
#11740=DIRECTION('ref_axis',(-1.,0.,0.));
#11741=DIRECTION('center_axis',(0.,1.11022302462516E-16,1.));
#11742=DIRECTION('ref_axis',(-1.,0.,0.));
#11743=DIRECTION('',(-0.707106781186555,-8.65956056235503E-17,-0.70710678118654));
#11744=DIRECTION('center_axis',(0.,-1.11022302462516E-16,-1.));
#11745=DIRECTION('ref_axis',(-1.,0.,0.));
#11746=DIRECTION('center_axis',(0.,-1.11022302462516E-16,-1.));
#11747=DIRECTION('ref_axis',(-1.,0.,0.));
#11748=DIRECTION('center_axis',(0.,0.,-1.));
#11749=DIRECTION('ref_axis',(1.,0.,0.));
#11750=DIRECTION('',(0.,0.,-1.));
#11751=DIRECTION('center_axis',(0.,1.11022302462516E-16,1.));
#11752=DIRECTION('ref_axis',(-5.94762334620619E-17,1.,-1.11022302462516E-16));
#11753=DIRECTION('',(5.94762334620619E-17,-1.,1.11022302462516E-16));
#11754=DIRECTION('',(-5.94762334620619E-17,1.,-1.11022302462516E-16));
#11755=DIRECTION('center_axis',(-0.707106781186546,-1.71506463571303E-13,
0.707106781186549));
#11756=DIRECTION('ref_axis',(0.707106781186549,0.,0.707106781186546));
#11757=DIRECTION('',(0.545947266335076,0.635518028668228,0.545947266335227));
#11758=DIRECTION('',(2.42546766817184E-13,-1.,0.));
#11759=DIRECTION('',(-0.545947266335292,0.635518028668121,-0.545947266335135));
#11760=DIRECTION('',(2.4254667646149E-13,-1.,0.));
#11761=DIRECTION('center_axis',(-1.,-2.42546766817184E-13,0.));
#11762=DIRECTION('ref_axis',(-2.42546766817184E-13,1.,0.));
#11763=DIRECTION('',(1.8398095969732E-13,-0.758538083651277,0.651628709964999));
#11764=DIRECTION('',(1.8398095969732E-13,-0.758538083651277,-0.651628709964999));
#11765=DIRECTION('center_axis',(0.707106781186546,1.71506399680179E-13,
0.707106781186549));
#11766=DIRECTION('ref_axis',(0.707106781186549,0.,-0.707106781186546));
#11767=DIRECTION('',(-0.545947266335076,-0.635518028668228,0.545947266335227));
#11768=DIRECTION('',(-2.4254667646149E-13,1.,0.));
#11769=DIRECTION('',(0.545947266335292,-0.635518028668121,-0.545947266335135));
#11770=DIRECTION('center_axis',(1.,2.4254667646149E-13,0.));
#11771=DIRECTION('ref_axis',(2.4254667646149E-13,-1.,0.));
#11772=DIRECTION('',(-1.83980891159085E-13,0.758538083651277,0.651628709964999));
#11773=DIRECTION('',(-1.83980891159085E-13,0.758538083651277,-0.651628709964999));
#11774=DIRECTION('center_axis',(-0.707106781186546,-1.71480295358979E-13,
0.707106781186549));
#11775=DIRECTION('ref_axis',(0.707106781186549,0.,0.707106781186546));
#11776=DIRECTION('',(0.545947266335075,0.635518028668228,0.545947266335227));
#11777=DIRECTION('',(2.42509759376412E-13,-1.,0.));
#11778=DIRECTION('',(-0.545947266335292,0.635518028668121,-0.545947266335136));
#11779=DIRECTION('',(2.42509669034505E-13,-1.,0.));
#11780=DIRECTION('center_axis',(-1.,-2.42509759376412E-13,0.));
#11781=DIRECTION('ref_axis',(-2.42509759376412E-13,1.,0.));
#11782=DIRECTION('',(1.83952888144116E-13,-0.758538083651277,0.651628709964999));
#11783=DIRECTION('',(1.83952888144116E-13,-0.758538083651277,-0.651628709964999));
#11784=DIRECTION('center_axis',(0.707106781186546,1.71480231477603E-13,
0.707106781186549));
#11785=DIRECTION('ref_axis',(0.707106781186549,0.,-0.707106781186546));
#11786=DIRECTION('',(-0.545947266335075,-0.635518028668228,0.545947266335227));
#11787=DIRECTION('',(-2.42509669034505E-13,1.,0.));
#11788=DIRECTION('',(0.545947266335292,-0.635518028668121,-0.545947266335136));
#11789=DIRECTION('center_axis',(1.,2.42509669034505E-13,0.));
#11790=DIRECTION('ref_axis',(2.42509669034505E-13,-1.,0.));
#11791=DIRECTION('',(-1.83952819616339E-13,0.758538083651277,0.651628709964999));
#11792=DIRECTION('',(-1.83952819616339E-13,0.758538083651277,-0.651628709964999));
#11793=DIRECTION('center_axis',(0.,-0.651628709964999,0.758538083651277));
#11794=DIRECTION('ref_axis',(1.,0.,0.));
#11795=DIRECTION('center_axis',(0.,0.651628709964999,0.758538083651277));
#11796=DIRECTION('ref_axis',(1.,0.,0.));
#11797=DIRECTION('center_axis',(0.,-0.651628709964999,0.758538083651277));
#11798=DIRECTION('ref_axis',(1.,0.,0.));
#11799=DIRECTION('center_axis',(0.,0.651628709964999,0.758538083651277));
#11800=DIRECTION('ref_axis',(1.,0.,0.));
#11801=DIRECTION('center_axis',(-1.,-5.94762334620619E-17,0.));
#11802=DIRECTION('ref_axis',(5.94762334620619E-17,-1.,0.));
#11803=DIRECTION('center_axis',(0.,1.,0.));
#11804=DIRECTION('ref_axis',(0.,0.,-1.));
#11805=DIRECTION('',(1.,0.,0.));
#11806=DIRECTION('',(0.,0.,-1.));
#11807=DIRECTION('',(-1.,0.,0.));
#11808=DIRECTION('',(0.,0.,1.));
#11809=DIRECTION('center_axis',(0.,0.,-1.));
#11810=DIRECTION('ref_axis',(0.,-1.,0.));
#11811=DIRECTION('',(0.,1.,0.));
#11812=DIRECTION('',(0.,-1.,0.));
#11813=DIRECTION('',(-1.,0.,0.));
#11814=DIRECTION('center_axis',(0.,0.90286053601848,0.429933544283792));
#11815=DIRECTION('ref_axis',(0.,0.429933544283792,-0.90286053601848));
#11816=DIRECTION('',(0.,-0.429933544283792,0.90286053601848));
#11817=DIRECTION('',(0.,0.429933544283792,-0.90286053601848));
#11818=DIRECTION('',(-1.,0.,0.));
#11819=DIRECTION('center_axis',(0.,0.,1.));
#11820=DIRECTION('ref_axis',(0.,1.,0.));
#11821=DIRECTION('',(0.,-1.,0.));
#11822=DIRECTION('',(0.,1.,0.));
#11823=DIRECTION('center_axis',(1.,0.,0.));
#11824=DIRECTION('ref_axis',(0.,1.,0.));
#11825=DIRECTION('',(0.,-1.,0.));
#11826=DIRECTION('center_axis',(0.,0.,1.));
#11827=DIRECTION('ref_axis',(1.,0.,0.));
#11828=DIRECTION('',(0.,1.,0.));
#11829=DIRECTION('',(1.,0.,0.));
#11830=DIRECTION('',(-1.,0.,0.));
#11831=DIRECTION('',(0.,-1.,0.));
#11832=DIRECTION('center_axis',(0.,1.,0.));
#11833=DIRECTION('ref_axis',(0.,0.,-1.));
#11834=DIRECTION('',(0.,0.,-1.));
#11835=DIRECTION('',(-1.,0.,0.));
#11836=DIRECTION('center_axis',(-1.,0.,0.));
#11837=DIRECTION('ref_axis',(0.,0.,1.));
#11838=DIRECTION('',(0.,1.,0.));
#11839=DIRECTION('',(0.,0.429933544283792,-0.90286053601848));
#11840=DIRECTION('',(0.,-1.,0.));
#11841=DIRECTION('center_axis',(0.,0.,-1.));
#11842=DIRECTION('ref_axis',(0.,-1.,0.));
#11843=DIRECTION('',(-1.,0.,0.));
#11844=DIRECTION('center_axis',(0.,0.90286053601848,0.429933544283792));
#11845=DIRECTION('ref_axis',(0.,0.429933544283792,-0.90286053601848));
#11846=DIRECTION('',(-1.,0.,0.));
#11847=DIRECTION('center_axis',(0.,0.,1.));
#11848=DIRECTION('ref_axis',(0.,1.,0.));
#11849=DIRECTION('center_axis',(-1.,0.,0.));
#11850=DIRECTION('ref_axis',(0.,-1.,0.));
#11851=DIRECTION('',(0.,-1.,0.));
#11852=DIRECTION('',(0.,0.,1.));
#11853=DIRECTION('center_axis',(0.,1.,0.));
#11854=DIRECTION('ref_axis',(-1.,0.,0.));
#11855=DIRECTION('',(-1.,0.,0.));
#11856=DIRECTION('center_axis',(0.,0.,1.));
#11857=DIRECTION('ref_axis',(1.,0.,0.));
#11858=DIRECTION('center_axis',(0.,1.,0.));
#11859=DIRECTION('ref_axis',(-1.,0.,0.));
#11860=DIRECTION('',(-1.,0.,0.));
#11861=DIRECTION('',(0.,0.,1.));
#11862=DIRECTION('center_axis',(1.,0.,0.));
#11863=DIRECTION('ref_axis',(0.,1.,0.));
#11864=DIRECTION('',(0.,1.,0.));
#11865=DIRECTION('center_axis',(0.,0.,1.));
#11866=DIRECTION('ref_axis',(1.,0.,0.));
#11867=DIRECTION('center_axis',(0.,-0.97152033878313,0.236956180191007));
#11868=DIRECTION('ref_axis',(0.,-0.236956180191007,-0.97152033878313));
#11869=DIRECTION('',(-1.,0.,0.));
#11870=DIRECTION('',(0.,-0.236956180191007,-0.97152033878313));
#11871=DIRECTION('',(1.,0.,0.));
#11872=DIRECTION('center_axis',(0.,0.,1.));
#11873=DIRECTION('ref_axis',(0.,-1.,0.));
#11874=DIRECTION('',(0.,-1.,0.));
#11875=DIRECTION('center_axis',(0.,-1.,0.));
#11876=DIRECTION('ref_axis',(0.,0.,-1.));
#11877=DIRECTION('',(0.,0.,-1.));
#11878=DIRECTION('',(1.,0.,0.));
#11879=DIRECTION('center_axis',(0.,0.,-1.));
#11880=DIRECTION('ref_axis',(0.,1.,0.));
#11881=DIRECTION('',(0.,1.,0.));
#11882=DIRECTION('center_axis',(1.,0.,0.));
#11883=DIRECTION('ref_axis',(0.,0.,-1.));
#11884=DIRECTION('center_axis',(0.,0.,1.));
#11885=DIRECTION('ref_axis',(1.,0.,0.));
#11886=DIRECTION('center_axis',(0.,0.,1.));
#11887=DIRECTION('ref_axis',(1.,0.,0.));
#11888=DIRECTION('',(0.707106781186553,8.65956056235499E-17,-0.707106781186542));
#11889=DIRECTION('center_axis',(0.,0.,-1.));
#11890=DIRECTION('ref_axis',(1.,0.,0.));
#11891=DIRECTION('center_axis',(0.,0.,1.));
#11892=DIRECTION('ref_axis',(1.,0.,0.));
#11893=DIRECTION('',(0.,0.,-1.));
#11894=DIRECTION('center_axis',(0.,0.,1.));
#11895=DIRECTION('ref_axis',(1.,0.,0.));
#11896=DIRECTION('center_axis',(0.,0.,1.));
#11897=DIRECTION('ref_axis',(1.,0.,0.));
#11898=DIRECTION('center_axis',(0.,0.,1.));
#11899=DIRECTION('ref_axis',(1.,0.,0.));
#11900=DIRECTION('center_axis',(0.,0.,1.));
#11901=DIRECTION('ref_axis',(1.,0.,0.));
#11902=DIRECTION('',(0.707106781186553,8.65956056235499E-17,-0.707106781186542));
#11903=DIRECTION('center_axis',(0.,0.,-1.));
#11904=DIRECTION('ref_axis',(1.,0.,0.));
#11905=DIRECTION('center_axis',(0.,0.,1.));
#11906=DIRECTION('ref_axis',(1.,0.,0.));
#11907=DIRECTION('',(0.,0.,-1.));
#11908=DIRECTION('center_axis',(0.,0.,1.));
#11909=DIRECTION('ref_axis',(1.,0.,0.));
#11910=DIRECTION('center_axis',(0.,0.,1.));
#11911=DIRECTION('ref_axis',(1.,0.,0.));
#11912=DIRECTION('center_axis',(0.,0.,1.));
#11913=DIRECTION('ref_axis',(1.,0.,0.));
#11914=DIRECTION('center_axis',(0.,0.,1.));
#11915=DIRECTION('ref_axis',(1.,0.,0.));
#11916=DIRECTION('',(0.707106781186548,8.65956056235494E-17,-0.707106781186547));
#11917=DIRECTION('center_axis',(0.,0.,-1.));
#11918=DIRECTION('ref_axis',(1.,0.,0.));
#11919=DIRECTION('center_axis',(0.,0.,1.));
#11920=DIRECTION('ref_axis',(1.,0.,0.));
#11921=DIRECTION('',(0.,0.,-1.));
#11922=DIRECTION('center_axis',(0.,0.,1.));
#11923=DIRECTION('ref_axis',(1.,0.,0.));
#11924=DIRECTION('center_axis',(0.,0.,1.));
#11925=DIRECTION('ref_axis',(1.,0.,0.));
#11926=DIRECTION('center_axis',(0.,0.,1.));
#11927=DIRECTION('ref_axis',(1.,0.,0.));
#11928=DIRECTION('center_axis',(0.,0.,1.));
#11929=DIRECTION('ref_axis',(1.,0.,0.));
#11930=DIRECTION('center_axis',(0.,-1.,0.));
#11931=DIRECTION('ref_axis',(-1.,0.,0.));
#11932=DIRECTION('',(0.,0.,1.));
#11933=DIRECTION('',(-1.,0.,0.));
#11934=DIRECTION('',(0.,0.,1.));
#11935=DIRECTION('center_axis',(0.,0.,-1.));
#11936=DIRECTION('ref_axis',(-1.57898385724467E-14,-1.,0.));
#11937=DIRECTION('center_axis',(0.,0.,-1.));
#11938=DIRECTION('ref_axis',(-1.57898385724467E-14,-1.,0.));
#11939=DIRECTION('',(0.,0.,1.));
#11940=DIRECTION('center_axis',(1.,3.62521816192873E-16,0.));
#11941=DIRECTION('ref_axis',(3.62521816192873E-16,-1.,0.));
#11942=DIRECTION('',(3.62521816192873E-16,-1.,0.));
#11943=DIRECTION('',(0.,0.,1.));
#11944=DIRECTION('center_axis',(0.,0.,-1.));
#11945=DIRECTION('ref_axis',(0.99999999999973,-7.3491152126791E-7,0.));
#11946=DIRECTION('center_axis',(0.,0.,-1.));
#11947=DIRECTION('ref_axis',(0.99999999999973,-7.3491152126791E-7,0.));
#11948=DIRECTION('',(0.,0.,1.));
#11949=DIRECTION('center_axis',(0.,1.,0.));
#11950=DIRECTION('ref_axis',(1.,0.,0.));
#11951=DIRECTION('',(1.,0.,0.));
#11952=DIRECTION('',(0.,0.,1.));
#11953=DIRECTION('center_axis',(0.,0.,-1.));
#11954=DIRECTION('ref_axis',(8.82010514007765E-15,1.,0.));
#11955=DIRECTION('center_axis',(0.,0.,-1.));
#11956=DIRECTION('ref_axis',(8.82010514007765E-15,1.,0.));
#11957=DIRECTION('',(0.,0.,1.));
#11958=DIRECTION('center_axis',(-1.,-6.23084350554935E-17,0.));
#11959=DIRECTION('ref_axis',(-6.23084350554935E-17,1.,0.));
#11960=DIRECTION('',(-6.23084350554935E-17,1.,0.));
#11961=DIRECTION('',(0.,0.,-1.));
#11962=DIRECTION('center_axis',(0.,0.,-1.));
#11963=DIRECTION('ref_axis',(-1.,-1.48029736616688E-15,0.));
#11964=DIRECTION('center_axis',(0.,0.,-1.));
#11965=DIRECTION('ref_axis',(-1.,-1.48029736616688E-15,0.));
#11966=DIRECTION('center_axis',(0.,0.,1.));
#11967=DIRECTION('ref_axis',(1.,0.,0.));
#11968=DIRECTION('center_axis',(0.,0.,1.));
#11969=DIRECTION('ref_axis',(1.,0.,0.));
#11970=DIRECTION('center_axis',(0.,1.,0.));
#11971=DIRECTION('ref_axis',(-1.,0.,0.));
#11972=DIRECTION('',(0.,0.,1.));
#11973=DIRECTION('center_axis',(-1.,0.,0.));
#11974=DIRECTION('ref_axis',(0.,-1.,0.));
#11975=DIRECTION('center_axis',(0.,0.,-1.));
#11976=DIRECTION('ref_axis',(0.,1.,0.));
#11977=DIRECTION('center_axis',(0.196116135138177,-0.980580675690922,0.));
#11978=DIRECTION('ref_axis',(0.980580675690921,0.196116135138177,0.));
#11979=DIRECTION('center_axis',(-0.980580675690921,0.196116135138181,1.74186118984725E-14));
#11980=DIRECTION('ref_axis',(0.196116135138181,0.980580675690921,0.));
#11981=DIRECTION('center_axis',(0.,0.,-1.));
#11982=DIRECTION('ref_axis',(1.,6.93889390390738E-16,0.));
#11983=DIRECTION('center_axis',(-0.980580675690921,-0.19611613513818,-5.44331621827265E-17));
#11984=DIRECTION('ref_axis',(0.19611613513818,-0.980580675690921,0.));
#11985=DIRECTION('center_axis',(0.196116135138181,0.980580675690921,3.48372237969452E-14));
#11986=DIRECTION('ref_axis',(0.980580675690921,-0.196116135138181,0.));
#11987=DIRECTION('center_axis',(0.,0.,-1.));
#11988=DIRECTION('ref_axis',(-1.38777878078145E-15,-1.,0.));
#11989=DIRECTION('center_axis',(-0.19611613513818,0.980580675690921,0.));
#11990=DIRECTION('ref_axis',(-0.980580675690921,-0.19611613513818,0.));
#11991=DIRECTION('center_axis',(0.980580675690921,-0.196116135138182,6.53197946192723E-15));
#11992=DIRECTION('ref_axis',(-0.196116135138182,-0.980580675690921,0.));
#11993=DIRECTION('center_axis',(0.,0.,-1.));
#11994=DIRECTION('ref_axis',(-1.,0.,0.));
#11995=DIRECTION('center_axis',(0.980580675690928,0.196116135138147,0.));
#11996=DIRECTION('ref_axis',(-0.196116135138147,0.980580675690928,0.));
#11997=DIRECTION('center_axis',(-0.196116135138146,-0.980580675690928,-3.53815554187662E-15));
#11998=DIRECTION('ref_axis',(-0.980580675690928,0.196116135138147,0.));
#11999=DIRECTION('center_axis',(-1.,0.,0.));
#12000=DIRECTION('ref_axis',(0.,0.707106781186538,0.707106781186557));
#12001=DIRECTION('',(-1.,0.,0.));
#12002=DIRECTION('',(1.,0.,0.));
#12003=DIRECTION('center_axis',(7.22211406325038E-17,-1.,0.));
#12004=DIRECTION('ref_axis',(-0.707106781186544,0.,0.707106781186551));
#12005=DIRECTION('',(-7.22211406325038E-17,1.,0.));
#12006=DIRECTION('',(7.22211406325038E-17,-1.,0.));
#12007=DIRECTION('center_axis',(1.,-3.44789759200373E-18,0.));
#12008=DIRECTION('ref_axis',(0.,-0.707106781186545,0.70710678118655));
#12009=DIRECTION('',(-1.,3.44789759200373E-18,0.));
#12010=DIRECTION('',(1.,-3.44789759200373E-18,0.));
#12011=DIRECTION('center_axis',(-3.62521803959234E-16,1.,0.));
#12012=DIRECTION('ref_axis',(0.707106781186551,0.,0.707106781186544));
#12013=DIRECTION('',(3.62521803959234E-16,-1.,0.));
#12014=DIRECTION('',(-3.62521803959234E-16,1.,0.));
#12015=DIRECTION('center_axis',(-1.,-3.62521803959234E-16,0.));
#12016=DIRECTION('ref_axis',(0.,0.,1.));
#12017=DIRECTION('',(0.,0.,1.));
#12018=DIRECTION('',(-3.62521803959235E-16,1.,0.));
#12019=DIRECTION('',(0.,0.,1.));
#12020=DIRECTION('center_axis',(0.,0.,1.));
#12021=DIRECTION('ref_axis',(1.,0.,0.));
#12022=DIRECTION('',(0.,0.,1.));
#12023=DIRECTION('center_axis',(0.,0.,1.));
#12024=DIRECTION('ref_axis',(1.,-8.88178430729209E-14,0.));
#12025=DIRECTION('center_axis',(0.,-1.,0.));
#12026=DIRECTION('ref_axis',(0.,0.,1.));
#12027=DIRECTION('',(0.,0.,1.));
#12028=DIRECTION('',(-1.,0.,0.));
#12029=DIRECTION('center_axis',(0.,0.,1.));
#12030=DIRECTION('ref_axis',(2.00456935001765E-15,1.,0.));
#12031=DIRECTION('',(0.,0.,1.));
#12032=DIRECTION('center_axis',(0.,0.,1.));
#12033=DIRECTION('ref_axis',(4.71844791324882E-14,1.,0.));
#12034=DIRECTION('center_axis',(0.,0.,1.));
#12035=DIRECTION('ref_axis',(-1.,0.,0.));
#12036=DIRECTION('center_axis',(0.,0.,1.));
#12037=DIRECTION('ref_axis',(-1.,0.,0.));
#12038=DIRECTION('',(4.81474270883359E-17,-1.,0.));
#12039=DIRECTION('center_axis',(0.,0.,1.));
#12040=DIRECTION('ref_axis',(9.6219328800847E-15,1.,0.));
#12041=DIRECTION('',(-1.,-6.50963060305861E-15,0.));
#12042=DIRECTION('center_axis',(0.,0.,1.));
#12043=DIRECTION('ref_axis',(0.99999999999973,-7.3491152126791E-7,0.));
#12044=DIRECTION('',(-3.62521816192873E-16,1.,0.));
#12045=DIRECTION('center_axis',(0.,0.,1.));
#12046=DIRECTION('ref_axis',(-1.57898385724467E-14,-1.,0.));
#12047=DIRECTION('',(1.,-6.89579518400718E-18,0.));
#12048=DIRECTION('center_axis',(0.,0.,1.));
#12049=DIRECTION('ref_axis',(-1.,-1.41861830924326E-15,0.));
#12050=DIRECTION('center_axis',(0.,0.,1.));
#12051=DIRECTION('ref_axis',(2.06624840694125E-14,1.,0.));
#12052=DIRECTION('',(7.22772186348701E-17,-1.,0.));
#12053=DIRECTION('center_axis',(0.,0.,1.));
#12054=DIRECTION('ref_axis',(-1.,-4.93432455388958E-15,0.));
#12055=DIRECTION('',(1.,-3.44789759200359E-18,0.));
#12056=DIRECTION('center_axis',(0.,0.,1.));
#12057=DIRECTION('ref_axis',(-5.92118946466758E-14,-1.,0.));
#12058=DIRECTION('',(-3.62521803959235E-16,1.,0.));
#12059=DIRECTION('center_axis',(0.,0.,1.));
#12060=DIRECTION('ref_axis',(1.,1.9737298215558E-14,0.));
#12061=DIRECTION('',(-1.,0.,0.));
#12062=DIRECTION('center_axis',(0.,0.,1.));
#12063=DIRECTION('ref_axis',(9.6219328800847E-15,1.,0.));
#12064=DIRECTION('',(0.,0.,1.));
#12065=DIRECTION('center_axis',(0.,0.,1.));
#12066=DIRECTION('ref_axis',(9.6219328800847E-15,1.,0.));
#12067=DIRECTION('',(0.,0.,1.));
#12068=DIRECTION('center_axis',(-6.50963060305861E-15,1.,0.));
#12069=DIRECTION('ref_axis',(-1.,-6.50963060305861E-15,0.));
#12070=DIRECTION('',(-1.,-6.50963060305861E-15,0.));
#12071=DIRECTION('',(0.,0.,1.));
#12072=DIRECTION('center_axis',(0.,0.,1.));
#12073=DIRECTION('ref_axis',(0.99999999999973,-7.3491152126791E-7,0.));
#12074=DIRECTION('center_axis',(0.,0.,1.));
#12075=DIRECTION('ref_axis',(0.99999999999973,-7.3491152126791E-7,0.));
#12076=DIRECTION('',(0.,0.,1.));
#12077=DIRECTION('center_axis',(1.,3.62521816192873E-16,0.));
#12078=DIRECTION('ref_axis',(-3.62521816192873E-16,1.,0.));
#12079=DIRECTION('',(-3.62521816192873E-16,1.,0.));
#12080=DIRECTION('',(0.,0.,1.));
#12081=DIRECTION('center_axis',(0.,0.,1.));
#12082=DIRECTION('ref_axis',(-1.57898385724467E-14,-1.,0.));
#12083=DIRECTION('center_axis',(0.,0.,1.));
#12084=DIRECTION('ref_axis',(-1.57898385724467E-14,-1.,0.));
#12085=DIRECTION('',(0.,0.,1.));
#12086=DIRECTION('center_axis',(-6.89579518400718E-18,-1.,0.));
#12087=DIRECTION('ref_axis',(1.,-6.89579518400718E-18,0.));
#12088=DIRECTION('',(1.,-6.89579518400718E-18,0.));
#12089=DIRECTION('',(0.,0.,1.));
#12090=DIRECTION('center_axis',(0.,0.,1.));
#12091=DIRECTION('ref_axis',(-1.,-1.41861830924326E-15,0.));
#12092=DIRECTION('center_axis',(0.,0.,1.));
#12093=DIRECTION('ref_axis',(-1.,-1.41861830924326E-15,0.));
#12094=DIRECTION('',(0.,0.,1.));
#12095=DIRECTION('center_axis',(-1.,-4.81474270883359E-17,0.));
#12096=DIRECTION('ref_axis',(4.81474270883359E-17,-1.,0.));
#12097=DIRECTION('',(4.81474270883359E-17,-1.,0.));
#12098=DIRECTION('center_axis',(0.,0.,1.));
#12099=DIRECTION('ref_axis',(-1.,0.,0.));
#12100=DIRECTION('center_axis',(0.,0.,1.));
#12101=DIRECTION('ref_axis',(2.00456935001765E-15,1.,0.));
#12102=DIRECTION('',(0.,0.,-1.));
#12103=DIRECTION('center_axis',(0.,0.,1.));
#12104=DIRECTION('ref_axis',(2.06624840694125E-14,1.,0.));
#12105=DIRECTION('',(0.,0.,-1.));
#12106=DIRECTION('center_axis',(0.,0.,1.));
#12107=DIRECTION('ref_axis',(1.,0.,0.));
#12108=DIRECTION('center_axis',(-1.,-3.22348152991825E-14,0.));
#12109=DIRECTION('ref_axis',(-3.22348152991825E-14,1.,0.));
#12110=DIRECTION('center_axis',(3.41719844035504E-14,-1.,0.));
#12111=DIRECTION('ref_axis',(-1.,-3.41719844035504E-14,0.));
#12112=DIRECTION('center_axis',(0.,1.,0.));
#12113=DIRECTION('ref_axis',(0.,0.,-1.));
#12114=DIRECTION('',(0.,0.,-1.));
#12115=DIRECTION('',(-1.,0.,0.));
#12116=DIRECTION('center_axis',(-1.,0.,0.));
#12117=DIRECTION('ref_axis',(0.,0.707071541644957,-0.70714201897202));
#12118=DIRECTION('center_axis',(-1.,-3.22348152991825E-14,0.));
#12119=DIRECTION('ref_axis',(-3.22348152991825E-14,1.,0.));
#12120=DIRECTION('center_axis',(0.,0.,1.));
#12121=DIRECTION('ref_axis',(1.,0.,0.));
#12122=DIRECTION('',(0.,0.,-1.));
#12123=DIRECTION('center_axis',(0.,0.,1.));
#12124=DIRECTION('ref_axis',(1.,1.9737298215558E-14,0.));
#12125=DIRECTION('center_axis',(0.,0.,1.));
#12126=DIRECTION('ref_axis',(1.,0.,0.));
#12127=DIRECTION('center_axis',(-3.22960476391398E-14,1.,0.));
#12128=DIRECTION('ref_axis',(1.,3.22960476391398E-14,0.));
#12129=DIRECTION('center_axis',(1.,3.62521803959234E-16,0.));
#12130=DIRECTION('ref_axis',(0.,0.,-1.));
#12131=DIRECTION('',(0.,0.,-1.));
#12132=DIRECTION('',(-3.62521803959235E-16,1.,0.));
#12133=DIRECTION('center_axis',(-3.62521803959234E-16,1.,0.));
#12134=DIRECTION('ref_axis',(0.70707154164496,2.56328850805366E-16,-0.707142018972017));
#12135=DIRECTION('center_axis',(-3.22960476391398E-14,1.,0.));
#12136=DIRECTION('ref_axis',(1.,3.22960476391398E-14,0.));
#12137=DIRECTION('center_axis',(0.,0.,1.));
#12138=DIRECTION('ref_axis',(-3.94745964311167E-14,-1.,0.));
#12139=DIRECTION('',(0.,0.,-1.));
#12140=DIRECTION('center_axis',(0.,0.,1.));
#12141=DIRECTION('ref_axis',(-5.92118946466758E-14,-1.,0.));
#12142=DIRECTION('center_axis',(0.,0.,1.));
#12143=DIRECTION('ref_axis',(-3.94745964311167E-14,-1.,0.));
#12144=DIRECTION('center_axis',(0.,0.,1.));
#12145=DIRECTION('ref_axis',(-8.8817843072922E-14,-1.,0.));
#12146=DIRECTION('',(0.,0.,1.));
#12147=DIRECTION('center_axis',(0.,0.,1.));
#12148=DIRECTION('ref_axis',(1.,0.,0.));
#12149=DIRECTION('center_axis',(1.,-3.8359906236829E-15,0.));
#12150=DIRECTION('ref_axis',(-3.8359906236829E-15,-1.,0.));
#12151=DIRECTION('center_axis',(-3.44789759200373E-18,-1.,0.));
#12152=DIRECTION('ref_axis',(0.,0.,-1.));
#12153=DIRECTION('',(0.,0.,-1.));
#12154=DIRECTION('',(1.,-3.44789759200359E-18,0.));
#12155=DIRECTION('center_axis',(3.44789759200373E-18,1.,0.));
#12156=DIRECTION('ref_axis',(0.,0.,1.));
#12157=DIRECTION('',(1.,-3.44789759200359E-18,0.));
#12158=DIRECTION('',(0.,0.,1.));
#12159=DIRECTION('center_axis',(1.,-3.44789759200373E-18,0.));
#12160=DIRECTION('ref_axis',(-2.43791026581216E-18,-0.707071541644957,-0.70714201897202));
#12161=DIRECTION('center_axis',(1.,-3.8359906236829E-15,0.));
#12162=DIRECTION('ref_axis',(-3.8359906236829E-15,-1.,0.));
#12163=DIRECTION('center_axis',(0.,0.,1.));
#12164=DIRECTION('ref_axis',(-1.,-4.16333634234434E-15,0.));
#12165=DIRECTION('',(0.,0.,-1.));
#12166=DIRECTION('center_axis',(0.,0.,1.));
#12167=DIRECTION('ref_axis',(-1.,-4.93432455388958E-15,0.));
#12168=DIRECTION('center_axis',(0.,0.,1.));
#12169=DIRECTION('ref_axis',(-1.,-4.16333634234434E-15,0.));
#12170=DIRECTION('center_axis',(0.,0.,1.));
#12171=DIRECTION('ref_axis',(-1.,-1.14491750836186E-14,0.));
#12172=DIRECTION('',(0.,0.,1.));
#12173=DIRECTION('center_axis',(0.,0.,1.));
#12174=DIRECTION('ref_axis',(1.,0.,0.));
#12175=DIRECTION('center_axis',(0.,-1.,0.));
#12176=DIRECTION('ref_axis',(-1.,0.,0.));
#12177=DIRECTION('center_axis',(-1.,-7.22211406325038E-17,0.));
#12178=DIRECTION('ref_axis',(0.,0.,-1.));
#12179=DIRECTION('',(7.22772186348701E-17,-1.,0.));
#12180=DIRECTION('center_axis',(1.,7.22211406325038E-17,0.));
#12181=DIRECTION('ref_axis',(0.,0.,1.));
#12182=DIRECTION('',(7.22211406325038E-17,-1.,0.));
#12183=DIRECTION('center_axis',(7.22211406325038E-17,-1.,0.));
#12184=DIRECTION('ref_axis',(-0.707071541644956,-5.10655132463817E-17,-0.70714201897202));
#12185=DIRECTION('center_axis',(0.,0.,1.));
#12186=DIRECTION('ref_axis',(-1.,0.,0.));
#12187=DIRECTION('center_axis',(0.,0.,1.));
#12188=DIRECTION('ref_axis',(-1.,0.,0.));
#12189=DIRECTION('',(-0.707106781186548,-8.65956056235494E-17,-0.707106781186547));
#12190=DIRECTION('center_axis',(0.,0.,-1.));
#12191=DIRECTION('ref_axis',(-1.,0.,0.));
#12192=DIRECTION('center_axis',(0.,0.,1.));
#12193=DIRECTION('ref_axis',(1.,0.,0.));
#12194=DIRECTION('',(1.,0.,0.));
#12195=DIRECTION('',(5.55111512312578E-17,-1.,0.));
#12196=DIRECTION('',(-1.,0.,0.));
#12197=DIRECTION('',(5.55111512312578E-17,-1.,0.));
#12198=DIRECTION('center_axis',(0.,0.,1.));
#12199=DIRECTION('ref_axis',(-1.,0.,0.));
#12200=DIRECTION('center_axis',(0.,0.,1.));
#12201=DIRECTION('ref_axis',(-1.,0.,0.));
#12202=DIRECTION('center_axis',(0.,0.,1.));
#12203=DIRECTION('ref_axis',(-1.,0.,0.));
#12204=DIRECTION('',(0.,0.,1.));
#12205=DIRECTION('center_axis',(0.,0.,1.));
#12206=DIRECTION('ref_axis',(-1.,0.,0.));
#12207=DIRECTION('',(-0.707106781186548,-8.65956056235494E-17,-0.707106781186547));
#12208=DIRECTION('center_axis',(0.,0.,-1.));
#12209=DIRECTION('ref_axis',(-1.,0.,0.));
#12210=DIRECTION('center_axis',(0.,0.,1.));
#12211=DIRECTION('ref_axis',(-1.,0.,0.));
#12212=DIRECTION('center_axis',(0.,0.,1.));
#12213=DIRECTION('ref_axis',(-1.,0.,0.));
#12214=DIRECTION('',(0.,0.,1.));
#12215=DIRECTION('center_axis',(0.,-0.707106781186548,-0.707106781186548));
#12216=DIRECTION('ref_axis',(-1.,0.,0.));
#12217=DIRECTION('',(-3.92523114670944E-17,0.707106781186548,-0.707106781186548));
#12218=DIRECTION('',(1.,0.,0.));
#12219=DIRECTION('',(-3.92523114670944E-17,0.707106781186548,-0.707106781186548));
#12220=DIRECTION('',(-1.,0.,0.));
#12221=DIRECTION('center_axis',(0.,-1.,0.));
#12222=DIRECTION('ref_axis',(0.,0.,1.));
#12223=DIRECTION('',(0.,0.,-1.));
#12224=DIRECTION('',(-1.,0.,0.));
#12225=DIRECTION('',(0.,0.,-1.));
#12226=DIRECTION('center_axis',(1.,5.55111512312578E-17,0.));
#12227=DIRECTION('ref_axis',(-5.55111512312578E-17,1.,0.));
#12228=DIRECTION('',(-5.55111512312578E-17,1.,0.));
#12229=DIRECTION('',(-4.06300024020309E-17,0.731925054711395,0.681385143869253));
#12230=DIRECTION('center_axis',(-1.,-5.55111512312578E-17,0.));
#12231=DIRECTION('ref_axis',(0.,-1.,0.));
#12232=DIRECTION('',(-4.06300024020309E-17,0.731925054711395,-0.681385143869253));
#12233=DIRECTION('',(-5.55111512312578E-17,1.,0.));
#12234=DIRECTION('',(-3.92523114670946E-17,0.707106781186552,0.707106781186543));
#12235=DIRECTION('',(0.,0.,1.));
#12236=DIRECTION('',(5.55111512312578E-17,-1.,0.));
#12237=DIRECTION('',(0.,0.,1.));
#12238=DIRECTION('',(0.,0.,-1.));
#12239=DIRECTION('',(5.55111512312578E-17,-1.,0.));
#12240=DIRECTION('center_axis',(0.,-0.681385143869253,-0.731925054711395));
#12241=DIRECTION('ref_axis',(-1.,0.,0.));
#12242=DIRECTION('',(-4.06300024020309E-17,0.731925054711395,-0.681385143869253));
#12243=DIRECTION('',(1.,0.,0.));
#12244=DIRECTION('',(-1.,0.,0.));
#12245=DIRECTION('center_axis',(0.,0.,-1.));
#12246=DIRECTION('ref_axis',(5.94762334620619E-17,-1.,0.));
#12247=DIRECTION('',(-5.94762334620619E-17,1.,0.));
#12248=DIRECTION('',(-1.,0.,0.));
#12249=DIRECTION('center_axis',(0.,0.707106781186543,-0.707106781186552));
#12250=DIRECTION('ref_axis',(-1.,0.,0.));
#12251=DIRECTION('',(-3.92523114670946E-17,0.707106781186552,0.707106781186543));
#12252=DIRECTION('',(1.,0.,0.));
#12253=DIRECTION('center_axis',(0.,0.681385143869253,-0.731925054711395));
#12254=DIRECTION('ref_axis',(-1.,0.,0.));
#12255=DIRECTION('',(-4.06300024020309E-17,0.731925054711395,0.681385143869253));
#12256=DIRECTION('',(1.,0.,0.));
#12257=DIRECTION('',(-1.,0.,0.));
#12258=DIRECTION('center_axis',(-1.,0.,0.));
#12259=DIRECTION('ref_axis',(0.,-1.,0.));
#12260=DIRECTION('center_axis',(-1.,-5.94762334620619E-17,0.));
#12261=DIRECTION('ref_axis',(0.,-1.,0.));
#12262=DIRECTION('center_axis',(-1.,2.42509712398612E-12,0.));
#12263=DIRECTION('ref_axis',(0.,-1.,0.));
#12264=DIRECTION('',(1.,0.,0.));
#12265=DIRECTION('center_axis',(1.,-2.425097244442E-12,0.));
#12266=DIRECTION('ref_axis',(0.,-1.,0.));
#12267=DIRECTION('',(-1.,0.,0.));
#12268=DIRECTION('center_axis',(-1.,2.42546719832215E-12,0.));
#12269=DIRECTION('ref_axis',(0.,-1.,0.));
#12270=DIRECTION('',(1.,0.,0.));
#12271=DIRECTION('center_axis',(1.,-2.42546731879641E-12,0.));
#12272=DIRECTION('ref_axis',(0.,-1.,0.));
#12273=DIRECTION('',(-1.,0.,0.));
#12274=DIRECTION('center_axis',(-0.707106781186546,1.71506438866729E-12,
-0.707106781186549));
#12275=DIRECTION('ref_axis',(-0.707106781186549,0.,0.707106781186546));
#12276=DIRECTION('',(0.530538897045931,-0.66110283424054,-0.530538897047533));
#12277=DIRECTION('',(2.42546731879641E-12,1.,0.));
#12278=DIRECTION('',(-0.530538897048236,-0.661102834239415,0.53053889704663));
#12279=DIRECTION('',(2.42546719832215E-12,1.,0.));
#12280=DIRECTION('center_axis',(-1.,2.42546731879641E-12,0.));
#12281=DIRECTION('ref_axis',(-2.42546731879641E-12,-1.,0.));
#12282=DIRECTION('',(1.89165726767855E-12,0.779914556266727,-0.625885999941901));
#12283=DIRECTION('',(1.89165726767855E-12,0.779914556266727,0.625885999941901));
#12284=DIRECTION('center_axis',(0.707106781186546,-1.71506430347912E-12,
-0.707106781186549));
#12285=DIRECTION('ref_axis',(-0.707106781186549,0.,-0.707106781186546));
#12286=DIRECTION('',(-0.530538897045931,0.66110283424054,-0.530538897047533));
#12287=DIRECTION('',(-2.42546719832215E-12,-1.,0.));
#12288=DIRECTION('',(0.530538897048236,0.661102834239415,0.53053889704663));
#12289=DIRECTION('center_axis',(1.,-2.42546719832215E-12,0.));
#12290=DIRECTION('ref_axis',(2.42546719832215E-12,1.,0.));
#12291=DIRECTION('',(-1.89165717371892E-12,-0.779914556266727,-0.625885999941901));
#12292=DIRECTION('',(-1.89165717371892E-12,-0.779914556266727,0.625885999941901));
#12293=DIRECTION('center_axis',(-0.707106781186546,1.71480270658175E-12,
-0.707106781186549));
#12294=DIRECTION('ref_axis',(-0.707106781186549,0.,0.707106781186546));
#12295=DIRECTION('',(0.530538897045931,-0.66110283424054,-0.530538897047533));
#12296=DIRECTION('',(2.425097244442E-12,1.,0.));
#12297=DIRECTION('',(-0.530538897048235,-0.661102834239415,0.53053889704663));
#12298=DIRECTION('',(2.42509712398612E-12,1.,0.));
#12299=DIRECTION('center_axis',(-1.,2.425097244442E-12,0.));
#12300=DIRECTION('ref_axis',(-2.425097244442E-12,-1.,0.));
#12301=DIRECTION('',(1.89136864130265E-12,0.779914556266727,-0.625885999941901));
#12302=DIRECTION('',(1.89136864130265E-12,0.779914556266727,0.625885999941901));
#12303=DIRECTION('center_axis',(0.707106781186546,-1.71480262140658E-12,
-0.707106781186549));
#12304=DIRECTION('ref_axis',(-0.707106781186549,0.,-0.707106781186546));
#12305=DIRECTION('',(-0.530538897045931,0.66110283424054,-0.530538897047533));
#12306=DIRECTION('',(-2.42509712398612E-12,-1.,0.));
#12307=DIRECTION('',(0.530538897048235,0.661102834239415,0.53053889704663));
#12308=DIRECTION('center_axis',(1.,-2.42509712398612E-12,0.));
#12309=DIRECTION('ref_axis',(2.42509712398612E-12,1.,0.));
#12310=DIRECTION('',(-1.89136854735735E-12,-0.779914556266727,-0.625885999941901));
#12311=DIRECTION('',(-1.89136854735735E-12,-0.779914556266727,0.625885999941901));
#12312=DIRECTION('center_axis',(0.,0.625885999941902,-0.779914556266727));
#12313=DIRECTION('ref_axis',(-1.,0.,0.));
#12314=DIRECTION('center_axis',(0.,-0.625885999941902,-0.779914556266727));
#12315=DIRECTION('ref_axis',(-1.,0.,0.));
#12316=DIRECTION('center_axis',(0.,0.625885999941902,-0.779914556266727));
#12317=DIRECTION('ref_axis',(-1.,0.,0.));
#12318=DIRECTION('center_axis',(0.,-0.625885999941902,-0.779914556266727));
#12319=DIRECTION('ref_axis',(-1.,0.,0.));
#12320=DIRECTION('center_axis',(0.,1.,0.));
#12321=DIRECTION('ref_axis',(0.,0.,-1.));
#12322=DIRECTION('',(0.,0.,1.));
#12323=DIRECTION('',(1.,0.,0.));
#12324=DIRECTION('center_axis',(0.,0.,-1.));
#12325=DIRECTION('ref_axis',(5.94762334620619E-17,-1.,0.));
#12326=DIRECTION('',(-5.94762334620619E-17,1.,0.));
#12327=DIRECTION('center_axis',(0.,0.,1.));
#12328=DIRECTION('ref_axis',(-1.,0.,0.));
#12329=DIRECTION('',(5.55111512312578E-17,-1.,0.));
#12330=DIRECTION('',(-1.,0.,0.));
#12331=DIRECTION('center_axis',(0.,0.,1.));
#12332=DIRECTION('ref_axis',(-1.,0.,0.));
#12333=DIRECTION('',(1.,0.,0.));
#12334=DIRECTION('',(5.55111512312578E-17,-1.,0.));
#12335=DIRECTION('center_axis',(-1.,-5.55111512312578E-17,0.));
#12336=DIRECTION('ref_axis',(5.55111512312578E-17,-1.,0.));
#12337=DIRECTION('',(0.,0.,1.));
#12338=DIRECTION('',(0.,0.,1.));
#12339=DIRECTION('center_axis',(0.,1.,0.));
#12340=DIRECTION('ref_axis',(-1.,0.,0.));
#12341=DIRECTION('center_axis',(0.,-1.,0.));
#12342=DIRECTION('ref_axis',(1.,0.,0.));
#12343=DIRECTION('center_axis',(1.,0.,0.));
#12344=DIRECTION('ref_axis',(0.,-1.,0.));
#12345=DIRECTION('center_axis',(1.,2.42509712398612E-12,0.));
#12346=DIRECTION('ref_axis',(0.,-1.,0.));
#12347=DIRECTION('',(-1.,0.,0.));
#12348=DIRECTION('center_axis',(-1.,-2.425097244442E-12,0.));
#12349=DIRECTION('ref_axis',(0.,-1.,0.));
#12350=DIRECTION('',(1.,0.,0.));
#12351=DIRECTION('center_axis',(1.,0.,0.));
#12352=DIRECTION('ref_axis',(0.,-1.,0.));
#12353=DIRECTION('center_axis',(1.,2.42546719832215E-12,0.));
#12354=DIRECTION('ref_axis',(0.,-1.,0.));
#12355=DIRECTION('',(-1.,0.,0.));
#12356=DIRECTION('center_axis',(-1.,-2.42546731879641E-12,0.));
#12357=DIRECTION('ref_axis',(0.,-1.,0.));
#12358=DIRECTION('',(1.,0.,0.));
#12359=DIRECTION('center_axis',(-1.,-2.42546731879641E-12,0.));
#12360=DIRECTION('ref_axis',(2.42546731879641E-12,-1.,0.));
#12361=DIRECTION('',(-1.89165726767855E-12,0.779914556266727,-0.625885999941901));
#12362=DIRECTION('center_axis',(1.,2.42546731879641E-12,0.));
#12363=DIRECTION('ref_axis',(0.,-1.,0.));
#12364=DIRECTION('',(-1.89165726767855E-12,0.779914556266727,0.625885999941901));
#12365=DIRECTION('center_axis',(0.,0.625885999941902,0.779914556266727));
#12366=DIRECTION('ref_axis',(1.,0.,0.));
#12367=DIRECTION('',(1.89165717371892E-12,-0.779914556266727,0.625885999941901));
#12368=DIRECTION('',(-1.,0.,0.));
#12369=DIRECTION('center_axis',(-1.,-2.425097244442E-12,0.));
#12370=DIRECTION('ref_axis',(2.425097244442E-12,-1.,0.));
#12371=DIRECTION('',(-1.89136864130265E-12,0.779914556266727,-0.625885999941901));
#12372=DIRECTION('center_axis',(1.,2.425097244442E-12,0.));
#12373=DIRECTION('ref_axis',(0.,-1.,0.));
#12374=DIRECTION('',(-1.89136864130265E-12,0.779914556266727,0.625885999941901));
#12375=DIRECTION('center_axis',(0.,0.625885999941902,0.779914556266727));
#12376=DIRECTION('ref_axis',(1.,0.,0.));
#12377=DIRECTION('',(1.89136854735735E-12,-0.779914556266727,0.625885999941901));
#12378=DIRECTION('',(-1.,0.,0.));
#12379=DIRECTION('center_axis',(0.,0.,1.));
#12380=DIRECTION('ref_axis',(1.,0.,0.));
#12381=DIRECTION('center_axis',(0.,0.,-1.));
#12382=DIRECTION('ref_axis',(1.,0.,0.));
#12383=DIRECTION('',(0.707106781186548,-8.65956056235494E-17,-0.707106781186547));
#12384=DIRECTION('center_axis',(0.,0.,1.));
#12385=DIRECTION('ref_axis',(1.,0.,0.));
#12386=DIRECTION('center_axis',(0.,0.,-1.));
#12387=DIRECTION('ref_axis',(-1.,0.,0.));
#12388=DIRECTION('',(-1.,0.,0.));
#12389=DIRECTION('',(-5.55111512312578E-17,-1.,0.));
#12390=DIRECTION('',(1.,0.,0.));
#12391=DIRECTION('',(5.55111512312578E-17,1.,0.));
#12392=DIRECTION('center_axis',(0.,0.,-1.));
#12393=DIRECTION('ref_axis',(1.,0.,0.));
#12394=DIRECTION('center_axis',(0.,0.,-1.));
#12395=DIRECTION('ref_axis',(1.,0.,0.));
#12396=DIRECTION('center_axis',(0.,0.,-1.));
#12397=DIRECTION('ref_axis',(1.,0.,0.));
#12398=DIRECTION('',(0.,0.,1.));
#12399=DIRECTION('center_axis',(0.,0.,1.));
#12400=DIRECTION('ref_axis',(1.,0.,0.));
#12401=DIRECTION('',(0.707106781186548,-8.65956056235494E-17,-0.707106781186547));
#12402=DIRECTION('center_axis',(0.,0.,1.));
#12403=DIRECTION('ref_axis',(1.,0.,0.));
#12404=DIRECTION('center_axis',(0.,0.,-1.));
#12405=DIRECTION('ref_axis',(1.,0.,0.));
#12406=DIRECTION('center_axis',(0.,0.,-1.));
#12407=DIRECTION('ref_axis',(1.,0.,0.));
#12408=DIRECTION('',(0.,0.,1.));
#12409=DIRECTION('center_axis',(0.,0.707106781186548,0.707106781186548));
#12410=DIRECTION('ref_axis',(1.,0.,0.));
#12411=DIRECTION('',(3.92523114670944E-17,0.707106781186548,-0.707106781186548));
#12412=DIRECTION('',(1.,0.,0.));
#12413=DIRECTION('',(-3.92523114670944E-17,-0.707106781186548,0.707106781186548));
#12414=DIRECTION('',(-1.,0.,0.));
#12415=DIRECTION('center_axis',(0.,1.,0.));
#12416=DIRECTION('ref_axis',(0.,0.,1.));
#12417=DIRECTION('',(0.,0.,-1.));
#12418=DIRECTION('',(1.,0.,0.));
#12419=DIRECTION('',(0.,0.,1.));
#12420=DIRECTION('center_axis',(1.,-5.55111512312578E-17,0.));
#12421=DIRECTION('ref_axis',(5.55111512312578E-17,1.,0.));
#12422=DIRECTION('',(5.55111512312578E-17,1.,0.));
#12423=DIRECTION('',(0.,0.,1.));
#12424=DIRECTION('',(0.,0.,-1.));
#12425=DIRECTION('',(5.55111512312578E-17,1.,0.));
#12426=DIRECTION('',(0.,0.,-1.));
#12427=DIRECTION('',(-3.92523114670946E-17,-0.707106781186552,-0.707106781186543));
#12428=DIRECTION('',(-5.55111512312578E-17,-1.,0.));
#12429=DIRECTION('',(-4.06300024020309E-17,-0.731925054711395,0.681385143869253));
#12430=DIRECTION('center_axis',(1.,-5.55111512312578E-17,0.));
#12431=DIRECTION('ref_axis',(0.,-1.,0.));
#12432=DIRECTION('',(-4.06300024020309E-17,-0.731925054711395,-0.681385143869253));
#12433=DIRECTION('',(-5.55111512312578E-17,-1.,0.));
#12434=DIRECTION('center_axis',(0.,0.681385143869253,0.731925054711395));
#12435=DIRECTION('ref_axis',(1.,0.,0.));
#12436=DIRECTION('',(4.06300024020309E-17,0.731925054711395,-0.681385143869253));
#12437=DIRECTION('',(1.,0.,0.));
#12438=DIRECTION('',(-1.,0.,0.));
#12439=DIRECTION('center_axis',(0.,0.,1.));
#12440=DIRECTION('ref_axis',(-5.94762334620619E-17,-1.,0.));
#12441=DIRECTION('',(1.,0.,0.));
#12442=DIRECTION('',(5.94762334620619E-17,1.,0.));
#12443=DIRECTION('center_axis',(0.,-0.707106781186543,0.707106781186552));
#12444=DIRECTION('ref_axis',(1.,0.,0.));
#12445=DIRECTION('',(3.92523114670946E-17,0.707106781186552,0.707106781186543));
#12446=DIRECTION('',(-1.,0.,0.));
#12447=DIRECTION('center_axis',(0.,-0.681385143869253,0.731925054711395));
#12448=DIRECTION('ref_axis',(1.,0.,0.));
#12449=DIRECTION('',(4.06300024020309E-17,0.731925054711395,0.681385143869253));
#12450=DIRECTION('',(1.,0.,0.));
#12451=DIRECTION('',(-1.,0.,0.));
#12452=DIRECTION('center_axis',(-1.,0.,0.));
#12453=DIRECTION('ref_axis',(0.,-1.,0.));
#12454=DIRECTION('center_axis',(-1.,5.94762334620619E-17,0.));
#12455=DIRECTION('ref_axis',(0.,-1.,0.));
#12456=DIRECTION('center_axis',(-1.,-2.42509712398612E-12,0.));
#12457=DIRECTION('ref_axis',(0.,-1.,0.));
#12458=DIRECTION('',(1.,0.,0.));
#12459=DIRECTION('center_axis',(-1.,-2.42546719832215E-12,0.));
#12460=DIRECTION('ref_axis',(0.,-1.,0.));
#12461=DIRECTION('',(1.,0.,0.));
#12462=DIRECTION('center_axis',(1.,2.42546719832215E-12,0.));
#12463=DIRECTION('ref_axis',(-2.42546719832215E-12,1.,0.));
#12464=DIRECTION('',(1.89165717371892E-12,-0.779914556266727,-0.625885999941901));
#12465=DIRECTION('center_axis',(1.,2.42509712398612E-12,0.));
#12466=DIRECTION('ref_axis',(-2.42509712398612E-12,1.,0.));
#12467=DIRECTION('',(1.89136854735735E-12,-0.779914556266727,-0.625885999941901));
#12468=DIRECTION('center_axis',(0.,-0.625885999941902,0.779914556266727));
#12469=DIRECTION('ref_axis',(1.,0.,0.));
#12470=DIRECTION('center_axis',(0.,-0.625885999941902,0.779914556266727));
#12471=DIRECTION('ref_axis',(1.,0.,0.));
#12472=DIRECTION('center_axis',(0.,-1.,0.));
#12473=DIRECTION('ref_axis',(0.,0.,-1.));
#12474=DIRECTION('',(-1.,0.,0.));
#12475=DIRECTION('',(0.,0.,1.));
#12476=DIRECTION('center_axis',(0.,0.,1.));
#12477=DIRECTION('ref_axis',(-5.94762334620619E-17,-1.,0.));
#12478=DIRECTION('',(5.94762334620619E-17,1.,0.));
#12479=DIRECTION('center_axis',(0.,0.,-1.));
#12480=DIRECTION('ref_axis',(1.,0.,0.));
#12481=DIRECTION('',(1.,0.,0.));
#12482=DIRECTION('',(-5.55111512312578E-17,-1.,0.));
#12483=DIRECTION('center_axis',(0.,0.,-1.));
#12484=DIRECTION('ref_axis',(1.,0.,0.));
#12485=DIRECTION('',(-5.55111512312578E-17,-1.,0.));
#12486=DIRECTION('',(-1.,0.,0.));
#12487=DIRECTION('center_axis',(-1.,5.55111512312578E-17,0.));
#12488=DIRECTION('ref_axis',(-5.55111512312578E-17,-1.,0.));
#12489=DIRECTION('',(0.,0.,1.));
#12490=DIRECTION('',(0.,0.,1.));
#12491=DIRECTION('center_axis',(0.,-1.,0.));
#12492=DIRECTION('ref_axis',(1.,0.,0.));
#12493=DIRECTION('center_axis',(0.,1.,0.));
#12494=DIRECTION('ref_axis',(-1.,0.,0.));
#12495=CARTESIAN_POINT('',(0.,0.,0.));
#12496=CARTESIAN_POINT('Origin',(167.5,75.0000011175871,15.));
#12497=CARTESIAN_POINT('',(176.5,80.0000011175871,15.));
#12498=CARTESIAN_POINT('',(167.5,80.0000011175871,15.));
#12499=CARTESIAN_POINT('',(167.5,80.0000011175871,15.));
#12500=CARTESIAN_POINT('',(176.5,79.9999985826603,15.0050348050196));
#12501=CARTESIAN_POINT('Origin',(176.5,75.0000011175871,15.));
#12502=CARTESIAN_POINT('',(167.5,79.9999985826603,15.0050348050196));
#12503=CARTESIAN_POINT('',(177.5,79.9999985826603,15.0050348050196));
#12504=CARTESIAN_POINT('',(167.5,79.9999985826603,7.50251740250981));
#12505=CARTESIAN_POINT('Origin',(94.25,7.,0.75));
#12506=CARTESIAN_POINT('',(97.7141016151378,1.5,0.));
#12507=CARTESIAN_POINT('',(90.7858983848622,1.5,0.));
#12508=CARTESIAN_POINT('Ctrl Pts',(97.7141016151377,1.5,-1.38777878078145E-16));
#12509=CARTESIAN_POINT('Ctrl Pts',(94.25,0.500000000000002,0.999999999999999));
#12510=CARTESIAN_POINT('Ctrl Pts',(90.7858983848622,1.5,-1.38777878078145E-16));
#12511=CARTESIAN_POINT('',(87.75,7.,-4.16333634234434E-15));
#12512=CARTESIAN_POINT('Origin',(94.25,7.,0.));
#12513=CARTESIAN_POINT('',(89.25,7.,1.5));
#12514=CARTESIAN_POINT('',(88.5,7.,0.75));
#12515=CARTESIAN_POINT('Origin',(94.25,7.,1.5));
#12516=CARTESIAN_POINT('Origin',(94.25,7.,0.));
#12517=CARTESIAN_POINT('Origin',(122.75,0.75,0.75));
#12518=CARTESIAN_POINT('',(2.,1.5,0.));
#12519=CARTESIAN_POINT('',(122.75,1.5,0.));
#12520=CARTESIAN_POINT('',(2.,0.,1.5));
#12521=CARTESIAN_POINT('',(2.,0.,1.5));
#12522=CARTESIAN_POINT('',(163.,0.,1.5));
#12523=CARTESIAN_POINT('',(122.75,0.,1.5));
#12524=CARTESIAN_POINT('',(163.,1.5,0.));
#12525=CARTESIAN_POINT('',(163.,0.,1.5));
#12526=CARTESIAN_POINT('',(122.75,1.5,0.));
#12527=CARTESIAN_POINT('Origin',(94.25,7.,0.));
#12528=CARTESIAN_POINT('',(89.25,7.,4.));
#12529=CARTESIAN_POINT('Origin',(94.25,7.,4.));
#12530=CARTESIAN_POINT('',(89.25,7.,0.));
#12531=CARTESIAN_POINT('Origin',(95.25,95.,0.75));
#12532=CARTESIAN_POINT('',(91.7858983848622,100.5,0.));
#12533=CARTESIAN_POINT('',(98.7141016151378,100.5,0.));
#12534=CARTESIAN_POINT('Ctrl Pts',(91.7858983848622,100.5,-4.02455846426619E-15));
#12535=CARTESIAN_POINT('Ctrl Pts',(95.25,101.5,1.00000000000004));
#12536=CARTESIAN_POINT('Ctrl Pts',(98.7141016151378,100.5,-4.02455846426619E-15));
#12537=CARTESIAN_POINT('',(88.75,95.,-5.27355936696949E-15));
#12538=CARTESIAN_POINT('Origin',(95.25,95.,0.));
#12539=CARTESIAN_POINT('',(90.25,95.,1.5));
#12540=CARTESIAN_POINT('',(89.5,95.,0.75));
#12541=CARTESIAN_POINT('Origin',(95.25,95.,1.5));
#12542=CARTESIAN_POINT('Origin',(95.25,95.,0.));
#12543=CARTESIAN_POINT('Origin',(42.2500000000003,101.25,0.75));
#12544=CARTESIAN_POINT('',(163.,100.5,0.));
#12545=CARTESIAN_POINT('',(42.2500000000003,100.5,0.));
#12546=CARTESIAN_POINT('',(163.,102.,1.5));
#12547=CARTESIAN_POINT('',(163.,102.,1.5));
#12548=CARTESIAN_POINT('',(1.99999999999999,102.,1.5));
#12549=CARTESIAN_POINT('',(42.2500000000003,102.,1.5));
#12550=CARTESIAN_POINT('',(1.99999999999999,100.5,0.));
#12551=CARTESIAN_POINT('',(1.99999999999999,102.,1.5));
#12552=CARTESIAN_POINT('',(2.78589838486219,100.5,0.));
#12553=CARTESIAN_POINT('',(42.2500000000003,100.5,0.));
#12554=CARTESIAN_POINT('',(9.71410161513779,100.5,0.));
#12555=CARTESIAN_POINT('Ctrl Pts',(2.78589838486218,100.5,-2.77555756156289E-15));
#12556=CARTESIAN_POINT('Ctrl Pts',(6.24999999999999,101.5,1.00000000000003));
#12557=CARTESIAN_POINT('Ctrl Pts',(9.7141016151378,100.5,-2.77555756156289E-15));
#12558=CARTESIAN_POINT('',(42.2500000000003,100.5,0.));
#12559=CARTESIAN_POINT('Origin',(95.25,95.,0.));
#12560=CARTESIAN_POINT('',(90.25,95.,4.));
#12561=CARTESIAN_POINT('Origin',(95.25,95.,4.));
#12562=CARTESIAN_POINT('',(90.25,95.,0.));
#12563=CARTESIAN_POINT('Origin',(6.24999999999999,95.,0.75));
#12564=CARTESIAN_POINT('',(1.5,99.4370598373248,0.));
#12565=CARTESIAN_POINT('Origin',(6.24999999999999,95.,0.));
#12566=CARTESIAN_POINT('',(0.624999999999993,95.,0.875000000000006));
#12567=CARTESIAN_POINT('Ctrl Pts',(0.624999999999993,95.,0.875000000000006));
#12568=CARTESIAN_POINT('Ctrl Pts',(0.624999999999993,97.2185299186624,0.875000000000006));
#12569=CARTESIAN_POINT('Ctrl Pts',(1.5,99.4370598373248,1.38777878078145E-16));
#12570=CARTESIAN_POINT('',(1.24999999999999,95.,1.5));
#12571=CARTESIAN_POINT('',(0.499999999999988,95.,0.75));
#12572=CARTESIAN_POINT('Origin',(6.24999999999999,95.,1.5));
#12573=CARTESIAN_POINT('',(1.5,90.5629401626753,0.));
#12574=CARTESIAN_POINT('Ctrl Pts',(1.5,90.5629401626753,2.77555756156289E-16));
#12575=CARTESIAN_POINT('Ctrl Pts',(0.624999999999993,92.7814700813377,0.875000000000006));
#12576=CARTESIAN_POINT('Ctrl Pts',(0.624999999999993,95.,0.875000000000006));
#12577=CARTESIAN_POINT('Origin',(6.24999999999999,95.,0.));
#12578=CARTESIAN_POINT('Origin',(0.750000000000001,26.5000000000003,0.75));
#12579=CARTESIAN_POINT('',(1.5,100.,0.));
#12580=CARTESIAN_POINT('',(1.5,26.5000000000003,0.));
#12581=CARTESIAN_POINT('',(-4.16333634234434E-15,100.,1.5));
#12582=CARTESIAN_POINT('',(1.5,100.,0.));
#12583=CARTESIAN_POINT('',(-8.32667268468867E-16,1.99999999999999,1.5));
#12584=CARTESIAN_POINT('',(-1.66533453693773E-15,26.5000000000003,1.5));
#12585=CARTESIAN_POINT('',(1.5,1.99999999999999,0.));
#12586=CARTESIAN_POINT('',(-8.32667268468867E-16,1.99999999999999,1.5));
#12587=CARTESIAN_POINT('',(1.5,26.5000000000003,0.));
#12588=CARTESIAN_POINT('Origin',(82.5000000000006,51.0000000000005,0.));
#12589=CARTESIAN_POINT('Origin',(1.99999999999999,100.,0.));
#12590=CARTESIAN_POINT('Origin',(6.24999999999999,95.,0.));
#12591=CARTESIAN_POINT('',(1.24999999999999,95.,4.));
#12592=CARTESIAN_POINT('Origin',(6.24999999999999,95.,4.));
#12593=CARTESIAN_POINT('',(1.24999999999999,95.,0.));
#12594=CARTESIAN_POINT('Origin',(127.25,72.2750007078054,0.75));
#12595=CARTESIAN_POINT('',(126.5,96.5000014156103,0.));
#12596=CARTESIAN_POINT('',(126.5,91.6000014156103,0.));
#12597=CARTESIAN_POINT('',(126.5,72.2750007078054,0.));
#12598=CARTESIAN_POINT('',(128.,93.1000014156103,1.5));
#12599=CARTESIAN_POINT('',(126.5,91.6000014156103,0.));
#12600=CARTESIAN_POINT('',(128.,95.0000014156103,1.5));
#12601=CARTESIAN_POINT('',(128.,72.2750007078054,1.5));
#12602=CARTESIAN_POINT('',(128.,95.0000014156103,1.5));
#12603=CARTESIAN_POINT('Origin',(107.75,92.3500014156103,0.75));
#12604=CARTESIAN_POINT('',(138.,93.1000014156103,1.5));
#12605=CARTESIAN_POINT('',(107.75,93.1000014156103,1.5));
#12606=CARTESIAN_POINT('',(139.5,91.6000014156103,0.));
#12607=CARTESIAN_POINT('',(107.75,91.6000014156103,0.));
#12608=CARTESIAN_POINT('',(139.5,91.6000014156103,0.));
#12609=CARTESIAN_POINT('Origin',(107.75,95.7500014156103,0.75));
#12610=CARTESIAN_POINT('',(139.5,96.5000014156103,0.));
#12611=CARTESIAN_POINT('',(107.75,96.5000014156103,0.));
#12612=CARTESIAN_POINT('',(138.,95.0000014156103,1.5));
#12613=CARTESIAN_POINT('',(107.75,95.0000014156103,1.5));
#12614=CARTESIAN_POINT('',(138.,95.0000014156103,1.5));
#12615=CARTESIAN_POINT('Origin',(138.75,72.2750007078054,0.75));
#12616=CARTESIAN_POINT('',(139.5,72.2750007078054,0.));
#12617=CARTESIAN_POINT('',(138.,72.2750007078054,1.5));
#12618=CARTESIAN_POINT('Origin',(133.,95.0000014156103,0.));
#12619=CARTESIAN_POINT('',(128.,95.0000014156103,10.));
#12620=CARTESIAN_POINT('',(128.,95.0000014156103,10.));
#12621=CARTESIAN_POINT('',(138.,95.0000014156103,10.));
#12622=CARTESIAN_POINT('',(133.,95.0000014156103,10.));
#12623=CARTESIAN_POINT('',(138.,95.0000014156103,10.));
#12624=CARTESIAN_POINT('Origin',(128.,93.5500014156103,5.));
#12625=CARTESIAN_POINT('',(128.,93.1000014156103,5.9));
#12626=CARTESIAN_POINT('',(128.,93.1000014156103,0.));
#12627=CARTESIAN_POINT('',(128.,92.1000014156103,5.9));
#12628=CARTESIAN_POINT('',(128.,93.1000014156103,5.9));
#12629=CARTESIAN_POINT('',(128.,93.1000014156103,10.));
#12630=CARTESIAN_POINT('',(128.,92.1000014156103,5.9));
#12631=CARTESIAN_POINT('',(128.,93.1000014156103,10.));
#12632=CARTESIAN_POINT('Origin',(82.5000000000006,51.0000000000005,0.));
#12633=CARTESIAN_POINT('',(163.5,1.99999999999999,0.));
#12634=CARTESIAN_POINT('Origin',(163.,1.99999999999999,0.));
#12635=CARTESIAN_POINT('',(163.5,100.,0.));
#12636=CARTESIAN_POINT('',(163.5,75.5000000000003,0.));
#12637=CARTESIAN_POINT('Origin',(163.,100.,0.));
#12638=CARTESIAN_POINT('Origin',(2.,2.,0.));
#12639=CARTESIAN_POINT('',(148.500002235174,89.5000013560057,0.));
#12640=CARTESIAN_POINT('',(159.5,89.5000013560057,0.));
#12641=CARTESIAN_POINT('',(116.250001117587,89.5000013560057,0.));
#12642=CARTESIAN_POINT('',(148.500002235174,94.5,0.));
#12643=CARTESIAN_POINT('',(148.500002235174,72.0000000000003,0.));
#12644=CARTESIAN_POINT('',(159.5,94.5,0.));
#12645=CARTESIAN_POINT('',(120.25,94.5,0.));
#12646=CARTESIAN_POINT('',(159.5,71.0000006780031,0.));
#12647=CARTESIAN_POINT('',(159.5,5.50000000000001,0.));
#12648=CARTESIAN_POINT('',(159.5,12.5,0.));
#12649=CARTESIAN_POINT('',(159.5,29.0000000000003,0.));
#12650=CARTESIAN_POINT('',(106.5,5.50000000000001,0.));
#12651=CARTESIAN_POINT('',(95.2500000000003,5.50000000000001,0.));
#12652=CARTESIAN_POINT('',(106.5,12.5,0.));
#12653=CARTESIAN_POINT('',(106.5,31.0000000000003,0.));
#12654=CARTESIAN_POINT('',(120.25,12.5,0.));
#12655=CARTESIAN_POINT('',(117.500001728535,89.5000013560057,0.));
#12656=CARTESIAN_POINT('',(117.500001728535,94.5,0.));
#12657=CARTESIAN_POINT('',(117.500001728535,71.0000006780031,0.));
#12658=CARTESIAN_POINT('',(106.5,89.5000013560057,0.));
#12659=CARTESIAN_POINT('',(95.2500000000003,89.5000013560057,0.));
#12660=CARTESIAN_POINT('',(106.5,94.5,0.));
#12661=CARTESIAN_POINT('',(106.5,72.0000000000003,0.));
#12662=CARTESIAN_POINT('',(99.2500008642676,94.5,0.));
#12663=CARTESIAN_POINT('Origin',(116.250001117587,90.2500013560057,0.75));
#12664=CARTESIAN_POINT('',(158.,91.0000013560057,1.5));
#12665=CARTESIAN_POINT('',(159.5,89.5000013560057,0.));
#12666=CARTESIAN_POINT('',(150.000002235174,91.0000013560057,1.5));
#12667=CARTESIAN_POINT('',(116.250001117587,91.0000013560057,1.5));
#12668=CARTESIAN_POINT('',(150.000002235174,91.0000013560057,1.5));
#12669=CARTESIAN_POINT('Origin',(158.75,71.0000006780031,0.75));
#12670=CARTESIAN_POINT('',(158.,93.,1.5));
#12671=CARTESIAN_POINT('',(158.,71.0000006780031,1.5));
#12672=CARTESIAN_POINT('',(158.,93.,1.5));
#12673=CARTESIAN_POINT('Origin',(149.250002235174,72.0000000000003,0.75));
#12674=CARTESIAN_POINT('',(150.000002235174,93.,1.5));
#12675=CARTESIAN_POINT('',(150.000002235174,72.0000000000003,1.5));
#12676=CARTESIAN_POINT('',(150.000002235174,93.,1.5));
#12677=CARTESIAN_POINT('Origin',(120.25,93.75,0.75));
#12678=CARTESIAN_POINT('',(120.25,93.,1.5));
#12679=CARTESIAN_POINT('Origin',(150.000002235174,93.,0.));
#12680=CARTESIAN_POINT('',(150.000002235174,91.0000013560057,4.));
#12681=CARTESIAN_POINT('',(150.000002235174,91.0000013560057,0.));
#12682=CARTESIAN_POINT('',(150.000002235174,93.,4.));
#12683=CARTESIAN_POINT('',(150.000002235174,95.,4.));
#12684=CARTESIAN_POINT('',(150.000002235174,93.,0.));
#12685=CARTESIAN_POINT('Origin',(150.000002235174,91.0000013560057,0.));
#12686=CARTESIAN_POINT('',(158.,91.0000013560057,4.));
#12687=CARTESIAN_POINT('',(158.,91.0000013560057,0.));
#12688=CARTESIAN_POINT('',(150.000002235174,91.0000013560057,4.));
#12689=CARTESIAN_POINT('Origin',(116.750001728535,71.0000006780031,0.75));
#12690=CARTESIAN_POINT('',(116.000001728535,93.,1.5));
#12691=CARTESIAN_POINT('',(117.500001728535,94.5,0.));
#12692=CARTESIAN_POINT('',(116.000001728535,91.0000013560057,1.5));
#12693=CARTESIAN_POINT('',(116.000001728535,71.0000006780031,1.5));
#12694=CARTESIAN_POINT('',(116.000001728535,91.0000013560057,1.5));
#12695=CARTESIAN_POINT('Origin',(99.2500008642676,93.75,0.75));
#12696=CARTESIAN_POINT('',(108.,93.,1.5));
#12697=CARTESIAN_POINT('',(99.2500008642676,93.,1.5));
#12698=CARTESIAN_POINT('',(108.,93.,1.5));
#12699=CARTESIAN_POINT('Origin',(95.2500000000003,90.2500013560057,0.75));
#12700=CARTESIAN_POINT('',(108.,91.0000013560057,1.5));
#12701=CARTESIAN_POINT('',(95.2500000000003,91.0000013560057,1.5));
#12702=CARTESIAN_POINT('',(108.,91.0000013560057,1.5));
#12703=CARTESIAN_POINT('Origin',(107.25,72.0000000000003,0.75));
#12704=CARTESIAN_POINT('',(108.,72.0000000000003,1.5));
#12705=CARTESIAN_POINT('Origin',(108.,91.0000013560057,0.));
#12706=CARTESIAN_POINT('',(116.000001728535,91.0000013560057,4.));
#12707=CARTESIAN_POINT('',(116.000001728535,91.0000013560057,0.));
#12708=CARTESIAN_POINT('',(108.,91.0000013560057,4.));
#12709=CARTESIAN_POINT('',(116.000001728535,91.0000013560057,4.));
#12710=CARTESIAN_POINT('',(108.,91.0000013560057,0.));
#12711=CARTESIAN_POINT('Origin',(116.000001728535,91.0000013560057,0.));
#12712=CARTESIAN_POINT('',(116.000001728535,93.,4.));
#12713=CARTESIAN_POINT('',(116.000001728535,93.,0.));
#12714=CARTESIAN_POINT('',(116.000001728535,95.,4.));
#12715=CARTESIAN_POINT('Origin',(107.25,31.0000000000003,0.75));
#12716=CARTESIAN_POINT('',(108.,7.00000000000001,1.5));
#12717=CARTESIAN_POINT('',(108.,11.,1.5));
#12718=CARTESIAN_POINT('',(108.,31.0000000000003,1.5));
#12719=CARTESIAN_POINT('',(108.,11.,1.5));
#12720=CARTESIAN_POINT('',(106.5,5.50000000000001,0.));
#12721=CARTESIAN_POINT('Origin',(158.75,29.0000000000003,0.75));
#12722=CARTESIAN_POINT('',(158.,11.,1.5));
#12723=CARTESIAN_POINT('',(159.5,12.5,0.));
#12724=CARTESIAN_POINT('',(158.,7.00000000000001,1.5));
#12725=CARTESIAN_POINT('',(158.,29.0000000000003,1.5));
#12726=CARTESIAN_POINT('',(159.5,5.50000000000001,0.));
#12727=CARTESIAN_POINT('Origin',(120.25,11.75,0.75));
#12728=CARTESIAN_POINT('',(120.25,11.,1.5));
#12729=CARTESIAN_POINT('Origin',(95.2500000000003,6.25000000000001,0.75));
#12730=CARTESIAN_POINT('',(95.2500000000003,7.00000000000001,1.5));
#12731=CARTESIAN_POINT('Origin',(108.,7.00000000000001,0.));
#12732=CARTESIAN_POINT('',(158.,6.99999984353781,8.));
#12733=CARTESIAN_POINT('',(158.,7.00000000000001,0.));
#12734=CARTESIAN_POINT('',(153.,6.99999984353781,8.));
#12735=CARTESIAN_POINT('',(158.,6.99999984353781,8.));
#12736=CARTESIAN_POINT('',(153.,6.99999984353781,4.));
#12737=CARTESIAN_POINT('',(153.,6.99999984353781,8.));
#12738=CARTESIAN_POINT('',(113.,6.99999984353781,4.));
#12739=CARTESIAN_POINT('',(108.,7.00000000000001,4.));
#12740=CARTESIAN_POINT('',(113.,6.99999984353781,8.));
#12741=CARTESIAN_POINT('',(113.,6.99999984353781,8.));
#12742=CARTESIAN_POINT('',(108.,6.99999984353781,8.));
#12743=CARTESIAN_POINT('',(113.,6.99999984353781,8.));
#12744=CARTESIAN_POINT('',(108.,7.00000000000001,0.));
#12745=CARTESIAN_POINT('Origin',(158.,7.00000000000001,0.));
#12746=CARTESIAN_POINT('',(158.,11.,4.));
#12747=CARTESIAN_POINT('',(158.,11.,0.));
#12748=CARTESIAN_POINT('',(158.,8.79999984353781,4.));
#12749=CARTESIAN_POINT('',(158.,7.00000000000001,4.));
#12750=CARTESIAN_POINT('',(158.,8.79999980330467,5.89999986812472));
#12751=CARTESIAN_POINT('',(158.,8.79999984353781,0.));
#12752=CARTESIAN_POINT('',(158.,9.79999980330467,5.89999986812472));
#12753=CARTESIAN_POINT('',(158.,8.79999980330467,5.89999986812472));
#12754=CARTESIAN_POINT('',(158.,8.79999984353781,8.));
#12755=CARTESIAN_POINT('',(158.,9.79999980330467,5.89999986812472));
#12756=CARTESIAN_POINT('',(158.,8.79999984353781,8.));
#12757=CARTESIAN_POINT('Origin',(2.,2.,0.75));
#12758=CARTESIAN_POINT('Origin',(2.,2.,1.5));
#12759=CARTESIAN_POINT('Origin',(163.,1.99999999999999,0.75));
#12760=CARTESIAN_POINT('',(165.,2.,1.5));
#12761=CARTESIAN_POINT('',(165.,2.,1.5));
#12762=CARTESIAN_POINT('Origin',(163.,1.99999999999999,1.5));
#12763=CARTESIAN_POINT('Origin',(164.25,75.5000000000003,0.75));
#12764=CARTESIAN_POINT('',(165.,100.,1.5));
#12765=CARTESIAN_POINT('',(165.,100.,1.5));
#12766=CARTESIAN_POINT('',(165.,75.5000000000003,1.5));
#12767=CARTESIAN_POINT('Origin',(163.,100.,0.75));
#12768=CARTESIAN_POINT('Origin',(163.,100.,1.5));
#12769=CARTESIAN_POINT('Origin',(1.99999999999999,100.,0.75));
#12770=CARTESIAN_POINT('Origin',(1.99999999999999,100.,1.5));
#12771=CARTESIAN_POINT('Origin',(163.,1.99999999999999,0.));
#12772=CARTESIAN_POINT('',(163.,0.,34.8167840431687));
#12773=CARTESIAN_POINT('',(163.,0.,0.));
#12774=CARTESIAN_POINT('',(165.,2.,34.8167840431687));
#12775=CARTESIAN_POINT('Origin',(163.,2.,34.8167840431687));
#12776=CARTESIAN_POINT('',(165.,2.,0.));
#12777=CARTESIAN_POINT('Origin',(163.,0.,0.));
#12778=CARTESIAN_POINT('',(2.,0.,34.8167840431687));
#12779=CARTESIAN_POINT('',(2.,0.,0.));
#12780=CARTESIAN_POINT('',(1.99999999999999,0.,34.8167840431687));
#12781=CARTESIAN_POINT('',(147.956752777442,0.,7.));
#12782=CARTESIAN_POINT('',(157.5,0.,29.0238216185392));
#12783=CARTESIAN_POINT('',(152.640539802853,0.,17.8092023125051));
#12784=CARTESIAN_POINT('',(157.5,0.,33.));
#12785=CARTESIAN_POINT('',(157.5,0.,16.5));
#12786=CARTESIAN_POINT('',(157.043247222558,0.,33.));
#12787=CARTESIAN_POINT('',(160.021623611279,0.,33.));
#12788=CARTESIAN_POINT('',(145.777063174934,0.,7.));
#12789=CARTESIAN_POINT('',(145.861509551378,0.,7.19488460141222));
#12790=CARTESIAN_POINT('',(155.478376388721,0.,7.));
#12791=CARTESIAN_POINT('',(107.956752777442,0.,6.99999999999999));
#12792=CARTESIAN_POINT('',(119.222936825066,0.,33.));
#12793=CARTESIAN_POINT('',(116.663613649741,0.,27.0936165895072));
#12794=CARTESIAN_POINT('',(117.043247222558,0.,33.));
#12795=CARTESIAN_POINT('',(140.021623611279,0.,33.));
#12796=CARTESIAN_POINT('',(105.777063174934,0.,7.));
#12797=CARTESIAN_POINT('',(109.023114985733,0.,14.4912096876839));
#12798=CARTESIAN_POINT('',(135.478376388721,0.,7.));
#12799=CARTESIAN_POINT('',(67.9567527774423,0.,7.));
#12800=CARTESIAN_POINT('',(79.2229368250661,0.,33.));
#12801=CARTESIAN_POINT('',(79.8252190840964,0.,34.3899416757789));
#12802=CARTESIAN_POINT('',(77.0432472225577,0.,33.));
#12803=CARTESIAN_POINT('',(120.021623611279,0.,33.));
#12804=CARTESIAN_POINT('',(65.7770631749338,0.,7.));
#12805=CARTESIAN_POINT('',(72.1847204200885,0.,21.7875347739557));
#12806=CARTESIAN_POINT('',(115.478376388721,0.,7.));
#12807=CARTESIAN_POINT('',(27.9567527774423,0.,7.));
#12808=CARTESIAN_POINT('',(39.2229368250661,0.,33.));
#12809=CARTESIAN_POINT('',(42.9868245184515,0.,41.6862667620507));
#12810=CARTESIAN_POINT('',(37.0432472225577,0.,33.));
#12811=CARTESIAN_POINT('',(100.021623611279,0.,33.));
#12812=CARTESIAN_POINT('',(25.7770631749338,0.,7.));
#12813=CARTESIAN_POINT('',(35.3463258544436,0.,29.0838598602274));
#12814=CARTESIAN_POINT('',(95.4783763887211,0.,7.));
#12815=CARTESIAN_POINT('',(17.9567527774423,0.,7.));
#12816=CARTESIAN_POINT('',(29.2229368250661,0.,33.));
#12817=CARTESIAN_POINT('',(33.7772258770403,0.,43.5103480336186));
#12818=CARTESIAN_POINT('',(27.0432472225577,0.,33.));
#12819=CARTESIAN_POINT('',(95.0216236112788,0.,33.));
#12820=CARTESIAN_POINT('',(15.7770631749338,0.,7.));
#12821=CARTESIAN_POINT('',(26.1367272130324,0.,30.9079411317953));
#12822=CARTESIAN_POINT('',(90.4783763887211,0.,7.));
#12823=CARTESIAN_POINT('',(57.9567527774423,0.,7.));
#12824=CARTESIAN_POINT('',(69.2229368250661,0.,33.));
#12825=CARTESIAN_POINT('',(70.6156204426852,0.,36.2140229473469));
#12826=CARTESIAN_POINT('',(67.0432472225577,0.,33.));
#12827=CARTESIAN_POINT('',(115.021623611279,0.,33.));
#12828=CARTESIAN_POINT('',(55.7770631749338,0.,7.));
#12829=CARTESIAN_POINT('',(62.9751217786773,0.,23.6116160455236));
#12830=CARTESIAN_POINT('',(110.478376388721,0.,7.));
#12831=CARTESIAN_POINT('',(97.9567527774423,0.,7.));
#12832=CARTESIAN_POINT('',(109.222936825066,0.,33.));
#12833=CARTESIAN_POINT('',(107.45401500833,0.,28.9176978610752));
#12834=CARTESIAN_POINT('',(107.043247222558,0.,33.));
#12835=CARTESIAN_POINT('',(135.021623611279,0.,33.));
#12836=CARTESIAN_POINT('',(95.7770631749338,0.,7.));
#12837=CARTESIAN_POINT('',(99.8135163443222,0.,16.3152909592519));
#12838=CARTESIAN_POINT('',(130.478376388721,0.,7.));
#12839=CARTESIAN_POINT('',(137.956752777442,0.,7.));
#12840=CARTESIAN_POINT('',(149.222936825066,0.,33.));
#12841=CARTESIAN_POINT('',(144.292409573975,0.,21.6213727748034));
#12842=CARTESIAN_POINT('',(147.043247222558,0.,33.));
#12843=CARTESIAN_POINT('',(155.021623611279,0.,33.));
#12844=CARTESIAN_POINT('',(135.777063174934,0.,7.));
#12845=CARTESIAN_POINT('',(136.651910909967,0.,9.01896587298015));
#12846=CARTESIAN_POINT('',(150.478376388721,0.,7.));
#12847=CARTESIAN_POINT('',(117.956752777442,0.,7.));
#12848=CARTESIAN_POINT('',(129.222936825066,0.,33.));
#12849=CARTESIAN_POINT('',(125.873212291153,0.,25.2695353179393));
#12850=CARTESIAN_POINT('',(127.043247222558,0.,33.));
#12851=CARTESIAN_POINT('',(145.021623611279,0.,33.));
#12852=CARTESIAN_POINT('',(115.777063174934,0.,7.));
#12853=CARTESIAN_POINT('',(118.232713627145,0.,12.667128416116));
#12854=CARTESIAN_POINT('',(140.478376388721,0.,7.));
#12855=CARTESIAN_POINT('',(77.9567527774423,0.,7.));
#12856=CARTESIAN_POINT('',(89.2229368250661,0.,33.));
#12857=CARTESIAN_POINT('',(89.0348177255077,0.,32.565860404211));
#12858=CARTESIAN_POINT('',(87.0432472225577,0.,33.));
#12859=CARTESIAN_POINT('',(125.021623611279,0.,33.));
#12860=CARTESIAN_POINT('',(75.7770631749338,0.,7.));
#12861=CARTESIAN_POINT('',(81.3943190614997,0.,19.9634535023877));
#12862=CARTESIAN_POINT('',(120.478376388721,0.,7.));
#12863=CARTESIAN_POINT('',(37.9567527774423,0.,7.));
#12864=CARTESIAN_POINT('',(49.2229368250661,0.,33.));
#12865=CARTESIAN_POINT('',(52.1964231598627,0.,39.8621854904827));
#12866=CARTESIAN_POINT('',(47.0432472225577,0.,33.));
#12867=CARTESIAN_POINT('',(105.021623611279,0.,33.));
#12868=CARTESIAN_POINT('',(35.7770631749338,0.,7.));
#12869=CARTESIAN_POINT('',(44.5559244958548,0.,27.2597785886595));
#12870=CARTESIAN_POINT('',(100.478376388721,0.,7.));
#12871=CARTESIAN_POINT('',(7.49999999999998,0.,7.));
#12872=CARTESIAN_POINT('',(7.95675277744232,0.,7.));
#12873=CARTESIAN_POINT('',(85.4783763887211,0.,7.));
#12874=CARTESIAN_POINT('',(19.2229368250661,0.,33.));
#12875=CARTESIAN_POINT('',(24.5676272356291,0.,45.3344293051865));
#12876=CARTESIAN_POINT('',(17.0432472225577,0.,33.));
#12877=CARTESIAN_POINT('',(90.0216236112788,0.,33.));
#12878=CARTESIAN_POINT('',(7.49999999999998,0.,10.9761783814608));
#12879=CARTESIAN_POINT('',(17.7885969841542,0.,34.7201115940937));
#12880=CARTESIAN_POINT('',(7.49999999999999,0.,3.5));
#12881=CARTESIAN_POINT('',(47.9567527774423,0.,6.99999999999999));
#12882=CARTESIAN_POINT('',(59.2229368250661,0.,33.));
#12883=CARTESIAN_POINT('',(61.406021801274,0.,38.0381042189148));
#12884=CARTESIAN_POINT('',(57.0432472225577,0.,33.));
#12885=CARTESIAN_POINT('',(110.021623611279,0.,33.));
#12886=CARTESIAN_POINT('',(45.7770631749338,0.,7.));
#12887=CARTESIAN_POINT('',(53.7655231372661,0.,25.4356973170915));
#12888=CARTESIAN_POINT('',(105.478376388721,0.,7.));
#12889=CARTESIAN_POINT('',(87.9567527774423,0.,7.));
#12890=CARTESIAN_POINT('',(99.2229368250661,0.,33.));
#12891=CARTESIAN_POINT('',(98.2444163669189,0.,30.7417791326431));
#12892=CARTESIAN_POINT('',(97.0432472225577,0.,33.));
#12893=CARTESIAN_POINT('',(130.021623611279,0.,33.));
#12894=CARTESIAN_POINT('',(85.7770631749338,0.,7.));
#12895=CARTESIAN_POINT('',(90.603917702911,0.,18.1393722308198));
#12896=CARTESIAN_POINT('',(125.478376388721,0.,7.));
#12897=CARTESIAN_POINT('',(127.956752777442,0.,7.));
#12898=CARTESIAN_POINT('',(139.222936825066,0.,33.));
#12899=CARTESIAN_POINT('',(135.082810932564,0.,23.4454540463714));
#12900=CARTESIAN_POINT('',(137.043247222558,0.,33.));
#12901=CARTESIAN_POINT('',(150.021623611279,0.,33.));
#12902=CARTESIAN_POINT('',(125.777063174934,0.,7.));
#12903=CARTESIAN_POINT('',(127.442312268556,0.,10.8430471445481));
#12904=CARTESIAN_POINT('',(145.478376388721,0.,7.));
#12905=CARTESIAN_POINT('Origin',(2.,2.,0.));
#12906=CARTESIAN_POINT('',(-8.32667268468867E-16,2.,34.8167840431687));
#12907=CARTESIAN_POINT('',(-8.32667268468867E-16,1.99999999999999,0.));
#12908=CARTESIAN_POINT('Origin',(2.,2.,34.8167840431687));
#12909=CARTESIAN_POINT('Origin',(-8.32667268468867E-16,1.99999999999999,
0.));
#12910=CARTESIAN_POINT('',(-5.82867087928207E-15,100.,34.8167840431687));
#12911=CARTESIAN_POINT('',(-4.16333634234434E-15,100.,0.));
#12912=CARTESIAN_POINT('',(-2.53269627492614E-15,51.,34.8167840431687));
#12913=CARTESIAN_POINT('',(-3.5050264844711E-15,80.0000011175871,15.));
#12914=CARTESIAN_POINT('Origin',(-3.33066907387547E-15,75.0000011175871,
15.));
#12915=CARTESIAN_POINT('',(0.,17.6958035215224,33.));
#12916=CARTESIAN_POINT('',(0.,6.48227550813915,7.));
#12917=CARTESIAN_POINT('',(0.,10.4647801652823,16.2339467973097));
#12918=CARTESIAN_POINT('',(0.,5.99999834644903,7.));
#12919=CARTESIAN_POINT('',(0.,4.2411377540696,7.));
#12920=CARTESIAN_POINT('',(0.,5.99999834644903,10.9319413568404));
#12921=CARTESIAN_POINT('',(0.,5.99999834644903,3.5));
#12922=CARTESIAN_POINT('',(0.,15.5177211847589,33.));
#12923=CARTESIAN_POINT('',(0.,3.69863864515697,5.5959443216361));
#12924=CARTESIAN_POINT('',(0.,8.75886059237946,33.));
#12925=CARTESIAN_POINT('',(0.,47.6958035215224,33.));
#12926=CARTESIAN_POINT('',(0.,36.4822755081391,7.));
#12927=CARTESIAN_POINT('',(0.,38.1122212251057,10.7792377733888));
#12928=CARTESIAN_POINT('',(0.,34.3041931713756,7.));
#12929=CARTESIAN_POINT('',(0.,19.2411377540696,7.));
#12930=CARTESIAN_POINT('',(0.,45.5177211847589,33.));
#12931=CARTESIAN_POINT('',(0.,30.4981771174436,-1.82473538070501));
#12932=CARTESIAN_POINT('',(0.,23.7588605923795,33.));
#12933=CARTESIAN_POINT('',(0.,57.6958035215224,33.));
#12934=CARTESIAN_POINT('',(0.,46.4822755081391,7.));
#12935=CARTESIAN_POINT('',(0.,47.3280349117135,8.96100143208179));
#12936=CARTESIAN_POINT('',(0.,44.3041931713756,7.));
#12937=CARTESIAN_POINT('',(0.,24.2411377540696,7.));
#12938=CARTESIAN_POINT('',(0.,55.5177211847589,33.));
#12939=CARTESIAN_POINT('',(0.,39.7139908040514,-3.64297172201198));
#12940=CARTESIAN_POINT('',(0.,28.7588605923795,33.));
#12941=CARTESIAN_POINT('',(-1.31838984174237E-15,16.5000004023314,23.));
#12942=CARTESIAN_POINT('',(-1.11022302462516E-15,17.7500004023314,23.));
#12943=CARTESIAN_POINT('',(-1.11022302462516E-15,9.87500020116569,23.));
#12944=CARTESIAN_POINT('',(-1.11022302462516E-15,17.7500004023314,26.5));
#12945=CARTESIAN_POINT('',(-1.38777878078145E-15,17.7500004023314,13.25));
#12946=CARTESIAN_POINT('',(-1.40548319683459E-15,22.7143391814131,26.5));
#12947=CARTESIAN_POINT('',(-1.38777878078145E-15,19.1250002011657,26.5));
#12948=CARTESIAN_POINT('',(0.,25.5177211847589,33.));
#12949=CARTESIAN_POINT('',(0.,12.066549744228,1.81173730190894));
#12950=CARTESIAN_POINT('',(0.,27.6958035215224,33.));
#12951=CARTESIAN_POINT('',(0.,13.7588605923795,33.));
#12952=CARTESIAN_POINT('',(-1.53502733039553E-15,24.8924215181766,26.5));
#12953=CARTESIAN_POINT('',(0.,19.6805938518901,14.4157104560027));
#12954=CARTESIAN_POINT('',(-2.00024553145521E-15,32.7143391814131,26.5));
#12955=CARTESIAN_POINT('',(-1.38777878078145E-15,19.1250002011657,26.5));
#12956=CARTESIAN_POINT('',(0.,35.5177211847589,33.));
#12957=CARTESIAN_POINT('',(0.,21.2823634308358,-0.00649903939803845));
#12958=CARTESIAN_POINT('',(0.,37.6958035215224,33.));
#12959=CARTESIAN_POINT('',(0.,18.7588605923795,33.));
#12960=CARTESIAN_POINT('',(-2.12978966501615E-15,34.8924215181766,26.5));
#12961=CARTESIAN_POINT('',(0.,28.8964075384979,12.5974741146957));
#12962=CARTESIAN_POINT('',(-2.22044604925031E-15,36.2500004023313,26.5));
#12963=CARTESIAN_POINT('',(-1.38777878078145E-15,19.1250002011657,26.5));
#12964=CARTESIAN_POINT('',(-2.22044604925031E-15,36.2500004023313,23.));
#12965=CARTESIAN_POINT('',(-2.08166817117217E-15,36.2500004023313,11.5));
#12966=CARTESIAN_POINT('',(-2.08166817117217E-15,37.5000004023314,23.));
#12967=CARTESIAN_POINT('',(-1.38777878078145E-15,19.5000002011657,23.));
#12968=CARTESIAN_POINT('',(-2.08166817117217E-15,37.5000004023314,17.));
#12969=CARTESIAN_POINT('',(-2.08166817117217E-15,37.5000004023314,8.5));
#12970=CARTESIAN_POINT('',(-2.22044604925031E-15,36.2500004023313,17.));
#12971=CARTESIAN_POINT('',(-1.38777878078145E-15,19.1250002011657,17.));
#12972=CARTESIAN_POINT('',(-2.22044604925031E-15,36.2500004023313,13.5));
#12973=CARTESIAN_POINT('',(-2.08166817117217E-15,36.2500004023313,6.75));
#12974=CARTESIAN_POINT('',(-1.80623316556448E-15,29.285657511485,13.5));
#12975=CARTESIAN_POINT('',(-1.11022302462516E-15,9.87500020116569,13.5));
#12976=CARTESIAN_POINT('',(0.,26.4822755081391,7.));
#12977=CARTESIAN_POINT('',(0.,28.8964075384979,12.5974741146957));
#12978=CARTESIAN_POINT('',(0.,24.3041931713756,7.));
#12979=CARTESIAN_POINT('',(0.,14.2411377540696,7.));
#12980=CARTESIAN_POINT('',(-1.67668903200354E-15,27.1075751747214,13.5));
#12981=CARTESIAN_POINT('',(0.,21.2823634308358,-0.00649903939803845));
#12982=CARTESIAN_POINT('',(-1.21147083094386E-15,19.285657511485,13.5));
#12983=CARTESIAN_POINT('',(-1.11022302462516E-15,9.87500020116569,13.5));
#12984=CARTESIAN_POINT('',(0.,16.4822755081391,7.));
#12985=CARTESIAN_POINT('',(0.,19.6805938518901,14.4157104560027));
#12986=CARTESIAN_POINT('',(0.,14.3041931713756,7.));
#12987=CARTESIAN_POINT('',(0.,9.2411377540696,7.));
#12988=CARTESIAN_POINT('',(-1.11022302462516E-15,17.7500004023314,14.9895451188889));
#12989=CARTESIAN_POINT('',(0.,12.066549744228,1.81173730190894));
#12990=CARTESIAN_POINT('',(-1.11022302462516E-15,17.7500004023314,17.));
#12991=CARTESIAN_POINT('',(-1.38777878078145E-15,17.7500004023314,8.5));
#12992=CARTESIAN_POINT('',(-1.31838984174237E-15,16.5000004023314,17.));
#12993=CARTESIAN_POINT('',(-1.11022302462516E-15,9.50000020116567,17.));
#12994=CARTESIAN_POINT('',(-1.31838984174237E-15,16.5000004023314,11.5));
#12995=CARTESIAN_POINT('Origin',(165.7,75.0000011175871,15.));
#12996=CARTESIAN_POINT('',(165.,81.4000011175871,15.));
#12997=CARTESIAN_POINT('Origin',(165.,75.0000011175871,15.));
#12998=CARTESIAN_POINT('',(166.4,80.0000011175871,15.));
#12999=CARTESIAN_POINT('',(165.7,80.7000011175871,15.));
#13000=CARTESIAN_POINT('Origin',(166.4,75.0000011175871,15.));
#13001=CARTESIAN_POINT('Origin',(167.5,75.0000011175871,15.));
#13002=CARTESIAN_POINT('',(167.5,80.0000011175871,15.));
#13003=CARTESIAN_POINT('',(167.5,70.0000036525139,15.0050348050196));
#13004=CARTESIAN_POINT('Origin',(167.5,75.0000011175871,15.));
#13005=CARTESIAN_POINT('',(176.5,70.0000036525139,15.0050348050196));
#13006=CARTESIAN_POINT('',(177.5,70.0000036525139,15.0050348050196));
#13007=CARTESIAN_POINT('Origin',(176.5,75.0000011175871,15.));
#13008=CARTESIAN_POINT('',(168.499999966472,79.9743606275028,14.494285192909));
#13009=CARTESIAN_POINT('',(168.49999996647,70.0256416076714,14.494285192909));
#13010=CARTESIAN_POINT('Origin',(168.499999966476,75.0000011175871,15.));
#13011=CARTESIAN_POINT('',(169.499999966475,79.9743606275028,14.494285192909));
#13012=CARTESIAN_POINT('',(167.5,79.9743606275028,14.494285192909));
#13013=CARTESIAN_POINT('',(169.499999966472,70.0256416076714,14.494285192909));
#13014=CARTESIAN_POINT('Origin',(169.499999966469,75.0000011175871,15.));
#13015=CARTESIAN_POINT('',(167.5,70.0256416076714,14.494285192909));
#13016=CARTESIAN_POINT('',(173.499999798834,79.9743606275028,14.494285192909));
#13017=CARTESIAN_POINT('',(173.499999798832,70.0256416076714,14.494285192909));
#13018=CARTESIAN_POINT('Origin',(173.499999798838,75.0000011175871,15.));
#13019=CARTESIAN_POINT('',(174.499999798837,79.9743606275028,14.494285192909));
#13020=CARTESIAN_POINT('',(167.5,79.9743606275028,14.494285192909));
#13021=CARTESIAN_POINT('',(174.499999798834,70.0256416076714,14.494285192909));
#13022=CARTESIAN_POINT('Origin',(174.499999798831,75.0000011175871,15.));
#13023=CARTESIAN_POINT('',(167.5,70.0256416076714,14.494285192909));
#13024=CARTESIAN_POINT('Origin',(165.,100.,0.));
#13025=CARTESIAN_POINT('',(165.,100.,34.8167840431687));
#13026=CARTESIAN_POINT('',(165.,1.99999999999999,34.8167840431687));
#13027=CARTESIAN_POINT('',(165.,100.,0.));
#13028=CARTESIAN_POINT('',(165.,6.48227550813921,7.));
#13029=CARTESIAN_POINT('',(165.,17.6958035215225,33.));
#13030=CARTESIAN_POINT('',(165.,18.149806036526,34.052662942118));
#13031=CARTESIAN_POINT('',(165.,15.5177211847589,33.));
#13032=CARTESIAN_POINT('',(165.,57.7588605923795,33.));
#13033=CARTESIAN_POINT('',(165.,5.99999834644909,10.9319413568404));
#13034=CARTESIAN_POINT('',(165.,11.3836645164006,23.4146604664444));
#13035=CARTESIAN_POINT('',(165.,5.99999834644909,7.));
#13036=CARTESIAN_POINT('',(165.,5.99999834644908,3.5));
#13037=CARTESIAN_POINT('',(165.,53.2411377540696,7.));
#13038=CARTESIAN_POINT('',(165.,26.4822755081392,7.));
#13039=CARTESIAN_POINT('',(165.,37.6958035215225,33.));
#13040=CARTESIAN_POINT('',(165.,36.5814334097416,30.416190259504));
#13041=CARTESIAN_POINT('',(165.,35.5177211847589,33.));
#13042=CARTESIAN_POINT('',(165.,67.7588605923795,33.));
#13043=CARTESIAN_POINT('',(165.,24.3041931713756,7.));
#13044=CARTESIAN_POINT('',(165.,28.9673893020795,17.8122171054103));
#13045=CARTESIAN_POINT('',(165.,63.2411377540696,7.));
#13046=CARTESIAN_POINT('',(165.,16.4822755081392,7.));
#13047=CARTESIAN_POINT('',(165.,27.6958035215225,33.));
#13048=CARTESIAN_POINT('',(165.,27.3656197231338,32.234426600811));
#13049=CARTESIAN_POINT('',(165.,25.517721184759,33.));
#13050=CARTESIAN_POINT('',(165.,62.7588605923795,33.));
#13051=CARTESIAN_POINT('',(165.,14.3041931713756,7.));
#13052=CARTESIAN_POINT('',(165.,19.7515756154717,19.6304534467173));
#13053=CARTESIAN_POINT('',(165.,58.2411377540696,7.));
#13054=CARTESIAN_POINT('',(165.,36.4822755081392,7.));
#13055=CARTESIAN_POINT('',(165.,47.6958035215225,33.));
#13056=CARTESIAN_POINT('',(165.,45.7972470963494,28.5979539181971));
#13057=CARTESIAN_POINT('',(165.,45.5177211847589,33.));
#13058=CARTESIAN_POINT('',(165.,72.7588605923795,33.));
#13059=CARTESIAN_POINT('',(165.,34.3041931713756,7.));
#13060=CARTESIAN_POINT('',(165.,38.1832029886873,15.9939807641033));
#13061=CARTESIAN_POINT('',(165.,68.2411377540696,7.));
#13062=CARTESIAN_POINT('',(165.,46.4822755081392,7.));
#13063=CARTESIAN_POINT('',(165.,57.6958035215225,33.));
#13064=CARTESIAN_POINT('',(165.,55.0130607829572,26.7797175768901));
#13065=CARTESIAN_POINT('',(165.,55.517721184759,33.));
#13066=CARTESIAN_POINT('',(165.,77.7588605923795,33.));
#13067=CARTESIAN_POINT('',(165.,44.3041931713756,7.));
#13068=CARTESIAN_POINT('',(165.,47.3990166752951,14.1757444227963));
#13069=CARTESIAN_POINT('',(165.,73.2411377540696,7.));
#13070=CARTESIAN_POINT('Origin',(168.5,54.0000011175871,3.50000000000001));
#13071=CARTESIAN_POINT('',(169.5,55.0000011175871,6.99999999999999));
#13072=CARTESIAN_POINT('',(169.5,55.0000011175871,23.));
#13073=CARTESIAN_POINT('',(169.5,55.0000011175871,3.50000000000001));
#13074=CARTESIAN_POINT('',(167.882907014173,53.3829081317597,23.));
#13075=CARTESIAN_POINT('',(168.5,54.0000011175871,23.));
#13076=CARTESIAN_POINT('',(167.5,53.0000011175871,22.1121810765883));
#13077=CARTESIAN_POINT('',(166.739827444906,52.2398285624935,20.3496237075923));
#13078=CARTESIAN_POINT('',(167.5,53.0000011175871,4.99999999999999));
#13079=CARTESIAN_POINT('',(167.5,53.0000011175871,3.50000000000001));
#13080=CARTESIAN_POINT('',(167.5,53.0000011175871,4.99999999999999));
#13081=CARTESIAN_POINT('Origin',(168.5,48.5000005587936,5.99999999999999));
#13082=CARTESIAN_POINT('',(167.5,97.0000011175871,4.99999999999999));
#13083=CARTESIAN_POINT('',(167.5,48.5000005587936,4.99999999999999));
#13084=CARTESIAN_POINT('',(169.5,95.0000011175871,6.99999999999999));
#13085=CARTESIAN_POINT('',(167.5,97.0000011175871,4.99999999999999));
#13086=CARTESIAN_POINT('',(169.5,48.5000005587936,6.99999999999999));
#13087=CARTESIAN_POINT('Origin',(168.5,96.0000011175871,11.5));
#13088=CARTESIAN_POINT('',(167.5,97.0000011175871,23.));
#13089=CARTESIAN_POINT('',(167.5,97.0000011175871,11.5));
#13090=CARTESIAN_POINT('',(169.5,95.0000011175871,23.));
#13091=CARTESIAN_POINT('',(178.5,86.0000011175873,23.));
#13092=CARTESIAN_POINT('',(169.5,95.0000011175871,11.5));
#13093=CARTESIAN_POINT('Origin',(167.5,55.0000011175871,6.99999999999999));
#13094=CARTESIAN_POINT('',(177.5,55.0000011175871,6.99999999999999));
#13095=CARTESIAN_POINT('',(167.5,55.0000011175871,6.99999999999999));
#13096=CARTESIAN_POINT('',(177.5,55.0000011175871,23.));
#13097=CARTESIAN_POINT('',(177.5,55.0000011175871,23.));
#13098=CARTESIAN_POINT('',(167.5,55.0000011175871,23.));
#13099=CARTESIAN_POINT('Origin',(167.5,95.0000011175871,6.99999999999999));
#13100=CARTESIAN_POINT('',(177.5,95.0000011175871,6.99999999999999));
#13101=CARTESIAN_POINT('',(167.5,95.0000011175871,6.99999999999999));
#13102=CARTESIAN_POINT('',(177.5,55.0000011175871,6.99999999999999));
#13103=CARTESIAN_POINT('',(174.5,61.2500011175871,6.99999999999999));
#13104=CARTESIAN_POINT('Origin',(172.5,61.2500011175871,6.99999999999999));
#13105=CARTESIAN_POINT('',(174.5,88.7500011175871,6.99999999999999));
#13106=CARTESIAN_POINT('Origin',(172.5,88.7500011175871,6.99999999999999));
#13107=CARTESIAN_POINT('Origin',(167.5,95.0000011175871,23.));
#13108=CARTESIAN_POINT('',(177.5,95.0000011175871,23.));
#13109=CARTESIAN_POINT('',(167.5,95.0000011175871,23.));
#13110=CARTESIAN_POINT('',(177.5,95.0000011175871,6.99999999999999));
#13111=CARTESIAN_POINT('Origin',(165.,75.0000011175871,15.));
#13112=CARTESIAN_POINT('',(169.499999966473,72.1168604689194,13.5));
#13113=CARTESIAN_POINT('',(168.99999996647,71.9076718983738,14.));
#13114=CARTESIAN_POINT('Origin',(167.999999966474,75.0000011175871,15.));
#13115=CARTESIAN_POINT('',(169.499999966474,77.8831417662548,13.5));
#13116=CARTESIAN_POINT('Origin',(169.499999966469,75.0000011175871,15.));
#13117=CARTESIAN_POINT('',(168.999999966472,78.0923303368003,14.));
#13118=CARTESIAN_POINT('Origin',(167.999999966474,75.0000011175871,15.));
#13119=CARTESIAN_POINT('',(168.499999966472,77.8831417662548,13.5));
#13120=CARTESIAN_POINT('Origin',(169.999999966471,75.0000011175871,15.));
#13121=CARTESIAN_POINT('',(168.49999996647,72.1168604689194,13.5));
#13122=CARTESIAN_POINT('Origin',(168.499999966476,75.0000011175871,15.));
#13123=CARTESIAN_POINT('Origin',(169.999999966471,75.0000011175871,15.));
#13124=CARTESIAN_POINT('Origin',(165.,75.0000011175871,15.));
#13125=CARTESIAN_POINT('',(174.499999798835,72.1168604689194,13.5));
#13126=CARTESIAN_POINT('',(173.999999798832,71.9076718983738,14.));
#13127=CARTESIAN_POINT('Origin',(172.999999798835,75.0000011175871,15.));
#13128=CARTESIAN_POINT('',(174.499999798836,77.8831417662548,13.5));
#13129=CARTESIAN_POINT('Origin',(174.499999798831,75.0000011175871,15.));
#13130=CARTESIAN_POINT('',(173.999999798834,78.0923303368003,14.));
#13131=CARTESIAN_POINT('Origin',(172.999999798835,75.0000011175871,15.));
#13132=CARTESIAN_POINT('',(173.499999798834,77.8831417662548,13.5));
#13133=CARTESIAN_POINT('Origin',(174.999999798833,75.0000011175871,15.));
#13134=CARTESIAN_POINT('',(173.499999798832,72.1168604689194,13.5));
#13135=CARTESIAN_POINT('Origin',(173.499999798838,75.0000011175871,15.));
#13136=CARTESIAN_POINT('Origin',(174.999999798833,75.0000011175871,15.));
#13137=CARTESIAN_POINT('Origin',(173.749999798836,85.0000011175871,13.75));
#13138=CARTESIAN_POINT('',(173.499999798832,71.1830540624918,13.5));
#13139=CARTESIAN_POINT('',(173.499999798835,85.0000011175871,13.5));
#13140=CARTESIAN_POINT('',(173.999999798832,70.6010216320207,14.));
#13141=CARTESIAN_POINT('',(170.545605058965,74.6221611645236,10.5456052601325));
#13142=CARTESIAN_POINT('',(173.999999798835,85.000001117587,14.));
#13143=CARTESIAN_POINT('Origin',(173.749999798836,85.0000011175871,13.75));
#13144=CARTESIAN_POINT('',(173.999999798834,79.3989806031534,14.));
#13145=CARTESIAN_POINT('',(173.999999798835,85.000001117587,14.));
#13146=CARTESIAN_POINT('',(173.499999798834,78.8169481726824,13.5));
#13147=CARTESIAN_POINT('',(174.015198363547,79.4166727182727,14.015198564713));
#13148=CARTESIAN_POINT('',(173.499999798835,85.0000011175871,13.5));
#13149=CARTESIAN_POINT('Origin',(174.499999798831,55.0000011175871,14.));
#13150=CARTESIAN_POINT('',(174.499999798835,71.1830540624918,13.5));
#13151=CARTESIAN_POINT('',(174.499999798833,65.000001117587,13.5));
#13152=CARTESIAN_POINT('',(174.499999798833,65.9689188441981,17.9792480155048));
#13153=CARTESIAN_POINT('',(174.499999798836,78.8169481726824,13.5));
#13154=CARTESIAN_POINT('',(174.499999798835,72.5234829039881,8.09354415732383));
#13155=CARTESIAN_POINT('',(174.499999798833,65.000001117587,13.5));
#13156=CARTESIAN_POINT('Origin',(174.249999798833,65.0000011175871,13.75));
#13157=CARTESIAN_POINT('',(172.047421579557,68.3280939387198,15.9525782192767));
#13158=CARTESIAN_POINT('Origin',(174.249999798833,65.0000011175871,13.75));
#13159=CARTESIAN_POINT('',(175.51701488414,77.6330766488317,12.4829849146958));
#13160=CARTESIAN_POINT('Origin',(168.749999966474,85.0000011175871,13.75));
#13161=CARTESIAN_POINT('',(168.49999996647,71.1830540624918,13.5));
#13162=CARTESIAN_POINT('',(168.499999966474,85.0000011175871,13.5));
#13163=CARTESIAN_POINT('',(168.99999996647,70.6010216320207,14.));
#13164=CARTESIAN_POINT('',(166.290751245667,73.7547628674602,11.2907512791966));
#13165=CARTESIAN_POINT('',(168.999999966474,85.000001117587,14.));
#13166=CARTESIAN_POINT('Origin',(168.749999966474,85.0000011175871,13.75));
#13167=CARTESIAN_POINT('',(168.999999966472,79.3989806031534,14.));
#13168=CARTESIAN_POINT('',(168.999999966474,85.000001117587,14.));
#13169=CARTESIAN_POINT('',(168.499999966472,78.8169481726824,13.5));
#13170=CARTESIAN_POINT('',(169.76034455025,80.2840710153363,14.7603445837773));
#13171=CARTESIAN_POINT('',(168.499999966474,85.0000011175871,13.5));
#13172=CARTESIAN_POINT('Origin',(169.499999966469,55.0000011175871,14.));
#13173=CARTESIAN_POINT('',(169.499999966473,71.1830540624918,13.5));
#13174=CARTESIAN_POINT('',(169.499999966471,65.000001117587,13.5));
#13175=CARTESIAN_POINT('',(169.499999966471,65.9689188441985,17.9792480155045));
#13176=CARTESIAN_POINT('',(169.499999966474,78.8169481726824,13.5));
#13177=CARTESIAN_POINT('',(169.499999966473,72.5234829039884,8.09354415732413));
#13178=CARTESIAN_POINT('',(169.499999966471,65.000001117587,13.5));
#13179=CARTESIAN_POINT('Origin',(169.249999966471,65.0000011175871,13.75));
#13180=CARTESIAN_POINT('',(167.79256776626,69.1954922357834,15.2074322002125));
#13181=CARTESIAN_POINT('Origin',(169.249999966471,65.0000011175871,13.75));
#13182=CARTESIAN_POINT('',(171.262161070842,76.7656783517683,11.7378388956317));
#13183=CARTESIAN_POINT('Origin',(177.,75.0000011175871,15.));
#13184=CARTESIAN_POINT('',(177.5,80.9999985615358,15.0055382857361));
#13185=CARTESIAN_POINT('Ctrl Pts',(176.5,79.9999985826603,15.0050348050196));
#13186=CARTESIAN_POINT('Ctrl Pts',(176.833333333333,80.3333318878277,15.0052306030579));
#13187=CARTESIAN_POINT('Ctrl Pts',(177.166666666667,80.6666652152932,15.0053984299644));
#13188=CARTESIAN_POINT('Ctrl Pts',(177.5,80.9999985615358,15.0055382857361));
#13189=CARTESIAN_POINT('',(177.5,69.0000041594993,15.0060417660235));
#13190=CARTESIAN_POINT('',(177.5,69.0000041594993,15.0060417660235));
#13191=CARTESIAN_POINT('Origin',(177.5,75.0000011175871,15.));
#13192=CARTESIAN_POINT('Origin',(177.,80.4999985826603,15.0025174025098));
#13193=CARTESIAN_POINT('',(177.5,80.9999985826603,23.));
#13194=CARTESIAN_POINT('',(177.5,80.9999985826603,15.0025174025098));
#13195=CARTESIAN_POINT('',(176.5,79.9999985826603,23.));
#13196=CARTESIAN_POINT('',(168.250000633732,71.749999216392,23.));
#13197=CARTESIAN_POINT('',(176.5,79.9999985826603,15.0025174025098));
#13198=CARTESIAN_POINT('Origin',(177.,69.5040292171369,19.0030208830118));
#13199=CARTESIAN_POINT('',(177.5,69.0080537677889,23.));
#13200=CARTESIAN_POINT('',(176.5,70.0080542747745,23.));
#13201=CARTESIAN_POINT('',(178.25302063105,68.2550327549683,23.));
#13202=CARTESIAN_POINT('',(177.5,69.0040294706296,19.0035243635137));
#13203=CARTESIAN_POINT('',(176.5,70.0040289636442,19.0025174025098));
#13204=CARTESIAN_POINT('Origin',(177.5,79.9999985826603,15.0050348050196));
#13205=CARTESIAN_POINT('',(167.5,79.9999985826603,23.));
#13206=CARTESIAN_POINT('',(167.5,79.9999985826603,7.50251740250981));
#13207=CARTESIAN_POINT('',(177.5,79.9999985826603,23.));
#13208=CARTESIAN_POINT('Origin',(177.5,70.0080542747745,23.));
#13209=CARTESIAN_POINT('',(167.5,70.0080542747745,23.));
#13210=CARTESIAN_POINT('',(167.5,69.9964397500212,11.4657709487162));
#13211=CARTESIAN_POINT('',(177.5,70.0080542747745,23.));
#13212=CARTESIAN_POINT('Origin',(167.5,55.0000011175871,23.));
#13213=CARTESIAN_POINT('',(167.5,53.3829081317597,23.));
#13214=CARTESIAN_POINT('',(167.5,28.5000005587935,23.));
#13215=CARTESIAN_POINT('',(167.5,53.3829081317597,23.));
#13216=CARTESIAN_POINT('',(177.5,95.0000011175871,23.));
#13217=CARTESIAN_POINT('',(170.,61.2500011175871,23.));
#13218=CARTESIAN_POINT('Origin',(172.5,61.2500011175871,23.));
#13219=CARTESIAN_POINT('Origin',(172.5,61.2500011175871,22.75));
#13220=CARTESIAN_POINT('',(170.5,61.2500011175871,22.5));
#13221=CARTESIAN_POINT('',(170.25,61.2500011175871,22.75));
#13222=CARTESIAN_POINT('',(174.5,61.2500011175871,22.5));
#13223=CARTESIAN_POINT('Origin',(172.5,61.2500011175871,22.5));
#13224=CARTESIAN_POINT('Origin',(172.5,61.2500011175871,22.5));
#13225=CARTESIAN_POINT('Origin',(172.5,61.2500011175871,13.));
#13226=CARTESIAN_POINT('',(174.5,61.2500011175871,13.));
#13227=CARTESIAN_POINT('Origin',(172.5,88.7500011175871,22.75));
#13228=CARTESIAN_POINT('',(170.,88.7500011175871,23.));
#13229=CARTESIAN_POINT('Origin',(172.5,88.7500011175871,23.));
#13230=CARTESIAN_POINT('',(170.5,88.7500011175871,22.5));
#13231=CARTESIAN_POINT('',(170.25,88.7500011175871,22.75));
#13232=CARTESIAN_POINT('',(174.5,88.7500011175871,22.5));
#13233=CARTESIAN_POINT('Origin',(172.5,88.7500011175871,22.5));
#13234=CARTESIAN_POINT('Origin',(172.5,88.7500011175871,22.5));
#13235=CARTESIAN_POINT('Origin',(172.5,88.7500011175871,13.));
#13236=CARTESIAN_POINT('',(174.5,88.7500011175871,13.));
#13237=CARTESIAN_POINT('Origin',(167.5,55.0000011175871,23.));
#13238=CARTESIAN_POINT('',(177.5,95.0000011175871,23.));
#13239=CARTESIAN_POINT('',(167.5,28.5000005587935,23.));
#13240=CARTESIAN_POINT('Origin',(173.499999798838,95.0000011175871,14.));
#13241=CARTESIAN_POINT('',(173.499999798835,84.0310833909751,17.979248015504));
#13242=CARTESIAN_POINT('',(173.499999798834,77.4765193311852,8.09354415732461));
#13243=CARTESIAN_POINT('Origin',(168.499999966476,95.0000011175871,14.));
#13244=CARTESIAN_POINT('',(168.499999966473,84.0310833909755,17.9792480155043));
#13245=CARTESIAN_POINT('',(168.499999966472,77.4765193311856,8.09354415732431));
#13246=CARTESIAN_POINT('Origin',(167.5,79.6866706153281,14.2471425964545));
#13247=CARTESIAN_POINT('Origin',(167.5,70.3133316198461,14.2471425964545));
#13248=CARTESIAN_POINT('Origin',(167.5,79.6866706153281,14.2471425964545));
#13249=CARTESIAN_POINT('Origin',(167.5,70.3133316198461,14.2471425964545));
#13250=CARTESIAN_POINT('Origin',(177.5,75.0000011175871,15.));
#13251=CARTESIAN_POINT('Origin',(-0.250000000000001,16.7500004023314,11.5));
#13252=CARTESIAN_POINT('',(-0.500000000000002,17.0000004023314,17.));
#13253=CARTESIAN_POINT('',(-0.875000000000001,17.3750004023314,17.));
#13254=CARTESIAN_POINT('',(-0.500000000000002,17.0000004023314,23.));
#13255=CARTESIAN_POINT('',(-0.500000000000002,17.0000004023314,11.5));
#13256=CARTESIAN_POINT('',(-1.06250000000001,17.5625004023314,23.));
#13257=CARTESIAN_POINT('Origin',(-2.5,17.0000004023314,23.));
#13258=CARTESIAN_POINT('',(-2.5,17.0000004023314,17.));
#13259=CARTESIAN_POINT('',(-2.5,17.0000004023314,17.));
#13260=CARTESIAN_POINT('',(-2.5,17.0000004023314,23.));
#13261=CARTESIAN_POINT('',(-2.5,17.0000004023314,11.5));
#13262=CARTESIAN_POINT('',(-2.5,17.0000004023314,23.));
#13263=CARTESIAN_POINT('Origin',(-0.250000000000002,37.2500004023314,8.5));
#13264=CARTESIAN_POINT('',(-0.500000000000002,37.0000004023314,23.));
#13265=CARTESIAN_POINT('',(-0.875000000000004,36.6250004023314,23.));
#13266=CARTESIAN_POINT('',(-0.500000000000002,37.0000004023314,17.));
#13267=CARTESIAN_POINT('',(-0.500000000000002,37.0000004023314,8.5));
#13268=CARTESIAN_POINT('',(-1.06250000000001,36.4375004023314,17.));
#13269=CARTESIAN_POINT('Origin',(-2.5,37.0000004023314,17.));
#13270=CARTESIAN_POINT('',(-2.5,37.0000004023314,23.));
#13271=CARTESIAN_POINT('',(-2.5,37.0000004023314,23.));
#13272=CARTESIAN_POINT('',(-2.5,37.0000004023314,17.));
#13273=CARTESIAN_POINT('',(-2.5,37.0000004023314,8.5));
#13274=CARTESIAN_POINT('',(-2.5,37.0000004023314,17.));
#13275=CARTESIAN_POINT('Origin',(-3.50000000000001,96.0000011175871,11.5));
#13276=CARTESIAN_POINT('',(-4.50000000000001,95.0000011175871,6.99999999999999));
#13277=CARTESIAN_POINT('',(-4.50000000000001,95.0000011175871,23.));
#13278=CARTESIAN_POINT('',(-4.50000000000001,95.0000011175871,11.5));
#13279=CARTESIAN_POINT('',(-2.50000000000001,97.0000011175871,23.));
#13280=CARTESIAN_POINT('',(-13.5,86.0000011175871,23.));
#13281=CARTESIAN_POINT('',(-2.50000000000001,97.0000011175871,4.99999999999999));
#13282=CARTESIAN_POINT('',(-2.50000000000001,97.0000011175871,11.5));
#13283=CARTESIAN_POINT('',(-2.50000000000001,97.0000011175871,4.99999999999999));
#13284=CARTESIAN_POINT('Origin',(-3.50000000000001,97.5000005587935,5.99999999999999));
#13285=CARTESIAN_POINT('',(-2.5,53.0000011175871,4.99999999999999));
#13286=CARTESIAN_POINT('',(-2.50000000000001,97.5000005587935,4.99999999999999));
#13287=CARTESIAN_POINT('',(-4.5,55.0000011175871,6.99999999999999));
#13288=CARTESIAN_POINT('',(-2.5,53.0000011175871,4.99999999999999));
#13289=CARTESIAN_POINT('',(-4.50000000000001,97.5000005587935,6.99999999999999));
#13290=CARTESIAN_POINT('Origin',(-3.5,54.0000011175871,3.49999999999998));
#13291=CARTESIAN_POINT('',(-2.5,53.0000011175871,22.1121810765885));
#13292=CARTESIAN_POINT('',(-2.5,53.0000011175871,3.49999999999998));
#13293=CARTESIAN_POINT('',(-2.88290701417257,53.3829081317596,23.));
#13294=CARTESIAN_POINT('',(9.78397781081435,40.7160233067727,-6.36979379340709));
#13295=CARTESIAN_POINT('',(-4.5,55.0000011175871,23.));
#13296=CARTESIAN_POINT('',(-3.50000000000001,54.0000011175871,23.));
#13297=CARTESIAN_POINT('',(-4.5,55.0000011175871,3.49999999999998));
#13298=CARTESIAN_POINT('Origin',(-2.50000000000001,95.0000011175871,23.));
#13299=CARTESIAN_POINT('',(-12.5,95.0000011175871,6.99999999999999));
#13300=CARTESIAN_POINT('',(-2.50000000000001,95.0000011175871,6.99999999999999));
#13301=CARTESIAN_POINT('',(-12.5,95.0000011175871,23.));
#13302=CARTESIAN_POINT('',(-12.5,95.0000011175871,6.99999999999999));
#13303=CARTESIAN_POINT('',(-2.50000000000001,95.0000011175871,23.));
#13304=CARTESIAN_POINT('Origin',(-2.50000000000001,95.0000011175871,6.99999999999999));
#13305=CARTESIAN_POINT('',(-12.5,55.0000011175871,6.99999999999999));
#13306=CARTESIAN_POINT('',(-2.5,55.0000011175871,6.99999999999999));
#13307=CARTESIAN_POINT('',(-12.5,55.0000011175871,6.99999999999999));
#13308=CARTESIAN_POINT('',(-9.50000000000001,61.2500011175871,6.99999999999999));
#13309=CARTESIAN_POINT('Origin',(-7.50000000000001,61.2500011175871,6.99999999999999));
#13310=CARTESIAN_POINT('',(-9.5,88.7500011175871,6.99999999999999));
#13311=CARTESIAN_POINT('Origin',(-7.5,88.7500011175871,6.99999999999999));
#13312=CARTESIAN_POINT('Origin',(-2.5,55.0000011175871,6.99999999999999));
#13313=CARTESIAN_POINT('',(-12.5,55.0000011175871,23.));
#13314=CARTESIAN_POINT('',(-2.5,55.0000011175871,23.));
#13315=CARTESIAN_POINT('',(-12.5,55.0000011175871,23.));
#13316=CARTESIAN_POINT('Origin',(-0.750000000000001,75.0000011175871,15.));
#13317=CARTESIAN_POINT('',(-1.5,78.5000011175871,15.));
#13318=CARTESIAN_POINT('',(-0.750000000000001,79.2500011175871,15.));
#13319=CARTESIAN_POINT('Origin',(-1.5,75.0000011175871,15.));
#13320=CARTESIAN_POINT('Origin',(-2.5,75.0000011175871,15.));
#13321=CARTESIAN_POINT('',(-2.5,78.5000011175871,15.));
#13322=CARTESIAN_POINT('Origin',(-2.50000000000001,75.0000011175871,15.));
#13323=CARTESIAN_POINT('',(-2.5,78.5000011175871,15.));
#13324=CARTESIAN_POINT('Origin',(-2.5,17.7500004023314,23.));
#13325=CARTESIAN_POINT('',(-2.5,17.7500004023314,23.));
#13326=CARTESIAN_POINT('',(-2.5,58.8750002011657,23.));
#13327=CARTESIAN_POINT('',(-2.5,17.7500004023314,23.));
#13328=CARTESIAN_POINT('Origin',(-2.5,17.7500004023314,26.5));
#13329=CARTESIAN_POINT('',(-2.5,17.7500004023314,26.5));
#13330=CARTESIAN_POINT('',(-2.5,17.7500004023314,13.25));
#13331=CARTESIAN_POINT('',(-2.5,17.7500004023314,26.5));
#13332=CARTESIAN_POINT('Origin',(-2.5,36.2500004023313,23.));
#13333=CARTESIAN_POINT('',(-2.5,36.2500004023313,23.));
#13334=CARTESIAN_POINT('',(-2.5,36.2500004023313,26.5));
#13335=CARTESIAN_POINT('',(-2.5,36.2500004023313,11.5));
#13336=CARTESIAN_POINT('',(-2.5,36.2500004023313,23.));
#13337=CARTESIAN_POINT('',(-2.5,36.2500004023313,26.5));
#13338=CARTESIAN_POINT('Origin',(-2.5,37.0000004023314,23.));
#13339=CARTESIAN_POINT('',(-2.5,68.5000002011657,23.));
#13340=CARTESIAN_POINT('Origin',(-2.5,36.2500004023313,17.));
#13341=CARTESIAN_POINT('',(-2.5,36.2500004023313,17.));
#13342=CARTESIAN_POINT('',(-2.5,68.1250002011657,17.));
#13343=CARTESIAN_POINT('',(-2.5,36.2500004023313,17.));
#13344=CARTESIAN_POINT('Origin',(-2.5,36.2500004023313,13.5));
#13345=CARTESIAN_POINT('',(-2.5,36.2500004023313,13.5));
#13346=CARTESIAN_POINT('',(-2.5,36.2500004023313,6.75));
#13347=CARTESIAN_POINT('',(-2.5,36.2500004023313,13.5));
#13348=CARTESIAN_POINT('Origin',(-2.5,17.0000004023314,17.));
#13349=CARTESIAN_POINT('',(-2.5,17.7500004023314,17.));
#13350=CARTESIAN_POINT('',(-2.5,58.5000002011657,17.));
#13351=CARTESIAN_POINT('',(-2.5,17.7500004023314,17.));
#13352=CARTESIAN_POINT('Origin',(167.5,37.6958035215225,33.));
#13353=CARTESIAN_POINT('',(-1.,34.8924215181766,26.5));
#13354=CARTESIAN_POINT('',(82.5,34.8924215181766,26.5));
#13355=CARTESIAN_POINT('',(-2.49999999999996,37.6958035215224,33.));
#13356=CARTESIAN_POINT('',(167.5,37.6958035215225,33.));
#13357=CARTESIAN_POINT('',(-2.5,35.7550005961292,28.5));
#13358=CARTESIAN_POINT('',(-2.5,36.5814334097415,30.416190259504));
#13359=CARTESIAN_POINT('',(-1.,35.7550005961292,28.5));
#13360=CARTESIAN_POINT('',(82.5,35.7550005961292,28.5));
#13361=CARTESIAN_POINT('',(-1.00000000000001,34.4933460361427,25.5746924143321));
#13362=CARTESIAN_POINT('Origin',(167.5,37.6958035215225,33.));
#13363=CARTESIAN_POINT('',(-1.,29.285657511485,13.5));
#13364=CARTESIAN_POINT('',(82.5,29.285657511485,13.5));
#13365=CARTESIAN_POINT('',(-1.,28.4230784335324,11.5));
#13366=CARTESIAN_POINT('',(-1.00000000000001,34.4933460361427,25.5746924143321));
#13367=CARTESIAN_POINT('',(-2.5,28.4230784335324,11.5));
#13368=CARTESIAN_POINT('',(82.5,28.4230784335324,11.5));
#13369=CARTESIAN_POINT('',(-2.49999999999996,26.4822755081391,7.));
#13370=CARTESIAN_POINT('',(-2.5,36.5814334097415,30.416190259504));
#13371=CARTESIAN_POINT('',(167.5,26.4822755081392,7.));
#13372=CARTESIAN_POINT('Origin',(167.5,24.3041931713756,7.));
#13373=CARTESIAN_POINT('',(-1.,32.7143391814131,26.5));
#13374=CARTESIAN_POINT('',(82.5,32.7143391814131,26.5));
#13375=CARTESIAN_POINT('',(-1.,33.5769182593656,28.5));
#13376=CARTESIAN_POINT('',(-1.00000000000001,26.8793019284806,12.9707192602383));
#13377=CARTESIAN_POINT('',(-2.5,33.5769182593656,28.5));
#13378=CARTESIAN_POINT('',(82.5,33.5769182593656,28.5));
#13379=CARTESIAN_POINT('',(-2.49999999999996,35.5177211847589,33.));
#13380=CARTESIAN_POINT('',(-2.5,28.9673893020794,17.8122171054103));
#13381=CARTESIAN_POINT('',(167.5,35.5177211847589,33.));
#13382=CARTESIAN_POINT('Origin',(167.5,27.6958035215225,33.));
#13383=CARTESIAN_POINT('',(-1.,24.8924215181766,26.5));
#13384=CARTESIAN_POINT('',(82.5,24.8924215181766,26.5));
#13385=CARTESIAN_POINT('',(-2.49999999999996,27.6958035215224,33.));
#13386=CARTESIAN_POINT('',(167.5,27.6958035215225,33.));
#13387=CARTESIAN_POINT('',(-2.5,25.7550005961292,28.5));
#13388=CARTESIAN_POINT('',(-2.5,27.3656197231337,32.234426600811));
#13389=CARTESIAN_POINT('',(-1.,25.7550005961292,28.5));
#13390=CARTESIAN_POINT('',(82.5,25.7550005961292,28.5));
#13391=CARTESIAN_POINT('',(-1.00000000000001,25.2775323495349,27.3929287556391));
#13392=CARTESIAN_POINT('Origin',(167.5,27.6958035215225,33.));
#13393=CARTESIAN_POINT('',(-1.,19.285657511485,13.5));
#13394=CARTESIAN_POINT('',(82.5,19.285657511485,13.5));
#13395=CARTESIAN_POINT('',(-1.,18.4230784335324,11.5));
#13396=CARTESIAN_POINT('',(-1.00000000000001,25.2775323495349,27.3929287556391));
#13397=CARTESIAN_POINT('',(-2.5,18.4230784335324,11.5));
#13398=CARTESIAN_POINT('',(82.5,18.4230784335324,11.5));
#13399=CARTESIAN_POINT('',(-2.49999999999996,16.4822755081391,7.));
#13400=CARTESIAN_POINT('',(-2.5,27.3656197231337,32.234426600811));
#13401=CARTESIAN_POINT('',(167.5,16.4822755081392,7.));
#13402=CARTESIAN_POINT('Origin',(167.5,14.3041931713756,7.));
#13403=CARTESIAN_POINT('',(-1.,17.7500004023314,14.9895451188889));
#13404=CARTESIAN_POINT('',(82.5,17.7500004023314,14.9895451188889));
#13405=CARTESIAN_POINT('',(-2.49999999999996,14.3041931713756,7.));
#13406=CARTESIAN_POINT('',(167.5,14.3041931713756,7.));
#13407=CARTESIAN_POINT('',(-2.5,16.2449960967688,11.5));
#13408=CARTESIAN_POINT('',(-2.5,19.7515756154717,19.6304534467173));
#13409=CARTESIAN_POINT('',(-1.,16.2449960967688,11.5));
#13410=CARTESIAN_POINT('',(82.5,16.2449960967689,11.5));
#13411=CARTESIAN_POINT('',(-1.00000000000001,17.6634882418728,14.7889556015453));
#13412=CARTESIAN_POINT('Origin',(167.5,14.3041931713756,7.));
#13413=CARTESIAN_POINT('',(-1.,22.7143391814131,26.5));
#13414=CARTESIAN_POINT('',(82.5,22.7143391814131,26.5));
#13415=CARTESIAN_POINT('',(-1.,23.5769182593656,28.5));
#13416=CARTESIAN_POINT('',(-1.00000000000001,17.6634882418728,14.7889556015453));
#13417=CARTESIAN_POINT('',(-2.5,23.5769182593656,28.5));
#13418=CARTESIAN_POINT('',(82.5,23.5769182593657,28.5));
#13419=CARTESIAN_POINT('',(-2.49999999999996,25.5177211847589,33.));
#13420=CARTESIAN_POINT('',(-2.5,19.7515756154717,19.6304534467173));
#13421=CARTESIAN_POINT('',(167.5,25.517721184759,33.));
#13422=CARTESIAN_POINT('Origin',(-2.5,36.2500004023313,13.5));
#13423=CARTESIAN_POINT('',(-1.,27.1075751747214,13.5));
#13424=CARTESIAN_POINT('',(-1.,36.2500004023313,13.5));
#13425=CARTESIAN_POINT('',(-2.5,17.7500004023314,13.5));
#13426=CARTESIAN_POINT('',(-2.5,58.8750002011657,13.5));
#13427=CARTESIAN_POINT('',(-1.,17.7500004023314,13.5));
#13428=CARTESIAN_POINT('',(-2.5,17.7500004023314,13.5));
#13429=CARTESIAN_POINT('',(-1.,36.2500004023313,13.5));
#13430=CARTESIAN_POINT('',(82.5,27.1075751747214,13.5));
#13431=CARTESIAN_POINT('Origin',(-2.5,17.7500004023314,26.5));
#13432=CARTESIAN_POINT('',(-2.5,68.1250002011657,26.5));
#13433=CARTESIAN_POINT('',(-1.,17.7500004023314,26.5));
#13434=CARTESIAN_POINT('',(-1.,17.7500004023314,26.5));
#13435=CARTESIAN_POINT('Origin',(-2.5,15.7500004023314,11.5));
#13436=CARTESIAN_POINT('',(-2.5,26.2449960967688,11.5));
#13437=CARTESIAN_POINT('',(-1.,26.2449960967688,11.5));
#13438=CARTESIAN_POINT('',(82.5,26.2449960967689,11.5));
#13439=CARTESIAN_POINT('',(-2.5,38.2500004023313,11.5));
#13440=CARTESIAN_POINT('',(-1.,38.2500004023313,11.5));
#13441=CARTESIAN_POINT('Origin',(-2.5,15.7500004023314,11.5));
#13442=CARTESIAN_POINT('',(-2.5,36.2449960967688,11.5));
#13443=CARTESIAN_POINT('',(-1.,36.2449960967688,11.5));
#13444=CARTESIAN_POINT('',(82.5,36.2449960967689,11.5));
#13445=CARTESIAN_POINT('',(-2.5,38.2500004023313,11.5));
#13446=CARTESIAN_POINT('',(-2.5,38.2500004023313,11.5));
#13447=CARTESIAN_POINT('',(-1.,38.2500004023313,11.5));
#13448=CARTESIAN_POINT('',(-2.5,38.2500004023313,11.5));
#13449=CARTESIAN_POINT('',(-1.,38.2500004023313,11.5));
#13450=CARTESIAN_POINT('Origin',(-2.5,38.2500004023313,28.5));
#13451=CARTESIAN_POINT('',(-2.5,15.7550005961292,28.5));
#13452=CARTESIAN_POINT('',(-1.,15.7550005961292,28.5));
#13453=CARTESIAN_POINT('',(82.5,15.7550005961292,28.5));
#13454=CARTESIAN_POINT('',(-2.5,15.7500004023314,28.5));
#13455=CARTESIAN_POINT('',(-2.5,15.7500004023314,28.5));
#13456=CARTESIAN_POINT('',(-1.,15.7500004023314,28.5));
#13457=CARTESIAN_POINT('',(-2.5,15.7500004023314,28.5));
#13458=CARTESIAN_POINT('',(-1.,15.7500004023314,28.5));
#13459=CARTESIAN_POINT('Origin',(-2.5,38.2500004023313,28.5));
#13460=CARTESIAN_POINT('',(-1.,15.7500004023314,28.5));
#13461=CARTESIAN_POINT('',(-2.5,15.7500004023314,28.5));
#13462=CARTESIAN_POINT('Origin',(-2.5,38.2500004023313,28.5));
#13463=CARTESIAN_POINT('',(-2.5,15.7500004023314,28.5));
#13464=CARTESIAN_POINT('',(-1.,15.7500004023314,28.5));
#13465=CARTESIAN_POINT('Origin',(-1.,27.0000004023314,20.));
#13466=CARTESIAN_POINT('',(-1.,38.2500004023313,16.1488591175237));
#13467=CARTESIAN_POINT('',(-1.00000000000001,36.0951156150884,11.1524829189314));
#13468=CARTESIAN_POINT('',(-1.,38.2500004023313,28.5));
#13469=CARTESIAN_POINT('Origin',(-1.,27.0000004023314,20.));
#13470=CARTESIAN_POINT('',(-1.,15.7500004023314,28.4884064106686));
#13471=CARTESIAN_POINT('',(-1.00000000000001,16.0617186629271,29.211165096946));
#13472=CARTESIAN_POINT('',(-1.,15.7500004023314,11.5));
#13473=CARTESIAN_POINT('Origin',(-1.,27.0000004023314,20.));
#13474=CARTESIAN_POINT('',(-1.00000000000001,26.8793019284806,12.9707192602383));
#13475=CARTESIAN_POINT('Origin',(-1.,27.0000004023314,20.));
#13476=CARTESIAN_POINT('Origin',(-1.,27.0000004023314,20.));
#13477=CARTESIAN_POINT('',(-1.,17.7500004023314,13.5));
#13478=CARTESIAN_POINT('',(-1.,38.2500004023313,11.5));
#13479=CARTESIAN_POINT('Origin',(-1.,27.0000004023314,20.));
#13480=CARTESIAN_POINT('Origin',(-2.5,15.7500004023314,28.5));
#13481=CARTESIAN_POINT('',(-2.5,15.7500004023314,28.4884064106686));
#13482=CARTESIAN_POINT('',(82.5,15.7500004023314,28.4884064106686));
#13483=CARTESIAN_POINT('',(-2.5,15.7500004023314,11.5));
#13484=CARTESIAN_POINT('Origin',(-2.5,17.7500004023314,13.5));
#13485=CARTESIAN_POINT('',(-2.5,17.7500004023314,13.5));
#13486=CARTESIAN_POINT('Origin',(-2.5,38.2500004023313,11.5));
#13487=CARTESIAN_POINT('',(-2.5,38.2500004023313,16.1488591175237));
#13488=CARTESIAN_POINT('',(82.5,38.2500004023313,16.1488591175236));
#13489=CARTESIAN_POINT('',(-2.5,38.2500004023313,28.5));
#13490=CARTESIAN_POINT('Origin',(-2.5,15.7500004023314,11.5));
#13491=CARTESIAN_POINT('',(-2.5,38.2500004023313,11.5));
#13492=CARTESIAN_POINT('Origin',(167.5,24.3041931713756,7.));
#13493=CARTESIAN_POINT('',(-2.49999999999996,24.3041931713756,7.));
#13494=CARTESIAN_POINT('',(167.5,24.3041931713756,7.));
#13495=CARTESIAN_POINT('',(-2.5,28.9673893020794,17.8122171054103));
#13496=CARTESIAN_POINT('Origin',(167.5,17.6958035215225,33.));
#13497=CARTESIAN_POINT('',(-2.49999999999996,6.48227550813914,7.));
#13498=CARTESIAN_POINT('',(-2.5,18.1498060365259,34.052662942118));
#13499=CARTESIAN_POINT('',(167.5,6.48227550813921,7.));
#13500=CARTESIAN_POINT('',(-2.49999999999996,17.6958035215224,33.));
#13501=CARTESIAN_POINT('',(167.5,17.6958035215225,33.));
#13502=CARTESIAN_POINT('',(-2.5,18.1498060365259,34.052662942118));
#13503=CARTESIAN_POINT('Origin',(163.,2.,36.0000000149012));
#13504=CARTESIAN_POINT('',(163.,0.,37.1832159866336));
#13505=CARTESIAN_POINT('Origin',(163.,0.2,36.0000000149012));
#13506=CARTESIAN_POINT('',(165.,2.,37.1832159866336));
#13507=CARTESIAN_POINT('Origin',(163.,2.,37.1832159866336));
#13508=CARTESIAN_POINT('Origin',(164.8,1.99999999999999,36.0000000149012));
#13509=CARTESIAN_POINT('Origin',(164.8,1.99999999999999,36.0000000149012));
#13510=CARTESIAN_POINT('',(165.,100.,37.1832159866336));
#13511=CARTESIAN_POINT('',(165.,1.99999999999999,37.1832159866336));
#13512=CARTESIAN_POINT('Origin',(164.8,100.,36.0000000149012));
#13513=CARTESIAN_POINT('Origin',(163.,100.,36.0000000149012));
#13514=CARTESIAN_POINT('',(163.,102.,34.8167840431687));
#13515=CARTESIAN_POINT('Origin',(163.,100.,34.8167840431687));
#13516=CARTESIAN_POINT('',(163.,102.,37.1832159866336));
#13517=CARTESIAN_POINT('Origin',(163.,100.,37.1832159866336));
#13518=CARTESIAN_POINT('Origin',(163.,101.8,36.0000000149012));
#13519=CARTESIAN_POINT('Origin',(163.,101.8,36.0000000149012));
#13520=CARTESIAN_POINT('',(1.99999999999998,102.,34.8167840431687));
#13521=CARTESIAN_POINT('',(163.,102.,34.8167840431687));
#13522=CARTESIAN_POINT('',(2.00000000000002,102.,37.1832159866336));
#13523=CARTESIAN_POINT('',(163.,102.,37.1832159866336));
#13524=CARTESIAN_POINT('Origin',(2.00000000000003,101.8,36.0000000149012));
#13525=CARTESIAN_POINT('Origin',(1.99999999999998,100.,36.0000000149012));
#13526=CARTESIAN_POINT('Origin',(1.99999999999998,100.,34.8167840431687));
#13527=CARTESIAN_POINT('',(-4.203124346816E-15,100.,37.1832159866336));
#13528=CARTESIAN_POINT('Origin',(1.99999999999998,100.,37.1832159866336));
#13529=CARTESIAN_POINT('Origin',(0.19999999999996,100.,36.0000000149012));
#13530=CARTESIAN_POINT('Origin',(2.,0.2,36.0000000149012));
#13531=CARTESIAN_POINT('',(2.,-3.44518389083277E-17,37.1832159866336));
#13532=CARTESIAN_POINT('Origin',(2.,0.2,36.0000000149012));
#13533=CARTESIAN_POINT('',(1.99999999999999,0.,37.1832159866336));
#13534=CARTESIAN_POINT('Origin',(2.,2.,36.0000000149012));
#13535=CARTESIAN_POINT('',(-8.32667268468867E-16,1.99999999999999,37.1832159866336));
#13536=CARTESIAN_POINT('Origin',(0.199999999999997,1.99999999999999,36.0000000149012));
#13537=CARTESIAN_POINT('Origin',(2.,2.,37.1832159866336));
#13538=CARTESIAN_POINT('Origin',(0.199999999999994,51.,36.0000000149012));
#13539=CARTESIAN_POINT('',(-2.53269627492614E-15,51.,37.1832159866336));
#13540=CARTESIAN_POINT('Origin',(163.,1.99999999999999,0.));
#13541=CARTESIAN_POINT('',(165.,2.,40.));
#13542=CARTESIAN_POINT('',(163.,0.,40.));
#13543=CARTESIAN_POINT('Origin',(163.,1.99999999999999,40.));
#13544=CARTESIAN_POINT('',(165.,2.,0.));
#13545=CARTESIAN_POINT('',(163.,0.,0.));
#13546=CARTESIAN_POINT('Origin',(165.,100.,0.));
#13547=CARTESIAN_POINT('',(165.,100.,40.));
#13548=CARTESIAN_POINT('',(165.,2.,40.));
#13549=CARTESIAN_POINT('',(165.,100.,0.));
#13550=CARTESIAN_POINT('Origin',(163.,0.,0.));
#13551=CARTESIAN_POINT('',(2.,0.,40.));
#13552=CARTESIAN_POINT('',(2.,0.,40.));
#13553=CARTESIAN_POINT('',(2.,0.,0.));
#13554=CARTESIAN_POINT('Origin',(163.,100.,0.));
#13555=CARTESIAN_POINT('',(163.,102.,40.));
#13556=CARTESIAN_POINT('Origin',(163.,100.,40.));
#13557=CARTESIAN_POINT('',(163.,102.,0.));
#13558=CARTESIAN_POINT('Origin',(163.,100.,0.));
#13559=CARTESIAN_POINT('',(163.,102.,0.));
#13560=CARTESIAN_POINT('Origin',(2.,2.,0.));
#13561=CARTESIAN_POINT('',(-8.32667268468867E-16,1.99999999999999,40.));
#13562=CARTESIAN_POINT('Origin',(2.,2.,40.));
#13563=CARTESIAN_POINT('',(-8.32667268468867E-16,1.99999999999999,0.));
#13564=CARTESIAN_POINT('Origin',(1.99999999999999,102.,0.));
#13565=CARTESIAN_POINT('',(1.99999999999999,102.,40.));
#13566=CARTESIAN_POINT('',(163.,102.,40.));
#13567=CARTESIAN_POINT('',(1.99999999999999,102.,0.));
#13568=CARTESIAN_POINT('Origin',(1.99999999999999,102.,0.));
#13569=CARTESIAN_POINT('',(1.99999999999999,102.,0.));
#13570=CARTESIAN_POINT('',(139.222936825066,102.,33.));
#13571=CARTESIAN_POINT('',(127.956752777442,102.,7.));
#13572=CARTESIAN_POINT('',(122.357349059285,102.,-5.9222544258723));
#13573=CARTESIAN_POINT('',(125.777063174934,102.,7.));
#13574=CARTESIAN_POINT('',(64.9783763887212,102.,7.));
#13575=CARTESIAN_POINT('',(137.043247222558,102.,33.));
#13576=CARTESIAN_POINT('',(114.716850395277,102.,-18.5246613276956));
#13577=CARTESIAN_POINT('',(69.5216236112788,102.,33.));
#13578=CARTESIAN_POINT('',(99.2229368250661,102.,33.));
#13579=CARTESIAN_POINT('',(87.9567527774423,102.,7.));
#13580=CARTESIAN_POINT('',(85.5189544936397,102.,1.37407066039943));
#13581=CARTESIAN_POINT('',(85.7770631749338,102.,7.));
#13582=CARTESIAN_POINT('',(44.9783763887212,102.,7.));
#13583=CARTESIAN_POINT('',(97.0432472225577,102.,33.));
#13584=CARTESIAN_POINT('',(77.8784558296318,102.,-11.2283362414239));
#13585=CARTESIAN_POINT('',(49.5216236112788,102.,33.));
#13586=CARTESIAN_POINT('',(59.2229368250661,102.,33.));
#13587=CARTESIAN_POINT('',(47.9567527774423,102.,6.99999999999999));
#13588=CARTESIAN_POINT('',(48.6805599279948,102.,8.67039574667114));
#13589=CARTESIAN_POINT('',(45.7770631749338,102.,7.));
#13590=CARTESIAN_POINT('',(24.9783763887212,102.,7.));
#13591=CARTESIAN_POINT('',(57.0432472225577,102.,33.));
#13592=CARTESIAN_POINT('',(41.0400612639869,102.,-3.93201115515215));
#13593=CARTESIAN_POINT('',(29.5216236112788,102.,33.));
#13594=CARTESIAN_POINT('',(7.95675277744232,102.,7.));
#13595=CARTESIAN_POINT('',(7.49999999999998,102.,7.));
#13596=CARTESIAN_POINT('',(4.97837638872116,102.,7.));
#13597=CARTESIAN_POINT('',(7.49999999999998,102.,10.9761783814608));
#13598=CARTESIAN_POINT('',(7.49999999999998,102.,3.5));
#13599=CARTESIAN_POINT('',(17.0432472225577,102.,33.));
#13600=CARTESIAN_POINT('',(5.06313511087502,102.,5.35240312184996));
#13601=CARTESIAN_POINT('',(19.2229368250661,102.,33.));
#13602=CARTESIAN_POINT('',(9.52162361127883,102.,33.));
#13603=CARTESIAN_POINT('',(11.8421653623499,102.,15.9667208329429));
#13604=CARTESIAN_POINT('',(49.2229368250661,102.,33.));
#13605=CARTESIAN_POINT('',(37.9567527774423,102.,7.));
#13606=CARTESIAN_POINT('',(39.4709612865836,102.,10.4944770182391));
#13607=CARTESIAN_POINT('',(35.7770631749338,102.,7.));
#13608=CARTESIAN_POINT('',(19.9783763887212,102.,7.));
#13609=CARTESIAN_POINT('',(47.0432472225577,102.,33.));
#13610=CARTESIAN_POINT('',(31.8304626225756,102.,-2.10792988358422));
#13611=CARTESIAN_POINT('',(24.5216236112788,102.,33.));
#13612=CARTESIAN_POINT('',(89.2229368250661,102.,33.));
#13613=CARTESIAN_POINT('',(77.9567527774423,102.,7.));
#13614=CARTESIAN_POINT('',(76.3093558522285,102.,3.19815193196735));
#13615=CARTESIAN_POINT('',(75.7770631749338,102.,7.));
#13616=CARTESIAN_POINT('',(39.9783763887212,102.,7.));
#13617=CARTESIAN_POINT('',(87.0432472225577,102.,33.));
#13618=CARTESIAN_POINT('',(68.6688571882205,102.,-9.40425496985595));
#13619=CARTESIAN_POINT('',(44.5216236112788,102.,33.));
#13620=CARTESIAN_POINT('',(129.222936825066,102.,33.));
#13621=CARTESIAN_POINT('',(117.956752777442,102.,7.));
#13622=CARTESIAN_POINT('',(113.147750417873,102.,-4.09817315430437));
#13623=CARTESIAN_POINT('',(115.777063174934,102.,7.));
#13624=CARTESIAN_POINT('',(59.9783763887212,102.,7.));
#13625=CARTESIAN_POINT('',(127.043247222558,102.,33.));
#13626=CARTESIAN_POINT('',(105.507251753865,102.,-16.7005800561277));
#13627=CARTESIAN_POINT('',(64.5216236112788,102.,33.));
#13628=CARTESIAN_POINT('',(149.222936825066,102.,33.));
#13629=CARTESIAN_POINT('',(137.956752777442,102.,7.));
#13630=CARTESIAN_POINT('',(131.566947700696,102.,-7.74633569744022));
#13631=CARTESIAN_POINT('',(135.777063174934,102.,7.));
#13632=CARTESIAN_POINT('',(69.9783763887212,102.,7.));
#13633=CARTESIAN_POINT('',(147.043247222558,102.,33.));
#13634=CARTESIAN_POINT('',(123.926449036688,102.,-20.3487425992635));
#13635=CARTESIAN_POINT('',(74.5216236112788,102.,33.));
#13636=CARTESIAN_POINT('',(109.222936825066,102.,33.));
#13637=CARTESIAN_POINT('',(97.9567527774423,102.,7.));
#13638=CARTESIAN_POINT('',(94.728553135051,102.,-0.450010611168508));
#13639=CARTESIAN_POINT('',(95.7770631749338,102.,7.));
#13640=CARTESIAN_POINT('',(49.9783763887212,102.,7.));
#13641=CARTESIAN_POINT('',(107.043247222558,102.,33.));
#13642=CARTESIAN_POINT('',(87.088054471043,102.,-13.0524175129918));
#13643=CARTESIAN_POINT('',(54.5216236112788,102.,33.));
#13644=CARTESIAN_POINT('',(69.2229368250661,102.,33.));
#13645=CARTESIAN_POINT('',(57.9567527774423,102.,7.));
#13646=CARTESIAN_POINT('',(57.8901585694061,102.,6.84631447510321));
#13647=CARTESIAN_POINT('',(55.7770631749338,102.,7.));
#13648=CARTESIAN_POINT('',(29.9783763887212,102.,7.));
#13649=CARTESIAN_POINT('',(67.0432472225577,102.,33.));
#13650=CARTESIAN_POINT('',(50.2496599053981,102.,-5.75609242672008));
#13651=CARTESIAN_POINT('',(34.5216236112788,102.,33.));
#13652=CARTESIAN_POINT('',(29.2229368250661,102.,33.));
#13653=CARTESIAN_POINT('',(17.9567527774423,102.,7.));
#13654=CARTESIAN_POINT('',(21.0517640037611,102.,14.1426395613749));
#13655=CARTESIAN_POINT('',(15.7770631749338,102.,7.));
#13656=CARTESIAN_POINT('',(9.97837638872116,102.,7.));
#13657=CARTESIAN_POINT('',(27.0432472225577,102.,33.));
#13658=CARTESIAN_POINT('',(13.4112653397532,102.,1.54023265955164));
#13659=CARTESIAN_POINT('',(14.5216236112788,102.,33.));
#13660=CARTESIAN_POINT('',(39.2229368250661,102.,33.));
#13661=CARTESIAN_POINT('',(27.9567527774423,102.,7.));
#13662=CARTESIAN_POINT('',(30.2613626451724,102.,12.318558289807));
#13663=CARTESIAN_POINT('',(25.7770631749338,102.,7.));
#13664=CARTESIAN_POINT('',(14.9783763887212,102.,7.));
#13665=CARTESIAN_POINT('',(37.0432472225577,102.,33.));
#13666=CARTESIAN_POINT('',(22.6208639811644,102.,-0.283848612016293));
#13667=CARTESIAN_POINT('',(19.5216236112788,102.,33.));
#13668=CARTESIAN_POINT('',(79.2229368250661,102.,33.));
#13669=CARTESIAN_POINT('',(67.9567527774423,102.,7.));
#13670=CARTESIAN_POINT('',(67.0997572108173,102.,5.02223320353528));
#13671=CARTESIAN_POINT('',(65.7770631749338,102.,7.));
#13672=CARTESIAN_POINT('',(34.9783763887212,102.,7.));
#13673=CARTESIAN_POINT('',(77.0432472225577,102.,33.));
#13674=CARTESIAN_POINT('',(59.4592585468093,102.,-7.58017369828802));
#13675=CARTESIAN_POINT('',(39.5216236112788,102.,33.));
#13676=CARTESIAN_POINT('',(119.222936825066,102.,33.));
#13677=CARTESIAN_POINT('',(107.956752777442,102.,6.99999999999999));
#13678=CARTESIAN_POINT('',(103.938151776462,102.,-2.27409188273644));
#13679=CARTESIAN_POINT('',(105.777063174934,102.,7.));
#13680=CARTESIAN_POINT('',(54.9783763887211,102.,7.));
#13681=CARTESIAN_POINT('',(117.043247222558,102.,33.));
#13682=CARTESIAN_POINT('',(96.2976531124542,102.,-14.8764987845597));
#13683=CARTESIAN_POINT('',(59.5216236112788,102.,33.));
#13684=CARTESIAN_POINT('',(157.5,102.,29.0238216185392));
#13685=CARTESIAN_POINT('',(147.956752777442,102.,7.));
#13686=CARTESIAN_POINT('',(139.915077929574,102.,-11.5585061597386));
#13687=CARTESIAN_POINT('',(145.777063174934,102.,7.));
#13688=CARTESIAN_POINT('',(74.9783763887212,102.,7.));
#13689=CARTESIAN_POINT('',(157.043247222558,102.,33.));
#13690=CARTESIAN_POINT('',(133.136047678099,102.,-22.1728238708315));
#13691=CARTESIAN_POINT('',(157.5,102.,33.));
#13692=CARTESIAN_POINT('',(79.5216236112788,102.,33.));
#13693=CARTESIAN_POINT('',(157.5,102.,16.5));
#13694=CARTESIAN_POINT('Origin',(-8.32667268468867E-16,1.99999999999999,
0.));
#13695=CARTESIAN_POINT('',(-4.16333634234434E-15,100.,40.));
#13696=CARTESIAN_POINT('',(-4.25007251614318E-15,100.,40.));
#13697=CARTESIAN_POINT('',(-4.16333634234434E-15,100.,0.));
#13698=CARTESIAN_POINT('Origin',(1.99999999999999,100.,0.));
#13699=CARTESIAN_POINT('Origin',(1.99999999999999,100.,40.));
#13700=CARTESIAN_POINT('Origin',(125.777063174934,-2.5,7.));
#13701=CARTESIAN_POINT('',(125.777063174934,104.5,7.));
#13702=CARTESIAN_POINT('',(125.777063174934,-2.5,7.));
#13703=CARTESIAN_POINT('',(137.043247222558,104.5,33.));
#13704=CARTESIAN_POINT('',(127.442312367559,104.5,10.8430473730255));
#13705=CARTESIAN_POINT('',(137.043247222558,-2.5,33.));
#13706=CARTESIAN_POINT('Origin',(125.777063174934,-2.5,7.));
#13707=CARTESIAN_POINT('',(137.043247222558,-2.5,33.));
#13708=CARTESIAN_POINT('',(137.043247222558,-2.5,33.));
#13709=CARTESIAN_POINT('',(125.777063174934,-2.5,7.));
#13710=CARTESIAN_POINT('',(114.716850395277,-2.5,-18.5246613276956));
#13711=CARTESIAN_POINT('',(125.777063174934,-2.5,7.));
#13712=CARTESIAN_POINT('Origin',(137.043247222558,-2.5,33.));
#13713=CARTESIAN_POINT('',(139.222936825066,104.5,33.));
#13714=CARTESIAN_POINT('',(150.02162423756,104.5,33.));
#13715=CARTESIAN_POINT('',(139.222936825066,-2.5,33.));
#13716=CARTESIAN_POINT('Origin',(127.956752777442,-2.5,7.));
#13717=CARTESIAN_POINT('',(127.956752777442,104.5,7.));
#13718=CARTESIAN_POINT('',(127.956752777442,-2.5,7.));
#13719=CARTESIAN_POINT('',(145.478377015002,104.5,7.));
#13720=CARTESIAN_POINT('Origin',(127.956752777442,-2.5,7.));
#13721=CARTESIAN_POINT('',(127.956752777442,-2.5,7.));
#13722=CARTESIAN_POINT('',(64.9783763887212,-2.5,7.));
#13723=CARTESIAN_POINT('',(127.956752777442,-2.5,7.));
#13724=CARTESIAN_POINT('Origin',(139.222936825066,-2.5,33.));
#13725=CARTESIAN_POINT('',(135.082811031566,104.5,23.4454542748488));
#13726=CARTESIAN_POINT('Origin',(139.222936825066,-2.5,33.));
#13727=CARTESIAN_POINT('',(139.222936825066,-2.5,33.));
#13728=CARTESIAN_POINT('',(122.357349059285,-2.5,-5.9222544258723));
#13729=CARTESIAN_POINT('',(139.222936825066,-2.5,33.));
#13730=CARTESIAN_POINT('Origin',(137.043247222558,-2.5,33.));
#13731=CARTESIAN_POINT('',(69.5216236112788,-2.5,33.));
#13732=CARTESIAN_POINT('Origin',(85.7770631749338,-2.5,7.));
#13733=CARTESIAN_POINT('',(85.7770631749338,104.5,7.));
#13734=CARTESIAN_POINT('',(85.7770631749338,-2.5,7.));
#13735=CARTESIAN_POINT('',(97.0432472225577,104.5,33.));
#13736=CARTESIAN_POINT('',(90.6039178019136,104.5,18.1393724592972));
#13737=CARTESIAN_POINT('',(97.0432472225577,-2.5,33.));
#13738=CARTESIAN_POINT('Origin',(85.7770631749338,-2.5,7.));
#13739=CARTESIAN_POINT('',(97.0432472225577,-2.5,33.));
#13740=CARTESIAN_POINT('',(97.0432472225577,-2.5,33.));
#13741=CARTESIAN_POINT('',(85.7770631749338,-2.5,7.));
#13742=CARTESIAN_POINT('',(77.8784558296318,-2.5,-11.2283362414239));
#13743=CARTESIAN_POINT('',(85.7770631749338,-2.5,7.));
#13744=CARTESIAN_POINT('Origin',(97.0432472225577,-2.5,33.));
#13745=CARTESIAN_POINT('',(99.2229368250661,104.5,33.));
#13746=CARTESIAN_POINT('',(130.02162423756,104.5,33.));
#13747=CARTESIAN_POINT('',(99.2229368250661,-2.5,33.));
#13748=CARTESIAN_POINT('Origin',(87.9567527774423,-2.5,7.));
#13749=CARTESIAN_POINT('',(87.9567527774423,104.5,7.));
#13750=CARTESIAN_POINT('',(87.9567527774423,-2.5,7.));
#13751=CARTESIAN_POINT('',(125.478377015002,104.5,7.));
#13752=CARTESIAN_POINT('Origin',(87.9567527774423,-2.5,7.));
#13753=CARTESIAN_POINT('',(87.9567527774423,-2.5,7.));
#13754=CARTESIAN_POINT('',(44.9783763887212,-2.5,7.));
#13755=CARTESIAN_POINT('',(87.9567527774423,-2.5,7.));
#13756=CARTESIAN_POINT('Origin',(99.2229368250661,-2.5,33.));
#13757=CARTESIAN_POINT('',(98.2444164659216,104.5,30.7417793611205));
#13758=CARTESIAN_POINT('Origin',(99.2229368250661,-2.5,33.));
#13759=CARTESIAN_POINT('',(99.2229368250661,-2.5,33.));
#13760=CARTESIAN_POINT('',(85.5189544936397,-2.5,1.37407066039943));
#13761=CARTESIAN_POINT('',(99.2229368250661,-2.5,33.));
#13762=CARTESIAN_POINT('Origin',(97.0432472225577,-2.5,33.));
#13763=CARTESIAN_POINT('',(49.5216236112788,-2.5,33.));
#13764=CARTESIAN_POINT('Origin',(45.7770631749338,-2.5,7.));
#13765=CARTESIAN_POINT('',(45.7770631749338,104.5,7.));
#13766=CARTESIAN_POINT('',(45.7770631749338,-2.5,7.));
#13767=CARTESIAN_POINT('',(57.0432472225577,104.5,33.));
#13768=CARTESIAN_POINT('',(53.7655232362687,104.5,25.4356975455689));
#13769=CARTESIAN_POINT('',(57.0432472225577,-2.5,33.));
#13770=CARTESIAN_POINT('Origin',(45.7770631749338,-2.5,7.));
#13771=CARTESIAN_POINT('',(57.0432472225577,-2.5,33.));
#13772=CARTESIAN_POINT('',(57.0432472225577,-2.5,33.));
#13773=CARTESIAN_POINT('',(45.7770631749338,-2.5,7.));
#13774=CARTESIAN_POINT('',(41.0400612639869,-2.5,-3.93201115515215));
#13775=CARTESIAN_POINT('',(45.7770631749338,-2.5,7.));
#13776=CARTESIAN_POINT('Origin',(57.0432472225577,-2.5,33.));
#13777=CARTESIAN_POINT('',(59.2229368250661,104.5,33.));
#13778=CARTESIAN_POINT('',(110.02162423756,104.5,33.));
#13779=CARTESIAN_POINT('',(59.2229368250661,-2.5,33.));
#13780=CARTESIAN_POINT('Origin',(47.9567527774423,-2.5,7.));
#13781=CARTESIAN_POINT('',(47.9567527774423,104.5,6.99999999999999));
#13782=CARTESIAN_POINT('',(47.9567527774423,-2.5,6.99999999999999));
#13783=CARTESIAN_POINT('',(105.478377015002,104.5,7.));
#13784=CARTESIAN_POINT('Origin',(47.9567527774423,-2.5,7.));
#13785=CARTESIAN_POINT('',(47.9567527774423,-2.5,6.99999999999999));
#13786=CARTESIAN_POINT('',(24.9783763887212,-2.5,7.));
#13787=CARTESIAN_POINT('',(47.9567527774423,-2.5,6.99999999999999));
#13788=CARTESIAN_POINT('Origin',(59.2229368250661,-2.5,33.));
#13789=CARTESIAN_POINT('',(61.4060219002766,104.5,38.0381044473922));
#13790=CARTESIAN_POINT('Origin',(59.2229368250661,-2.5,33.));
#13791=CARTESIAN_POINT('',(59.2229368250661,-2.5,33.));
#13792=CARTESIAN_POINT('',(48.6805599279948,-2.5,8.67039574667114));
#13793=CARTESIAN_POINT('',(59.2229368250661,-2.5,33.));
#13794=CARTESIAN_POINT('Origin',(57.0432472225577,-2.5,33.));
#13795=CARTESIAN_POINT('',(29.5216236112788,-2.5,33.));
#13796=CARTESIAN_POINT('Origin',(17.0432472225577,-2.5,33.));
#13797=CARTESIAN_POINT('',(17.0432472225577,104.5,33.));
#13798=CARTESIAN_POINT('',(17.0432472225577,-2.5,33.));
#13799=CARTESIAN_POINT('',(19.2229368250661,104.5,33.));
#13800=CARTESIAN_POINT('',(90.0216242375595,104.5,33.));
#13801=CARTESIAN_POINT('',(19.2229368250661,-2.5,33.));
#13802=CARTESIAN_POINT('Origin',(7.49999999999998,-2.5,10.9761783814608));
#13803=CARTESIAN_POINT('',(7.49999999999998,104.5,10.9761783814608));
#13804=CARTESIAN_POINT('',(7.49999999999998,-2.5,10.9761783814608));
#13805=CARTESIAN_POINT('',(17.7885970831568,104.5,34.720111822571));
#13806=CARTESIAN_POINT('Origin',(7.49999999999998,-2.5,10.9761783814608));
#13807=CARTESIAN_POINT('',(17.0432472225577,-2.5,33.));
#13808=CARTESIAN_POINT('',(17.0432472225577,-2.5,33.));
#13809=CARTESIAN_POINT('',(7.49999999999998,-2.5,10.9761783814608));
#13810=CARTESIAN_POINT('',(5.06313511087502,-2.5,5.35240312184997));
#13811=CARTESIAN_POINT('',(7.49999999999998,-2.5,10.9761783814608));
#13812=CARTESIAN_POINT('Origin',(19.2229368250661,-2.5,33.));
#13813=CARTESIAN_POINT('',(7.95675277744232,104.5,7.));
#13814=CARTESIAN_POINT('',(24.5676273346317,104.5,45.3344295336639));
#13815=CARTESIAN_POINT('',(7.95675277744232,-2.5,7.));
#13816=CARTESIAN_POINT('Origin',(7.49999999999998,-2.5,7.));
#13817=CARTESIAN_POINT('',(7.49999999999998,104.5,7.));
#13818=CARTESIAN_POINT('',(7.49999999999998,-2.5,7.));
#13819=CARTESIAN_POINT('',(7.49999999999997,104.5,3.5));
#13820=CARTESIAN_POINT('Origin',(7.49999999999998,-2.5,7.));
#13821=CARTESIAN_POINT('',(7.49999999999998,-2.5,7.));
#13822=CARTESIAN_POINT('',(7.49999999999998,-2.5,3.5));
#13823=CARTESIAN_POINT('',(7.49999999999998,-2.5,7.));
#13824=CARTESIAN_POINT('Origin',(7.95675277744232,-2.5,7.));
#13825=CARTESIAN_POINT('',(85.4783770150019,104.5,7.));
#13826=CARTESIAN_POINT('Origin',(7.95675277744232,-2.5,7.));
#13827=CARTESIAN_POINT('',(7.95675277744232,-2.5,7.));
#13828=CARTESIAN_POINT('',(4.97837638872116,-2.5,7.));
#13829=CARTESIAN_POINT('',(7.95675277744232,-2.5,7.));
#13830=CARTESIAN_POINT('Origin',(19.2229368250661,-2.5,33.));
#13831=CARTESIAN_POINT('',(19.2229368250661,-2.5,33.));
#13832=CARTESIAN_POINT('',(11.8421653623499,-2.5,15.9667208329429));
#13833=CARTESIAN_POINT('',(19.2229368250661,-2.5,33.));
#13834=CARTESIAN_POINT('Origin',(17.0432472225577,-2.5,33.));
#13835=CARTESIAN_POINT('',(9.52162361127883,-2.5,33.));
#13836=CARTESIAN_POINT('Origin',(35.7770631749338,-2.5,7.));
#13837=CARTESIAN_POINT('',(35.7770631749338,104.5,7.));
#13838=CARTESIAN_POINT('',(35.7770631749338,-2.5,7.));
#13839=CARTESIAN_POINT('',(47.0432472225577,104.5,33.));
#13840=CARTESIAN_POINT('',(44.5559245948575,104.5,27.2597788171369));
#13841=CARTESIAN_POINT('',(47.0432472225577,-2.5,33.));
#13842=CARTESIAN_POINT('Origin',(35.7770631749338,-2.5,7.));
#13843=CARTESIAN_POINT('',(47.0432472225577,-2.5,33.));
#13844=CARTESIAN_POINT('',(47.0432472225577,-2.5,33.));
#13845=CARTESIAN_POINT('',(35.7770631749338,-2.5,7.));
#13846=CARTESIAN_POINT('',(31.8304626225756,-2.5,-2.10792988358422));
#13847=CARTESIAN_POINT('',(35.7770631749338,-2.5,7.));
#13848=CARTESIAN_POINT('Origin',(47.0432472225577,-2.5,33.));
#13849=CARTESIAN_POINT('',(49.2229368250661,104.5,33.));
#13850=CARTESIAN_POINT('',(105.02162423756,104.5,33.));
#13851=CARTESIAN_POINT('',(49.2229368250661,-2.5,33.));
#13852=CARTESIAN_POINT('Origin',(37.9567527774423,-2.5,7.));
#13853=CARTESIAN_POINT('',(37.9567527774423,104.5,7.));
#13854=CARTESIAN_POINT('',(37.9567527774423,-2.5,7.));
#13855=CARTESIAN_POINT('',(100.478377015002,104.5,7.));
#13856=CARTESIAN_POINT('Origin',(37.9567527774423,-2.5,7.));
#13857=CARTESIAN_POINT('',(37.9567527774423,-2.5,7.));
#13858=CARTESIAN_POINT('',(19.9783763887212,-2.5,7.));
#13859=CARTESIAN_POINT('',(37.9567527774423,-2.5,7.));
#13860=CARTESIAN_POINT('Origin',(49.2229368250661,-2.5,33.));
#13861=CARTESIAN_POINT('',(52.1964232588654,104.5,39.8621857189601));
#13862=CARTESIAN_POINT('Origin',(49.2229368250661,-2.5,33.));
#13863=CARTESIAN_POINT('',(49.2229368250661,-2.5,33.));
#13864=CARTESIAN_POINT('',(39.4709612865836,-2.5,10.4944770182391));
#13865=CARTESIAN_POINT('',(49.2229368250661,-2.5,33.));
#13866=CARTESIAN_POINT('Origin',(47.0432472225577,-2.5,33.));
#13867=CARTESIAN_POINT('',(24.5216236112788,-2.5,33.));
#13868=CARTESIAN_POINT('Origin',(75.7770631749338,-2.5,7.));
#13869=CARTESIAN_POINT('',(75.7770631749338,104.5,7.));
#13870=CARTESIAN_POINT('',(75.7770631749338,-2.5,7.));
#13871=CARTESIAN_POINT('',(87.0432472225577,104.5,33.));
#13872=CARTESIAN_POINT('',(81.3943191605024,104.5,19.9634537308651));
#13873=CARTESIAN_POINT('',(87.0432472225577,-2.5,33.));
#13874=CARTESIAN_POINT('Origin',(75.7770631749338,-2.5,7.));
#13875=CARTESIAN_POINT('',(87.0432472225577,-2.5,33.));
#13876=CARTESIAN_POINT('',(87.0432472225577,-2.5,33.));
#13877=CARTESIAN_POINT('',(75.7770631749338,-2.5,7.));
#13878=CARTESIAN_POINT('',(68.6688571882205,-2.5,-9.40425496985595));
#13879=CARTESIAN_POINT('',(75.7770631749338,-2.5,7.));
#13880=CARTESIAN_POINT('Origin',(87.0432472225577,-2.5,33.));
#13881=CARTESIAN_POINT('',(89.2229368250661,104.5,33.));
#13882=CARTESIAN_POINT('',(125.02162423756,104.5,33.));
#13883=CARTESIAN_POINT('',(89.2229368250661,-2.5,33.));
#13884=CARTESIAN_POINT('Origin',(77.9567527774423,-2.5,7.));
#13885=CARTESIAN_POINT('',(77.9567527774423,104.5,7.));
#13886=CARTESIAN_POINT('',(77.9567527774423,-2.5,7.));
#13887=CARTESIAN_POINT('',(120.478377015002,104.5,7.));
#13888=CARTESIAN_POINT('Origin',(77.9567527774423,-2.5,7.));
#13889=CARTESIAN_POINT('',(77.9567527774423,-2.5,7.));
#13890=CARTESIAN_POINT('',(39.9783763887212,-2.5,7.));
#13891=CARTESIAN_POINT('',(77.9567527774423,-2.5,7.));
#13892=CARTESIAN_POINT('Origin',(89.2229368250661,-2.5,33.));
#13893=CARTESIAN_POINT('',(89.0348178245103,104.5,32.5658606326884));
#13894=CARTESIAN_POINT('Origin',(89.2229368250661,-2.5,33.));
#13895=CARTESIAN_POINT('',(89.2229368250661,-2.5,33.));
#13896=CARTESIAN_POINT('',(76.3093558522285,-2.5,3.19815193196735));
#13897=CARTESIAN_POINT('',(89.2229368250661,-2.5,33.));
#13898=CARTESIAN_POINT('Origin',(87.0432472225577,-2.5,33.));
#13899=CARTESIAN_POINT('',(44.5216236112788,-2.5,33.));
#13900=CARTESIAN_POINT('Origin',(115.777063174934,-2.5,7.));
#13901=CARTESIAN_POINT('',(115.777063174934,104.5,7.));
#13902=CARTESIAN_POINT('',(115.777063174934,-2.5,7.));
#13903=CARTESIAN_POINT('',(127.043247222558,104.5,33.));
#13904=CARTESIAN_POINT('',(118.232713726147,104.5,12.6671286445934));
#13905=CARTESIAN_POINT('',(127.043247222558,-2.5,33.));
#13906=CARTESIAN_POINT('Origin',(115.777063174934,-2.5,7.));
#13907=CARTESIAN_POINT('',(127.043247222558,-2.5,33.));
#13908=CARTESIAN_POINT('',(127.043247222558,-2.5,33.));
#13909=CARTESIAN_POINT('',(115.777063174934,-2.5,7.));
#13910=CARTESIAN_POINT('',(105.507251753865,-2.5,-16.7005800561277));
#13911=CARTESIAN_POINT('',(115.777063174934,-2.5,7.));
#13912=CARTESIAN_POINT('Origin',(127.043247222558,-2.5,33.));
#13913=CARTESIAN_POINT('',(129.222936825066,104.5,33.));
#13914=CARTESIAN_POINT('',(145.02162423756,104.5,33.));
#13915=CARTESIAN_POINT('',(129.222936825066,-2.5,33.));
#13916=CARTESIAN_POINT('Origin',(117.956752777442,-2.5,7.));
#13917=CARTESIAN_POINT('',(117.956752777442,104.5,7.));
#13918=CARTESIAN_POINT('',(117.956752777442,-2.5,7.));
#13919=CARTESIAN_POINT('',(140.478377015002,104.5,7.));
#13920=CARTESIAN_POINT('Origin',(117.956752777442,-2.5,7.));
#13921=CARTESIAN_POINT('',(117.956752777442,-2.5,7.));
#13922=CARTESIAN_POINT('',(59.9783763887212,-2.5,7.));
#13923=CARTESIAN_POINT('',(117.956752777442,-2.5,7.));
#13924=CARTESIAN_POINT('Origin',(129.222936825066,-2.5,33.));
#13925=CARTESIAN_POINT('',(125.873212390155,104.5,25.2695355464167));
#13926=CARTESIAN_POINT('Origin',(129.222936825066,-2.5,33.));
#13927=CARTESIAN_POINT('',(129.222936825066,-2.5,33.));
#13928=CARTESIAN_POINT('',(113.147750417873,-2.5,-4.09817315430437));
#13929=CARTESIAN_POINT('',(129.222936825066,-2.5,33.));
#13930=CARTESIAN_POINT('Origin',(127.043247222558,-2.5,33.));
#13931=CARTESIAN_POINT('',(64.5216236112788,-2.5,33.));
#13932=CARTESIAN_POINT('Origin',(135.777063174934,-2.5,7.));
#13933=CARTESIAN_POINT('',(135.777063174934,104.5,7.));
#13934=CARTESIAN_POINT('',(135.777063174934,-2.5,7.));
#13935=CARTESIAN_POINT('',(147.043247222558,104.5,33.));
#13936=CARTESIAN_POINT('',(136.65191100897,104.5,9.01896610145754));
#13937=CARTESIAN_POINT('',(147.043247222558,-2.5,33.));
#13938=CARTESIAN_POINT('Origin',(135.777063174934,-2.5,7.));
#13939=CARTESIAN_POINT('',(147.043247222558,-2.5,33.));
#13940=CARTESIAN_POINT('',(147.043247222558,-2.5,33.));
#13941=CARTESIAN_POINT('',(135.777063174934,-2.5,7.));
#13942=CARTESIAN_POINT('',(123.926449036688,-2.5,-20.3487425992635));
#13943=CARTESIAN_POINT('',(135.777063174934,-2.5,7.));
#13944=CARTESIAN_POINT('Origin',(147.043247222558,-2.5,33.));
#13945=CARTESIAN_POINT('',(149.222936825066,104.5,33.));
#13946=CARTESIAN_POINT('',(155.02162423756,104.5,33.));
#13947=CARTESIAN_POINT('',(149.222936825066,-2.5,33.));
#13948=CARTESIAN_POINT('Origin',(137.956752777442,-2.5,7.));
#13949=CARTESIAN_POINT('',(137.956752777442,104.5,7.));
#13950=CARTESIAN_POINT('',(137.956752777442,-2.5,7.));
#13951=CARTESIAN_POINT('',(150.478377015002,104.5,7.));
#13952=CARTESIAN_POINT('Origin',(137.956752777442,-2.5,7.));
#13953=CARTESIAN_POINT('',(137.956752777442,-2.5,7.));
#13954=CARTESIAN_POINT('',(69.9783763887212,-2.5,7.));
#13955=CARTESIAN_POINT('',(137.956752777442,-2.5,7.));
#13956=CARTESIAN_POINT('Origin',(149.222936825066,-2.5,33.));
#13957=CARTESIAN_POINT('',(144.292409672978,104.5,21.6213730032808));
#13958=CARTESIAN_POINT('Origin',(149.222936825066,-2.5,33.));
#13959=CARTESIAN_POINT('',(149.222936825066,-2.5,33.));
#13960=CARTESIAN_POINT('',(131.566947700696,-2.5,-7.74633569744022));
#13961=CARTESIAN_POINT('',(149.222936825066,-2.5,33.));
#13962=CARTESIAN_POINT('Origin',(147.043247222558,-2.5,33.));
#13963=CARTESIAN_POINT('',(74.5216236112788,-2.5,33.));
#13964=CARTESIAN_POINT('Origin',(95.7770631749338,-2.5,7.));
#13965=CARTESIAN_POINT('',(95.7770631749338,104.5,7.));
#13966=CARTESIAN_POINT('',(95.7770631749338,-2.5,7.));
#13967=CARTESIAN_POINT('',(107.043247222558,104.5,33.));
#13968=CARTESIAN_POINT('',(99.8135164433248,104.5,16.3152911877293));
#13969=CARTESIAN_POINT('',(107.043247222558,-2.5,33.));
#13970=CARTESIAN_POINT('Origin',(95.7770631749338,-2.5,7.));
#13971=CARTESIAN_POINT('',(107.043247222558,-2.5,33.));
#13972=CARTESIAN_POINT('',(107.043247222558,-2.5,33.));
#13973=CARTESIAN_POINT('',(95.7770631749338,-2.5,7.));
#13974=CARTESIAN_POINT('',(87.088054471043,-2.5,-13.0524175129918));
#13975=CARTESIAN_POINT('',(95.7770631749338,-2.5,7.));
#13976=CARTESIAN_POINT('Origin',(107.043247222558,-2.5,33.));
#13977=CARTESIAN_POINT('',(109.222936825066,104.5,33.));
#13978=CARTESIAN_POINT('',(135.02162423756,104.5,33.));
#13979=CARTESIAN_POINT('',(109.222936825066,-2.5,33.));
#13980=CARTESIAN_POINT('Origin',(97.9567527774423,-2.5,7.));
#13981=CARTESIAN_POINT('',(97.9567527774423,104.5,7.));
#13982=CARTESIAN_POINT('',(97.9567527774423,-2.5,7.));
#13983=CARTESIAN_POINT('',(130.478377015002,104.5,7.));
#13984=CARTESIAN_POINT('Origin',(97.9567527774423,-2.5,7.));
#13985=CARTESIAN_POINT('',(97.9567527774423,-2.5,7.));
#13986=CARTESIAN_POINT('',(49.9783763887212,-2.5,7.));
#13987=CARTESIAN_POINT('',(97.9567527774423,-2.5,7.));
#13988=CARTESIAN_POINT('Origin',(109.222936825066,-2.5,33.));
#13989=CARTESIAN_POINT('',(107.454015107333,104.5,28.9176980895525));
#13990=CARTESIAN_POINT('Origin',(109.222936825066,-2.5,33.));
#13991=CARTESIAN_POINT('',(109.222936825066,-2.5,33.));
#13992=CARTESIAN_POINT('',(94.728553135051,-2.5,-0.450010611168508));
#13993=CARTESIAN_POINT('',(109.222936825066,-2.5,33.));
#13994=CARTESIAN_POINT('Origin',(107.043247222558,-2.5,33.));
#13995=CARTESIAN_POINT('',(54.5216236112788,-2.5,33.));
#13996=CARTESIAN_POINT('Origin',(55.7770631749338,-2.5,7.));
#13997=CARTESIAN_POINT('',(55.7770631749338,104.5,7.));
#13998=CARTESIAN_POINT('',(55.7770631749338,-2.5,7.));
#13999=CARTESIAN_POINT('',(67.0432472225577,104.5,33.));
#14000=CARTESIAN_POINT('',(62.9751218776799,104.5,23.611616274001));
#14001=CARTESIAN_POINT('',(67.0432472225577,-2.5,33.));
#14002=CARTESIAN_POINT('Origin',(55.7770631749338,-2.5,7.));
#14003=CARTESIAN_POINT('',(67.0432472225577,-2.5,33.));
#14004=CARTESIAN_POINT('',(67.0432472225577,-2.5,33.));
#14005=CARTESIAN_POINT('',(55.7770631749338,-2.5,7.));
#14006=CARTESIAN_POINT('',(50.2496599053981,-2.5,-5.75609242672008));
#14007=CARTESIAN_POINT('',(55.7770631749338,-2.5,7.));
#14008=CARTESIAN_POINT('Origin',(67.0432472225577,-2.5,33.));
#14009=CARTESIAN_POINT('',(69.2229368250661,104.5,33.));
#14010=CARTESIAN_POINT('',(115.02162423756,104.5,33.));
#14011=CARTESIAN_POINT('',(69.2229368250661,-2.5,33.));
#14012=CARTESIAN_POINT('Origin',(57.9567527774423,-2.5,7.));
#14013=CARTESIAN_POINT('',(57.9567527774423,104.5,7.));
#14014=CARTESIAN_POINT('',(57.9567527774423,-2.5,7.));
#14015=CARTESIAN_POINT('',(110.478377015002,104.5,7.));
#14016=CARTESIAN_POINT('Origin',(57.9567527774423,-2.5,7.));
#14017=CARTESIAN_POINT('',(57.9567527774423,-2.5,7.));
#14018=CARTESIAN_POINT('',(29.9783763887212,-2.5,7.));
#14019=CARTESIAN_POINT('',(57.9567527774423,-2.5,7.));
#14020=CARTESIAN_POINT('Origin',(69.2229368250661,-2.5,33.));
#14021=CARTESIAN_POINT('',(70.6156205416879,104.5,36.2140231758243));
#14022=CARTESIAN_POINT('Origin',(69.2229368250661,-2.5,33.));
#14023=CARTESIAN_POINT('',(69.2229368250661,-2.5,33.));
#14024=CARTESIAN_POINT('',(57.8901585694061,-2.5,6.84631447510321));
#14025=CARTESIAN_POINT('',(69.2229368250661,-2.5,33.));
#14026=CARTESIAN_POINT('Origin',(67.0432472225577,-2.5,33.));
#14027=CARTESIAN_POINT('',(34.5216236112788,-2.5,33.));
#14028=CARTESIAN_POINT('Origin',(15.7770631749338,-2.5,7.));
#14029=CARTESIAN_POINT('',(15.7770631749338,104.5,7.));
#14030=CARTESIAN_POINT('',(15.7770631749338,-2.5,7.));
#14031=CARTESIAN_POINT('',(27.0432472225577,104.5,33.));
#14032=CARTESIAN_POINT('',(26.136727312035,104.5,30.9079413602727));
#14033=CARTESIAN_POINT('',(27.0432472225577,-2.5,33.));
#14034=CARTESIAN_POINT('Origin',(15.7770631749338,-2.5,7.));
#14035=CARTESIAN_POINT('',(27.0432472225577,-2.5,33.));
#14036=CARTESIAN_POINT('',(27.0432472225577,-2.5,33.));
#14037=CARTESIAN_POINT('',(15.7770631749338,-2.5,7.));
#14038=CARTESIAN_POINT('',(13.4112653397532,-2.5,1.54023265955164));
#14039=CARTESIAN_POINT('',(15.7770631749338,-2.5,7.));
#14040=CARTESIAN_POINT('Origin',(27.0432472225577,-2.5,33.));
#14041=CARTESIAN_POINT('',(29.2229368250661,104.5,33.));
#14042=CARTESIAN_POINT('',(95.0216242375595,104.5,33.));
#14043=CARTESIAN_POINT('',(29.2229368250661,-2.5,33.));
#14044=CARTESIAN_POINT('Origin',(17.9567527774423,-2.5,7.));
#14045=CARTESIAN_POINT('',(17.9567527774423,104.5,7.));
#14046=CARTESIAN_POINT('',(17.9567527774423,-2.5,7.));
#14047=CARTESIAN_POINT('',(90.4783770150019,104.5,7.));
#14048=CARTESIAN_POINT('Origin',(17.9567527774423,-2.5,7.));
#14049=CARTESIAN_POINT('',(17.9567527774423,-2.5,7.));
#14050=CARTESIAN_POINT('',(9.97837638872116,-2.5,7.));
#14051=CARTESIAN_POINT('',(17.9567527774423,-2.5,7.));
#14052=CARTESIAN_POINT('Origin',(29.2229368250661,-2.5,33.));
#14053=CARTESIAN_POINT('',(33.7772259760429,104.5,43.510348262096));
#14054=CARTESIAN_POINT('Origin',(29.2229368250661,-2.5,33.));
#14055=CARTESIAN_POINT('',(29.2229368250661,-2.5,33.));
#14056=CARTESIAN_POINT('',(21.0517640037611,-2.5,14.1426395613749));
#14057=CARTESIAN_POINT('',(29.2229368250661,-2.5,33.));
#14058=CARTESIAN_POINT('Origin',(27.0432472225577,-2.5,33.));
#14059=CARTESIAN_POINT('',(14.5216236112788,-2.5,33.));
#14060=CARTESIAN_POINT('Origin',(25.7770631749338,-2.5,7.));
#14061=CARTESIAN_POINT('',(25.7770631749338,104.5,7.));
#14062=CARTESIAN_POINT('',(25.7770631749338,-2.5,7.));
#14063=CARTESIAN_POINT('',(37.0432472225577,104.5,33.));
#14064=CARTESIAN_POINT('',(35.3463259534462,104.5,29.0838600887048));
#14065=CARTESIAN_POINT('',(37.0432472225577,-2.5,33.));
#14066=CARTESIAN_POINT('Origin',(25.7770631749338,-2.5,7.));
#14067=CARTESIAN_POINT('',(37.0432472225577,-2.5,33.));
#14068=CARTESIAN_POINT('',(37.0432472225577,-2.5,33.));
#14069=CARTESIAN_POINT('',(25.7770631749338,-2.5,7.));
#14070=CARTESIAN_POINT('',(22.6208639811644,-2.5,-0.283848612016291));
#14071=CARTESIAN_POINT('',(25.7770631749338,-2.5,7.));
#14072=CARTESIAN_POINT('Origin',(37.0432472225577,-2.5,33.));
#14073=CARTESIAN_POINT('',(39.2229368250661,104.5,33.));
#14074=CARTESIAN_POINT('',(100.02162423756,104.5,33.));
#14075=CARTESIAN_POINT('',(39.2229368250661,-2.5,33.));
#14076=CARTESIAN_POINT('Origin',(27.9567527774423,-2.5,7.));
#14077=CARTESIAN_POINT('',(27.9567527774423,104.5,7.));
#14078=CARTESIAN_POINT('',(27.9567527774423,-2.5,7.));
#14079=CARTESIAN_POINT('',(95.4783770150019,104.5,7.));
#14080=CARTESIAN_POINT('Origin',(27.9567527774423,-2.5,7.));
#14081=CARTESIAN_POINT('',(27.9567527774423,-2.5,7.));
#14082=CARTESIAN_POINT('',(14.9783763887212,-2.5,7.));
#14083=CARTESIAN_POINT('',(27.9567527774423,-2.5,7.));
#14084=CARTESIAN_POINT('Origin',(39.2229368250661,-2.5,33.));
#14085=CARTESIAN_POINT('',(42.9868246174542,104.5,41.686266990528));
#14086=CARTESIAN_POINT('Origin',(39.2229368250661,-2.5,33.));
#14087=CARTESIAN_POINT('',(39.2229368250661,-2.5,33.));
#14088=CARTESIAN_POINT('',(30.2613626451724,-2.5,12.318558289807));
#14089=CARTESIAN_POINT('',(39.2229368250661,-2.5,33.));
#14090=CARTESIAN_POINT('Origin',(37.0432472225577,-2.5,33.));
#14091=CARTESIAN_POINT('',(19.5216236112788,-2.5,33.));
#14092=CARTESIAN_POINT('Origin',(65.7770631749338,-2.5,7.));
#14093=CARTESIAN_POINT('',(65.7770631749338,104.5,7.));
#14094=CARTESIAN_POINT('',(65.7770631749338,-2.5,7.));
#14095=CARTESIAN_POINT('',(77.0432472225577,104.5,33.));
#14096=CARTESIAN_POINT('',(72.1847205190912,104.5,21.7875350024331));
#14097=CARTESIAN_POINT('',(77.0432472225577,-2.5,33.));
#14098=CARTESIAN_POINT('Origin',(65.7770631749338,-2.5,7.));
#14099=CARTESIAN_POINT('',(77.0432472225577,-2.5,33.));
#14100=CARTESIAN_POINT('',(77.0432472225577,-2.5,33.));
#14101=CARTESIAN_POINT('',(65.7770631749338,-2.5,7.));
#14102=CARTESIAN_POINT('',(59.4592585468093,-2.5,-7.58017369828801));
#14103=CARTESIAN_POINT('',(65.7770631749338,-2.5,7.));
#14104=CARTESIAN_POINT('Origin',(77.0432472225577,-2.5,33.));
#14105=CARTESIAN_POINT('',(79.2229368250661,104.5,33.));
#14106=CARTESIAN_POINT('',(120.02162423756,104.5,33.));
#14107=CARTESIAN_POINT('',(79.2229368250661,-2.5,33.));
#14108=CARTESIAN_POINT('Origin',(67.9567527774423,-2.5,7.));
#14109=CARTESIAN_POINT('',(67.9567527774423,104.5,7.));
#14110=CARTESIAN_POINT('',(67.9567527774423,-2.5,7.));
#14111=CARTESIAN_POINT('',(115.478377015002,104.5,7.));
#14112=CARTESIAN_POINT('Origin',(67.9567527774423,-2.5,7.));
#14113=CARTESIAN_POINT('',(67.9567527774423,-2.5,7.));
#14114=CARTESIAN_POINT('',(34.9783763887212,-2.5,7.));
#14115=CARTESIAN_POINT('',(67.9567527774423,-2.5,7.));
#14116=CARTESIAN_POINT('Origin',(79.2229368250661,-2.5,33.));
#14117=CARTESIAN_POINT('',(79.8252191830991,104.5,34.3899419042563));
#14118=CARTESIAN_POINT('Origin',(79.2229368250661,-2.5,33.));
#14119=CARTESIAN_POINT('',(79.2229368250661,-2.5,33.));
#14120=CARTESIAN_POINT('',(67.0997572108173,-2.5,5.02223320353528));
#14121=CARTESIAN_POINT('',(79.2229368250661,-2.5,33.));
#14122=CARTESIAN_POINT('Origin',(77.0432472225577,-2.5,33.));
#14123=CARTESIAN_POINT('',(39.5216236112788,-2.5,33.));
#14124=CARTESIAN_POINT('Origin',(105.777063174934,-2.5,7.));
#14125=CARTESIAN_POINT('',(105.777063174934,104.5,7.));
#14126=CARTESIAN_POINT('',(105.777063174934,-2.5,7.));
#14127=CARTESIAN_POINT('',(117.043247222558,104.5,33.));
#14128=CARTESIAN_POINT('',(109.023115084736,104.5,14.4912099161613));
#14129=CARTESIAN_POINT('',(117.043247222558,-2.5,33.));
#14130=CARTESIAN_POINT('Origin',(105.777063174934,-2.5,7.));
#14131=CARTESIAN_POINT('',(117.043247222558,-2.5,33.));
#14132=CARTESIAN_POINT('',(117.043247222558,-2.5,33.));
#14133=CARTESIAN_POINT('',(105.777063174934,-2.5,7.));
#14134=CARTESIAN_POINT('',(96.2976531124542,-2.5,-14.8764987845597));
#14135=CARTESIAN_POINT('',(105.777063174934,-2.5,7.));
#14136=CARTESIAN_POINT('Origin',(117.043247222558,-2.5,33.));
#14137=CARTESIAN_POINT('',(119.222936825066,104.5,33.));
#14138=CARTESIAN_POINT('',(140.02162423756,104.5,33.));
#14139=CARTESIAN_POINT('',(119.222936825066,-2.5,33.));
#14140=CARTESIAN_POINT('Origin',(107.956752777442,-2.5,7.));
#14141=CARTESIAN_POINT('',(107.956752777442,104.5,6.99999999999999));
#14142=CARTESIAN_POINT('',(107.956752777442,-2.5,6.99999999999999));
#14143=CARTESIAN_POINT('',(135.478377015002,104.5,7.));
#14144=CARTESIAN_POINT('Origin',(107.956752777442,-2.5,7.));
#14145=CARTESIAN_POINT('',(107.956752777442,-2.5,6.99999999999999));
#14146=CARTESIAN_POINT('',(54.9783763887211,-2.5,7.));
#14147=CARTESIAN_POINT('',(107.956752777442,-2.5,6.99999999999999));
#14148=CARTESIAN_POINT('Origin',(119.222936825066,-2.5,33.));
#14149=CARTESIAN_POINT('',(116.663613748744,104.5,27.0936168179846));
#14150=CARTESIAN_POINT('Origin',(119.222936825066,-2.5,33.));
#14151=CARTESIAN_POINT('',(119.222936825066,-2.5,33.));
#14152=CARTESIAN_POINT('',(103.938151776462,-2.5,-2.27409188273644));
#14153=CARTESIAN_POINT('',(119.222936825066,-2.5,33.));
#14154=CARTESIAN_POINT('Origin',(117.043247222558,-2.5,33.));
#14155=CARTESIAN_POINT('',(59.5216236112788,-2.5,33.));
#14156=CARTESIAN_POINT('Origin',(157.043247222558,-2.5,33.));
#14157=CARTESIAN_POINT('',(157.043247222558,104.5,33.));
#14158=CARTESIAN_POINT('',(157.043247222558,-2.5,33.));
#14159=CARTESIAN_POINT('',(157.5,104.5,33.));
#14160=CARTESIAN_POINT('',(160.02162423756,104.5,33.));
#14161=CARTESIAN_POINT('',(157.5,-2.5,33.));
#14162=CARTESIAN_POINT('Origin',(145.777063174934,-2.5,7.));
#14163=CARTESIAN_POINT('',(145.777063174934,104.5,7.));
#14164=CARTESIAN_POINT('',(145.777063174934,-2.5,7.));
#14165=CARTESIAN_POINT('',(145.861509650381,104.5,7.19488482988961));
#14166=CARTESIAN_POINT('Origin',(145.777063174934,-2.5,7.));
#14167=CARTESIAN_POINT('',(157.043247222558,-2.5,33.));
#14168=CARTESIAN_POINT('',(157.043247222558,-2.5,33.));
#14169=CARTESIAN_POINT('',(145.777063174934,-2.5,7.));
#14170=CARTESIAN_POINT('',(133.136047678099,-2.5,-22.1728238708315));
#14171=CARTESIAN_POINT('',(145.777063174934,-2.5,7.));
#14172=CARTESIAN_POINT('Origin',(157.5,-2.5,33.));
#14173=CARTESIAN_POINT('',(157.5,104.5,29.0238216185392));
#14174=CARTESIAN_POINT('',(157.5,104.5,16.5));
#14175=CARTESIAN_POINT('',(157.5,-2.5,29.0238216185392));
#14176=CARTESIAN_POINT('Origin',(147.956752777442,-2.5,7.));
#14177=CARTESIAN_POINT('',(147.956752777442,104.5,7.));
#14178=CARTESIAN_POINT('',(147.956752777442,-2.5,7.));
#14179=CARTESIAN_POINT('',(155.478377015002,104.5,7.));
#14180=CARTESIAN_POINT('Origin',(147.956752777442,-2.5,7.));
#14181=CARTESIAN_POINT('',(147.956752777442,-2.5,7.));
#14182=CARTESIAN_POINT('',(74.9783763887212,-2.5,7.));
#14183=CARTESIAN_POINT('',(147.956752777442,-2.5,7.));
#14184=CARTESIAN_POINT('Origin',(157.5,-2.5,29.0238216185392));
#14185=CARTESIAN_POINT('',(152.640539901856,104.5,17.8092025409825));
#14186=CARTESIAN_POINT('Origin',(157.5,-2.5,29.0238216185392));
#14187=CARTESIAN_POINT('',(157.5,-2.5,29.0238216185392));
#14188=CARTESIAN_POINT('',(139.915077929574,-2.5,-11.5585061597386));
#14189=CARTESIAN_POINT('',(157.5,-2.5,29.0238216185392));
#14190=CARTESIAN_POINT('Origin',(157.5,-2.5,33.));
#14191=CARTESIAN_POINT('',(157.5,-2.5,33.));
#14192=CARTESIAN_POINT('',(157.5,-2.5,16.5));
#14193=CARTESIAN_POINT('',(157.5,-2.5,33.));
#14194=CARTESIAN_POINT('Origin',(157.043247222558,-2.5,33.));
#14195=CARTESIAN_POINT('',(79.5216236112788,-2.5,33.));
#14196=CARTESIAN_POINT('Origin',(167.5,44.3041931713756,7.));
#14197=CARTESIAN_POINT('',(-2.49999999999996,44.3041931713756,7.));
#14198=CARTESIAN_POINT('',(167.5,44.3041931713756,7.));
#14199=CARTESIAN_POINT('',(-2.5,55.5177211847589,33.));
#14200=CARTESIAN_POINT('',(-2.5,47.399016675295,14.1757444227964));
#14201=CARTESIAN_POINT('',(167.5,55.517721184759,33.));
#14202=CARTESIAN_POINT('Origin',(167.5,44.3041931713756,7.));
#14203=CARTESIAN_POINT('',(167.5,55.517721184759,33.));
#14204=CARTESIAN_POINT('',(167.5,55.517721184759,33.));
#14205=CARTESIAN_POINT('',(167.5,44.3041931713756,7.));
#14206=CARTESIAN_POINT('',(167.5,39.7139908040515,-3.642971722012));
#14207=CARTESIAN_POINT('',(167.5,44.3041931713756,7.));
#14208=CARTESIAN_POINT('Origin',(167.5,46.4822755081392,7.));
#14209=CARTESIAN_POINT('',(-2.49999999999996,46.4822755081391,7.));
#14210=CARTESIAN_POINT('',(167.5,46.4822755081392,7.));
#14211=CARTESIAN_POINT('',(-2.5,73.2411377540696,7.));
#14212=CARTESIAN_POINT('Origin',(167.5,46.4822755081392,7.));
#14213=CARTESIAN_POINT('',(167.5,46.4822755081392,7.));
#14214=CARTESIAN_POINT('',(167.5,24.2411377540696,7.));
#14215=CARTESIAN_POINT('',(167.5,46.4822755081392,7.));
#14216=CARTESIAN_POINT('Origin',(167.5,55.5177211847589,33.));
#14217=CARTESIAN_POINT('',(-2.5,57.6958035215224,33.));
#14218=CARTESIAN_POINT('',(-2.5,77.7588605923795,33.));
#14219=CARTESIAN_POINT('',(167.5,57.6958035215225,33.));
#14220=CARTESIAN_POINT('Origin',(167.5,57.6958035215225,33.));
#14221=CARTESIAN_POINT('',(-2.5,53.3829081317596,23.));
#14222=CARTESIAN_POINT('',(-2.5,55.0130607829571,26.7797175768901));
#14223=CARTESIAN_POINT('',(82.5,53.3829081317597,23.));
#14224=CARTESIAN_POINT('',(-2.5,55.0130607829571,26.7797175768901));
#14225=CARTESIAN_POINT('Origin',(167.5,57.6958035215225,33.));
#14226=CARTESIAN_POINT('',(167.5,47.3280349117136,8.96100143208177));
#14227=CARTESIAN_POINT('',(167.5,57.6958035215225,33.));
#14228=CARTESIAN_POINT('',(167.5,47.3280349117136,8.96100143208177));
#14229=CARTESIAN_POINT('',(167.5,57.6958035215225,33.));
#14230=CARTESIAN_POINT('Origin',(167.5,55.5177211847589,33.));
#14231=CARTESIAN_POINT('',(167.5,28.7588605923795,33.));
#14232=CARTESIAN_POINT('Origin',(167.5,34.3041931713756,7.));
#14233=CARTESIAN_POINT('',(-2.49999999999996,45.5177211847589,33.));
#14234=CARTESIAN_POINT('',(-2.5,38.1832029886872,15.9939807641033));
#14235=CARTESIAN_POINT('',(167.5,45.5177211847589,33.));
#14236=CARTESIAN_POINT('',(-2.49999999999996,34.3041931713756,7.));
#14237=CARTESIAN_POINT('',(167.5,34.3041931713756,7.));
#14238=CARTESIAN_POINT('',(-2.5,38.1832029886872,15.9939807641033));
#14239=CARTESIAN_POINT('Origin',(167.5,34.3041931713756,7.));
#14240=CARTESIAN_POINT('',(167.5,45.5177211847589,33.));
#14241=CARTESIAN_POINT('',(167.5,45.5177211847589,33.));
#14242=CARTESIAN_POINT('',(167.5,34.3041931713756,7.));
#14243=CARTESIAN_POINT('',(167.5,30.4981771174437,-1.82473538070503));
#14244=CARTESIAN_POINT('',(167.5,34.3041931713756,7.));
#14245=CARTESIAN_POINT('Origin',(167.5,36.4822755081392,7.));
#14246=CARTESIAN_POINT('',(-2.49999999999996,36.4822755081391,7.));
#14247=CARTESIAN_POINT('',(167.5,36.4822755081392,7.));
#14248=CARTESIAN_POINT('',(-2.5,68.2411377540696,7.));
#14249=CARTESIAN_POINT('Origin',(167.5,36.4822755081392,7.));
#14250=CARTESIAN_POINT('',(167.5,36.4822755081392,7.));
#14251=CARTESIAN_POINT('',(167.5,19.2411377540696,7.));
#14252=CARTESIAN_POINT('',(167.5,36.4822755081392,7.));
#14253=CARTESIAN_POINT('Origin',(167.5,45.5177211847589,33.));
#14254=CARTESIAN_POINT('',(-2.49999999999996,47.6958035215224,33.));
#14255=CARTESIAN_POINT('',(-2.5,72.7588605923795,33.));
#14256=CARTESIAN_POINT('',(167.5,47.6958035215225,33.));
#14257=CARTESIAN_POINT('Origin',(167.5,47.6958035215225,33.));
#14258=CARTESIAN_POINT('',(-2.5,45.7972470963493,28.5979539181971));
#14259=CARTESIAN_POINT('Origin',(167.5,47.6958035215225,33.));
#14260=CARTESIAN_POINT('',(167.5,47.6958035215225,33.));
#14261=CARTESIAN_POINT('',(167.5,38.1122212251058,10.7792377733887));
#14262=CARTESIAN_POINT('',(167.5,47.6958035215225,33.));
#14263=CARTESIAN_POINT('Origin',(167.5,45.5177211847589,33.));
#14264=CARTESIAN_POINT('',(167.5,23.7588605923795,33.));
#14265=CARTESIAN_POINT('Origin',(167.5,14.3041931713756,7.));
#14266=CARTESIAN_POINT('',(167.5,25.517721184759,33.));
#14267=CARTESIAN_POINT('',(167.5,25.517721184759,33.));
#14268=CARTESIAN_POINT('',(167.5,14.3041931713756,7.));
#14269=CARTESIAN_POINT('',(167.5,12.0665497442281,1.81173730190892));
#14270=CARTESIAN_POINT('',(167.5,14.3041931713756,7.));
#14271=CARTESIAN_POINT('Origin',(167.5,16.4822755081392,7.));
#14272=CARTESIAN_POINT('',(-2.5,58.2411377540696,7.));
#14273=CARTESIAN_POINT('Origin',(167.5,16.4822755081392,7.));
#14274=CARTESIAN_POINT('',(167.5,16.4822755081392,7.));
#14275=CARTESIAN_POINT('',(167.5,9.24113775406961,7.));
#14276=CARTESIAN_POINT('',(167.5,16.4822755081392,7.));
#14277=CARTESIAN_POINT('Origin',(167.5,25.5177211847589,33.));
#14278=CARTESIAN_POINT('',(-2.5,62.7588605923795,33.));
#14279=CARTESIAN_POINT('Origin',(167.5,27.6958035215225,33.));
#14280=CARTESIAN_POINT('',(167.5,27.6958035215225,33.));
#14281=CARTESIAN_POINT('',(167.5,19.6805938518902,14.4157104560027));
#14282=CARTESIAN_POINT('',(167.5,27.6958035215225,33.));
#14283=CARTESIAN_POINT('Origin',(167.5,25.5177211847589,33.));
#14284=CARTESIAN_POINT('',(167.5,13.7588605923795,33.));
#14285=CARTESIAN_POINT('Origin',(167.5,24.3041931713756,7.));
#14286=CARTESIAN_POINT('',(167.5,35.5177211847589,33.));
#14287=CARTESIAN_POINT('',(167.5,35.5177211847589,33.));
#14288=CARTESIAN_POINT('',(167.5,24.3041931713756,7.));
#14289=CARTESIAN_POINT('',(167.5,21.2823634308359,-0.00649903939805629));
#14290=CARTESIAN_POINT('',(167.5,24.3041931713756,7.));
#14291=CARTESIAN_POINT('Origin',(167.5,26.4822755081392,7.));
#14292=CARTESIAN_POINT('',(-2.5,63.2411377540696,7.));
#14293=CARTESIAN_POINT('Origin',(167.5,26.4822755081392,7.));
#14294=CARTESIAN_POINT('',(167.5,26.4822755081392,7.));
#14295=CARTESIAN_POINT('',(167.5,14.2411377540696,7.));
#14296=CARTESIAN_POINT('',(167.5,26.4822755081392,7.));
#14297=CARTESIAN_POINT('Origin',(167.5,35.5177211847589,33.));
#14298=CARTESIAN_POINT('',(-2.5,67.7588605923795,33.));
#14299=CARTESIAN_POINT('Origin',(167.5,37.6958035215225,33.));
#14300=CARTESIAN_POINT('',(167.5,37.6958035215225,33.));
#14301=CARTESIAN_POINT('',(167.5,28.896407538498,12.5974741146957));
#14302=CARTESIAN_POINT('',(167.5,37.6958035215225,33.));
#14303=CARTESIAN_POINT('Origin',(167.5,35.5177211847589,33.));
#14304=CARTESIAN_POINT('',(167.5,18.7588605923795,33.));
#14305=CARTESIAN_POINT('Origin',(167.5,5.99999834644909,7.));
#14306=CARTESIAN_POINT('',(-2.49999999999996,5.99999834644903,7.));
#14307=CARTESIAN_POINT('',(167.5,5.99999834644909,7.));
#14308=CARTESIAN_POINT('',(-2.49999999999996,5.99999834644903,10.9319413568404));
#14309=CARTESIAN_POINT('',(-2.5,5.99999834644902,3.5));
#14310=CARTESIAN_POINT('',(167.5,5.99999834644909,10.9319413568404));
#14311=CARTESIAN_POINT('Origin',(167.5,5.99999834644909,7.));
#14312=CARTESIAN_POINT('',(167.5,5.99999834644909,10.9319413568404));
#14313=CARTESIAN_POINT('',(167.5,5.99999834644909,10.9319413568404));
#14314=CARTESIAN_POINT('',(167.5,5.99999834644909,7.));
#14315=CARTESIAN_POINT('',(167.5,5.99999834644909,3.5));
#14316=CARTESIAN_POINT('',(167.5,5.99999834644909,7.));
#14317=CARTESIAN_POINT('Origin',(167.5,5.99999834644909,10.9319413568404));
#14318=CARTESIAN_POINT('',(-2.49999999999996,15.5177211847589,33.));
#14319=CARTESIAN_POINT('',(-2.5,11.3836645164006,23.4146604664444));
#14320=CARTESIAN_POINT('',(167.5,15.5177211847589,33.));
#14321=CARTESIAN_POINT('Origin',(167.5,6.48227550813921,7.));
#14322=CARTESIAN_POINT('',(-2.5,53.2411377540696,7.));
#14323=CARTESIAN_POINT('Origin',(167.5,6.48227550813921,7.));
#14324=CARTESIAN_POINT('',(167.5,6.48227550813921,7.));
#14325=CARTESIAN_POINT('',(167.5,4.24113775406961,7.));
#14326=CARTESIAN_POINT('',(167.5,6.48227550813921,7.));
#14327=CARTESIAN_POINT('Origin',(167.5,15.5177211847589,33.));
#14328=CARTESIAN_POINT('',(-2.5,57.7588605923795,33.));
#14329=CARTESIAN_POINT('Origin',(167.5,17.6958035215225,33.));
#14330=CARTESIAN_POINT('',(167.5,17.6958035215225,33.));
#14331=CARTESIAN_POINT('',(167.5,10.4647801652824,16.2339467973096));
#14332=CARTESIAN_POINT('',(167.5,17.6958035215225,33.));
#14333=CARTESIAN_POINT('Origin',(167.5,15.5177211847589,33.));
#14334=CARTESIAN_POINT('',(167.5,15.5177211847589,33.));
#14335=CARTESIAN_POINT('',(167.5,8.75886059237947,33.));
#14336=CARTESIAN_POINT('',(167.5,15.5177211847589,33.));
#14337=CARTESIAN_POINT('Origin',(167.5,5.99999834644909,10.9319413568404));
#14338=CARTESIAN_POINT('',(167.5,3.69863864515702,5.59594432163608));
#14339=CARTESIAN_POINT('Origin',(1.99999999999999,100.,0.));
#14340=CARTESIAN_POINT('Origin',(82.5000000000006,51.0000000000005,40.));
#14341=CARTESIAN_POINT('',(-2.5,1.99999999999999,40.));
#14342=CARTESIAN_POINT('',(2.,-2.5,40.));
#14343=CARTESIAN_POINT('Origin',(2.,2.,40.));
#14344=CARTESIAN_POINT('',(163.,-2.5,40.));
#14345=CARTESIAN_POINT('',(2.,-2.5,40.));
#14346=CARTESIAN_POINT('',(167.5,2.00000000000001,40.));
#14347=CARTESIAN_POINT('Origin',(163.,1.99999999999999,40.));
#14348=CARTESIAN_POINT('',(167.5,99.9999966928982,40.));
#14349=CARTESIAN_POINT('',(167.5,2.00000000000001,40.));
#14350=CARTESIAN_POINT('',(163.000001252561,104.5,40.));
#14351=CARTESIAN_POINT('Origin',(163.,100.,40.));
#14352=CARTESIAN_POINT('',(2.00000000000003,104.5,40.));
#14353=CARTESIAN_POINT('',(163.000001252561,104.5,40.));
#14354=CARTESIAN_POINT('',(-2.50000000000001,100.,40.));
#14355=CARTESIAN_POINT('Origin',(1.99999999999999,100.,40.));
#14356=CARTESIAN_POINT('',(-2.50000000000001,100.,40.));
#14357=CARTESIAN_POINT('Origin',(-12.,75.0000011175871,15.));
#14358=CARTESIAN_POINT('',(-11.5,79.9999985826603,15.0050348050196));
#14359=CARTESIAN_POINT('',(-12.5,80.9999985615358,15.0055382857361));
#14360=CARTESIAN_POINT('Ctrl Pts',(-11.5,79.9999985826603,15.0050348050196));
#14361=CARTESIAN_POINT('Ctrl Pts',(-11.8333333333333,80.3333318878278,15.0052306030579));
#14362=CARTESIAN_POINT('Ctrl Pts',(-12.1666666666667,80.6666652152932,15.0053984299644));
#14363=CARTESIAN_POINT('Ctrl Pts',(-12.5,80.9999985615358,15.0055382857361));
#14364=CARTESIAN_POINT('',(-12.5,69.0000041594993,15.0060417660235));
#14365=CARTESIAN_POINT('Origin',(-12.5,75.0000011175871,15.));
#14366=CARTESIAN_POINT('',(-11.5,70.0000036525139,15.0050348050196));
#14367=CARTESIAN_POINT('',(-12.5,69.0000041594993,15.0060417660235));
#14368=CARTESIAN_POINT('Origin',(-11.5,75.0000011175871,15.));
#14369=CARTESIAN_POINT('Origin',(-12.,80.4999985826603,15.0025174025098));
#14370=CARTESIAN_POINT('',(-11.5,79.9999985826603,23.));
#14371=CARTESIAN_POINT('',(-11.5,79.9999985826603,15.0025174025098));
#14372=CARTESIAN_POINT('',(-12.5,80.9999985826603,23.));
#14373=CARTESIAN_POINT('',(-3.25000063373168,71.749999216392,23.));
#14374=CARTESIAN_POINT('',(-12.5,80.9999985826603,15.0025174025098));
#14375=CARTESIAN_POINT('Origin',(-12.,69.5040292171369,19.0030208830118));
#14376=CARTESIAN_POINT('',(-12.5,69.0080537677889,23.));
#14377=CARTESIAN_POINT('',(-11.5,70.0080542747745,23.));
#14378=CARTESIAN_POINT('',(-13.2530206310499,68.2550327549683,23.));
#14379=CARTESIAN_POINT('',(-11.5,70.0040289636442,19.0025174025098));
#14380=CARTESIAN_POINT('',(-12.5,69.0040294706296,19.0035243635137));
#14381=CARTESIAN_POINT('Origin',(-12.5,79.9999985826603,15.0050348050196));
#14382=CARTESIAN_POINT('',(-2.5,79.9999998501237,15.0025174025098));
#14383=CARTESIAN_POINT('',(-12.5,79.9999985826603,15.0050348050196));
#14384=CARTESIAN_POINT('',(-2.5,79.9999985826603,23.));
#14385=CARTESIAN_POINT('',(-2.5,79.9999985826603,15.0050348050196));
#14386=CARTESIAN_POINT('',(-12.5,79.9999985826603,23.));
#14387=CARTESIAN_POINT('Origin',(-2.5,75.0000011175871,15.));
#14388=CARTESIAN_POINT('',(-2.5,70.0000036525139,15.0050348050196));
#14389=CARTESIAN_POINT('',(-12.5,70.0000036525139,15.0050348050196));
#14390=CARTESIAN_POINT('Origin',(-2.5,75.0000011175871,15.));
#14391=CARTESIAN_POINT('',(-3.49999996647238,79.9743606275028,14.494285192909));
#14392=CARTESIAN_POINT('',(-3.49999996646997,70.0256416076714,14.494285192909));
#14393=CARTESIAN_POINT('Origin',(-3.49999996647603,75.0000011175871,15.));
#14394=CARTESIAN_POINT('',(-4.49999996647239,70.0256416076714,14.494285192909));
#14395=CARTESIAN_POINT('',(-2.5,70.0256416076714,14.494285192909));
#14396=CARTESIAN_POINT('',(-4.49999996647481,79.9743606275028,14.494285192909));
#14397=CARTESIAN_POINT('Origin',(-4.49999996646875,75.0000011175871,15.));
#14398=CARTESIAN_POINT('',(-2.5,79.9743606275028,14.494285192909));
#14399=CARTESIAN_POINT('',(-8.49999979883432,79.9743606275028,14.494285192909));
#14400=CARTESIAN_POINT('',(-8.4999997988319,70.0256416076714,14.494285192909));
#14401=CARTESIAN_POINT('Origin',(-8.49999979883796,75.0000011175871,15.));
#14402=CARTESIAN_POINT('',(-9.49999979883433,70.0256416076714,14.494285192909));
#14403=CARTESIAN_POINT('',(-2.5,70.0256416076714,14.494285192909));
#14404=CARTESIAN_POINT('',(-9.49999979883675,79.9743606275028,14.494285192909));
#14405=CARTESIAN_POINT('Origin',(-9.49999979883069,75.0000011175871,15.));
#14406=CARTESIAN_POINT('',(-2.5,79.9743606275028,14.494285192909));
#14407=CARTESIAN_POINT('Origin',(-12.5,70.0080542747745,23.));
#14408=CARTESIAN_POINT('',(-2.5,70.0080542747745,23.));
#14409=CARTESIAN_POINT('',(-12.5,70.0080542747745,23.));
#14410=CARTESIAN_POINT('',(-2.5,70.0000036525139,15.0050348050196));
#14411=CARTESIAN_POINT('Origin',(-2.5,55.0000011175871,23.));
#14412=CARTESIAN_POINT('',(-12.5,95.0000011175871,23.));
#14413=CARTESIAN_POINT('',(-2.50000000000001,95.0000011175871,23.));
#14414=CARTESIAN_POINT('',(-5.00000000000001,61.2500011175871,23.));
#14415=CARTESIAN_POINT('Origin',(-7.50000000000001,61.2500011175871,23.));
#14416=CARTESIAN_POINT('Origin',(-7.50000000000001,61.2500011175871,22.75));
#14417=CARTESIAN_POINT('',(-5.50000000000001,61.2500011175871,22.5));
#14418=CARTESIAN_POINT('',(-5.25000000000001,61.2500011175871,22.75));
#14419=CARTESIAN_POINT('',(-9.50000000000001,61.2500011175871,22.5));
#14420=CARTESIAN_POINT('Origin',(-7.50000000000001,61.2500011175871,22.5));
#14421=CARTESIAN_POINT('Origin',(-7.50000000000001,61.2500011175871,22.5));
#14422=CARTESIAN_POINT('Origin',(-7.50000000000001,61.2500011175871,13.));
#14423=CARTESIAN_POINT('',(-9.50000000000001,61.2500011175871,13.));
#14424=CARTESIAN_POINT('Origin',(-7.5,88.7500011175871,22.75));
#14425=CARTESIAN_POINT('',(-5.,88.7500011175871,23.));
#14426=CARTESIAN_POINT('Origin',(-7.5,88.7500011175871,23.));
#14427=CARTESIAN_POINT('',(-5.50000000000001,88.7500011175871,22.5));
#14428=CARTESIAN_POINT('',(-5.25,88.7500011175871,22.75));
#14429=CARTESIAN_POINT('',(-9.5,88.7500011175871,22.5));
#14430=CARTESIAN_POINT('Origin',(-7.5,88.7500011175871,22.5));
#14431=CARTESIAN_POINT('Origin',(-7.5,88.7500011175871,22.5));
#14432=CARTESIAN_POINT('Origin',(-7.5,88.7500011175871,13.));
#14433=CARTESIAN_POINT('',(-9.5,88.7500011175871,13.));
#14434=CARTESIAN_POINT('Origin',(-2.5,55.0000011175871,23.));
#14435=CARTESIAN_POINT('',(-2.50000000000001,95.0000011175871,23.));
#14436=CARTESIAN_POINT('',(-12.5,95.0000011175871,23.));
#14437=CARTESIAN_POINT('Origin',(-9.24999979883311,65.0000011175871,13.75));
#14438=CARTESIAN_POINT('',(-8.99999979883418,79.3989806031534,14.));
#14439=CARTESIAN_POINT('',(-9.49999979883646,78.8169481726824,13.5));
#14440=CARTESIAN_POINT('',(-10.5170148841404,77.6330766488317,12.4829849146958));
#14441=CARTESIAN_POINT('',(-9.49999979883461,71.1830540624918,13.5));
#14442=CARTESIAN_POINT('',(-9.49999979883311,65.000001117587,13.5));
#14443=CARTESIAN_POINT('',(-8.99999979883204,70.6010216320207,14.));
#14444=CARTESIAN_POINT('',(-7.04742157955718,68.3280939387198,15.9525782192767));
#14445=CARTESIAN_POINT('',(-8.99999979883554,85.000001117587,14.));
#14446=CARTESIAN_POINT('Origin',(-9.49999979883069,55.0000011175871,14.));
#14447=CARTESIAN_POINT('',(-9.49999979883335,65.9689188441981,17.9792480155048));
#14448=CARTESIAN_POINT('',(-9.49999979883494,72.5234829039881,8.09354415732383));
#14449=CARTESIAN_POINT('Origin',(-8.74999979883554,85.0000011175871,13.75));
#14450=CARTESIAN_POINT('',(-8.49999979883218,71.1830540624918,13.5));
#14451=CARTESIAN_POINT('',(-5.54560505896555,74.6221611645236,10.5456052601325));
#14452=CARTESIAN_POINT('',(-8.49999979883404,78.8169481726824,13.5));
#14453=CARTESIAN_POINT('',(-8.49999979883554,85.0000011175871,13.5));
#14454=CARTESIAN_POINT('',(-9.01519836354723,79.4166727182727,14.015198564713));
#14455=CARTESIAN_POINT('Origin',(-8.49999979883796,95.0000011175871,14.));
#14456=CARTESIAN_POINT('',(-8.4999997988353,84.0310833909751,17.979248015504));
#14457=CARTESIAN_POINT('',(-8.49999979883371,77.4765193311852,8.09354415732461));
#14458=CARTESIAN_POINT('Origin',(-4.24999996647117,65.0000011175871,13.75));
#14459=CARTESIAN_POINT('',(-3.99999996647224,79.3989806031534,14.));
#14460=CARTESIAN_POINT('',(-4.49999996647453,78.8169481726824,13.5));
#14461=CARTESIAN_POINT('',(-6.26216107084235,76.7656783517683,11.7378388956317));
#14462=CARTESIAN_POINT('',(-4.49999996647267,71.1830540624918,13.5));
#14463=CARTESIAN_POINT('',(-4.49999996647117,65.000001117587,13.5));
#14464=CARTESIAN_POINT('',(-3.99999996647011,70.6010216320207,14.));
#14465=CARTESIAN_POINT('',(-2.79256776625972,69.1954922357834,15.2074322002125));
#14466=CARTESIAN_POINT('',(-3.9999999664736,85.000001117587,14.));
#14467=CARTESIAN_POINT('Origin',(-4.49999996646875,55.0000011175871,14.));
#14468=CARTESIAN_POINT('',(-4.49999996647141,65.9689188441985,17.9792480155045));
#14469=CARTESIAN_POINT('',(-4.499999966473,72.5234829039884,8.09354415732413));
#14470=CARTESIAN_POINT('Origin',(-3.7499999664736,85.0000011175871,13.75));
#14471=CARTESIAN_POINT('',(-3.49999996647025,71.1830540624918,13.5));
#14472=CARTESIAN_POINT('',(-1.2907512456675,73.7547628674602,11.2907512791966));
#14473=CARTESIAN_POINT('',(-3.4999999664721,78.8169481726824,13.5));
#14474=CARTESIAN_POINT('',(-3.4999999664736,85.0000011175871,13.5));
#14475=CARTESIAN_POINT('',(-4.76034455024977,80.2840710153363,14.7603445837773));
#14476=CARTESIAN_POINT('Origin',(-3.49999996647603,95.0000011175871,14.));
#14477=CARTESIAN_POINT('',(-3.49999996647337,84.0310833909755,17.9792480155043));
#14478=CARTESIAN_POINT('',(-3.49999996647178,77.4765193311856,8.09354415732431));
#14479=CARTESIAN_POINT('Origin',(-2.5,79.6866706153281,14.2471425964545));
#14480=CARTESIAN_POINT('Origin',(-2.5,70.3133316198461,14.2471425964545));
#14481=CARTESIAN_POINT('Origin',(-2.5,79.6866706153281,14.2471425964545));
#14482=CARTESIAN_POINT('Origin',(-2.5,70.3133316198461,14.2471425964545));
#14483=CARTESIAN_POINT('Origin',(-12.5,75.0000011175871,15.));
#14484=CARTESIAN_POINT('Origin',(113.,8.79999984353781,5.89999986812472));
#14485=CARTESIAN_POINT('',(108.,8.79999984353781,4.));
#14486=CARTESIAN_POINT('',(113.,8.79999984353781,4.));
#14487=CARTESIAN_POINT('',(123.,8.79999984353781,4.));
#14488=CARTESIAN_POINT('',(108.,8.79999980330467,5.89999986812472));
#14489=CARTESIAN_POINT('',(108.,8.79999984353781,0.));
#14490=CARTESIAN_POINT('',(113.,8.79999980330467,5.89999986812472));
#14491=CARTESIAN_POINT('',(113.,8.79999980330467,5.89999986812472));
#14492=CARTESIAN_POINT('',(113.,8.79999984353781,0.));
#14493=CARTESIAN_POINT('Origin',(113.,9.79999980330467,5.89999986812472));
#14494=CARTESIAN_POINT('',(113.,9.79999980330467,5.89999986812472));
#14495=CARTESIAN_POINT('',(113.,8.79999980330467,5.89999986812472));
#14496=CARTESIAN_POINT('',(108.,9.79999980330467,5.89999986812472));
#14497=CARTESIAN_POINT('',(108.,8.79999980330467,5.89999986812472));
#14498=CARTESIAN_POINT('',(113.,9.79999980330467,5.89999986812472));
#14499=CARTESIAN_POINT('Origin',(113.,8.79999984353781,8.));
#14500=CARTESIAN_POINT('',(113.,8.79999984353781,8.));
#14501=CARTESIAN_POINT('',(113.,9.79999980330467,5.89999986812472));
#14502=CARTESIAN_POINT('',(108.,8.79999984353781,8.));
#14503=CARTESIAN_POINT('',(108.,9.79999980330467,5.89999986812472));
#14504=CARTESIAN_POINT('',(113.,8.79999984353781,8.));
#14505=CARTESIAN_POINT('Origin',(113.,6.99999984353781,8.));
#14506=CARTESIAN_POINT('',(113.,8.79999984353781,8.));
#14507=CARTESIAN_POINT('',(108.,8.79999984353781,8.));
#14508=CARTESIAN_POINT('Origin',(113.,8.39999982342124,4.));
#14509=CARTESIAN_POINT('',(113.,8.69999991171062,4.));
#14510=CARTESIAN_POINT('Origin',(133.,9.,4.));
#14511=CARTESIAN_POINT('',(153.,8.79999984353781,4.));
#14512=CARTESIAN_POINT('',(153.,8.69999991171062,4.));
#14513=CARTESIAN_POINT('',(145.5,8.79999984353781,4.));
#14514=CARTESIAN_POINT('',(108.,11.,4.));
#14515=CARTESIAN_POINT('',(158.,11.,4.));
#14516=CARTESIAN_POINT('',(108.,11.,4.));
#14517=CARTESIAN_POINT('Origin',(158.,8.79999984353781,5.89999986812472));
#14518=CARTESIAN_POINT('',(153.,8.79999980330467,5.89999986812472));
#14519=CARTESIAN_POINT('',(153.,8.79999984353781,0.));
#14520=CARTESIAN_POINT('',(158.,8.79999980330467,5.89999986812472));
#14521=CARTESIAN_POINT('Origin',(153.,8.39999982342124,4.));
#14522=CARTESIAN_POINT('',(153.,8.79999984353781,8.));
#14523=CARTESIAN_POINT('',(153.,8.79999984353781,8.));
#14524=CARTESIAN_POINT('',(153.,9.79999980330467,5.89999986812472));
#14525=CARTESIAN_POINT('',(153.,9.79999980330467,5.89999986812472));
#14526=CARTESIAN_POINT('',(153.,8.79999980330467,5.89999986812472));
#14527=CARTESIAN_POINT('Origin',(158.,9.79999980330467,5.89999986812472));
#14528=CARTESIAN_POINT('',(158.,9.79999980330467,5.89999986812472));
#14529=CARTESIAN_POINT('Origin',(158.,8.79999984353781,8.));
#14530=CARTESIAN_POINT('',(158.,8.79999984353781,8.));
#14531=CARTESIAN_POINT('Origin',(158.,6.99999984353781,8.));
#14532=CARTESIAN_POINT('Origin',(108.,93.,0.));
#14533=CARTESIAN_POINT('',(108.,93.,4.));
#14534=CARTESIAN_POINT('',(108.,91.0000013560057,4.));
#14535=CARTESIAN_POINT('',(108.,93.,0.));
#14536=CARTESIAN_POINT('Origin',(116.000001728535,93.,0.));
#14537=CARTESIAN_POINT('',(163.,93.,4.));
#14538=CARTESIAN_POINT('Origin',(112.000000864267,92.0000006780028,4.));
#14539=CARTESIAN_POINT('Origin',(158.,93.,0.));
#14540=CARTESIAN_POINT('',(158.,93.,4.));
#14541=CARTESIAN_POINT('',(163.,93.,4.));
#14542=CARTESIAN_POINT('',(158.,93.,0.));
#14543=CARTESIAN_POINT('Origin',(158.,91.0000013560057,0.));
#14544=CARTESIAN_POINT('',(158.,91.0000013560057,4.));
#14545=CARTESIAN_POINT('Origin',(154.000001117587,92.0000006780028,4.));
#14546=CARTESIAN_POINT('Origin',(133.,93.1000014156103,10.));
#14547=CARTESIAN_POINT('',(138.,92.1000014156103,5.9));
#14548=CARTESIAN_POINT('',(133.,92.1000014156103,5.9));
#14549=CARTESIAN_POINT('',(138.,93.1000014156103,10.));
#14550=CARTESIAN_POINT('',(138.,92.1000014156103,5.9));
#14551=CARTESIAN_POINT('',(133.,93.1000014156103,10.));
#14552=CARTESIAN_POINT('Origin',(133.,95.0000014156103,10.));
#14553=CARTESIAN_POINT('',(138.,93.1000014156103,10.));
#14554=CARTESIAN_POINT('Origin',(133.,93.1000014156103,5.9));
#14555=CARTESIAN_POINT('',(138.,93.1000014156103,5.9));
#14556=CARTESIAN_POINT('',(138.,93.1000014156103,0.));
#14557=CARTESIAN_POINT('',(133.,93.1000014156103,5.9));
#14558=CARTESIAN_POINT('Origin',(133.,92.1000014156103,5.9));
#14559=CARTESIAN_POINT('',(138.,93.1000014156103,5.9));
#14560=CARTESIAN_POINT('Origin',(138.,93.5500014156103,5.));
#14561=CARTESIAN_POINT('Origin',(94.25,7.,3.75));
#14562=CARTESIAN_POINT('',(91.65,7.,4.));
#14563=CARTESIAN_POINT('Origin',(94.25,7.,4.));
#14564=CARTESIAN_POINT('',(92.15,7.,3.5));
#14565=CARTESIAN_POINT('',(91.9,7.,3.75));
#14566=CARTESIAN_POINT('Origin',(94.25,7.,3.5));
#14567=CARTESIAN_POINT('Origin',(94.25,7.,0.));
#14568=CARTESIAN_POINT('',(92.15,7.,0.));
#14569=CARTESIAN_POINT('',(92.15,7.,0.));
#14570=CARTESIAN_POINT('Origin',(94.25,7.,0.));
#14571=CARTESIAN_POINT('Origin',(94.25,7.,4.));
#14572=CARTESIAN_POINT('Origin',(95.25,95.,3.75));
#14573=CARTESIAN_POINT('',(92.65,95.,4.));
#14574=CARTESIAN_POINT('Origin',(95.25,95.,4.));
#14575=CARTESIAN_POINT('',(93.15,95.,3.5));
#14576=CARTESIAN_POINT('',(92.9,95.,3.75));
#14577=CARTESIAN_POINT('Origin',(95.25,95.,3.5));
#14578=CARTESIAN_POINT('Origin',(95.25,95.,0.));
#14579=CARTESIAN_POINT('',(93.15,95.,0.));
#14580=CARTESIAN_POINT('',(93.15,95.,0.));
#14581=CARTESIAN_POINT('Origin',(95.25,95.,0.));
#14582=CARTESIAN_POINT('Origin',(95.25,95.,4.));
#14583=CARTESIAN_POINT('Origin',(6.24999999999999,95.,3.75));
#14584=CARTESIAN_POINT('',(3.64999999999999,95.,4.));
#14585=CARTESIAN_POINT('Origin',(6.24999999999999,95.,4.));
#14586=CARTESIAN_POINT('',(4.14999999999999,95.,3.5));
#14587=CARTESIAN_POINT('',(3.89999999999999,95.,3.75));
#14588=CARTESIAN_POINT('Origin',(6.24999999999999,95.,3.5));
#14589=CARTESIAN_POINT('Origin',(6.24999999999999,95.,0.));
#14590=CARTESIAN_POINT('',(4.14999999999999,95.,0.));
#14591=CARTESIAN_POINT('',(4.14999999999999,95.,0.));
#14592=CARTESIAN_POINT('Origin',(6.24999999999999,95.,0.));
#14593=CARTESIAN_POINT('Origin',(6.24999999999999,95.,4.));
#14594=CARTESIAN_POINT('Origin',(82.5000000000006,51.0000000000005,0.));
#14595=CARTESIAN_POINT('Origin',(82.5000000000006,51.0000000000005,0.));
#14596=CARTESIAN_POINT('Origin',(163.,-2.5,0.));
#14597=CARTESIAN_POINT('',(2.,-2.5,-1.5));
#14598=CARTESIAN_POINT('',(2.,-2.5,0.));
#14599=CARTESIAN_POINT('',(163.,-2.5,-1.5));
#14600=CARTESIAN_POINT('',(2.,-2.5,-1.5));
#14601=CARTESIAN_POINT('',(163.,-2.5,0.));
#14602=CARTESIAN_POINT('Origin',(163.,1.99999999999999,0.));
#14603=CARTESIAN_POINT('',(167.5,2.00000000000001,-1.5));
#14604=CARTESIAN_POINT('Origin',(163.,1.99999999999999,-1.5));
#14605=CARTESIAN_POINT('',(167.5,2.00000000000001,0.));
#14606=CARTESIAN_POINT('Origin',(167.5,99.9999966928982,0.));
#14607=CARTESIAN_POINT('',(167.5,99.9999966928982,-1.5));
#14608=CARTESIAN_POINT('',(167.5,2.00000000000001,-1.5));
#14609=CARTESIAN_POINT('',(167.5,99.9999966928982,0.));
#14610=CARTESIAN_POINT('Origin',(163.,100.,0.));
#14611=CARTESIAN_POINT('',(163.000001252561,104.5,-1.5));
#14612=CARTESIAN_POINT('Origin',(163.,100.,-1.5));
#14613=CARTESIAN_POINT('',(163.000001252561,104.5,0.));
#14614=CARTESIAN_POINT('Origin',(2.00000000000003,104.5,0.));
#14615=CARTESIAN_POINT('',(2.00000000000003,104.5,-1.5));
#14616=CARTESIAN_POINT('',(163.000001252561,104.5,-1.5));
#14617=CARTESIAN_POINT('',(2.00000000000003,104.5,0.));
#14618=CARTESIAN_POINT('Origin',(1.99999999999999,100.,0.));
#14619=CARTESIAN_POINT('',(-2.50000000000001,100.,-1.5));
#14620=CARTESIAN_POINT('Origin',(1.99999999999999,100.,-1.5));
#14621=CARTESIAN_POINT('',(-2.50000000000001,100.,0.));
#14622=CARTESIAN_POINT('Origin',(-2.5,1.99999999999999,0.));
#14623=CARTESIAN_POINT('',(-2.5,1.99999999999999,-1.5));
#14624=CARTESIAN_POINT('',(-2.50000000000001,100.,-1.5));
#14625=CARTESIAN_POINT('',(-2.5,1.99999999999999,0.));
#14626=CARTESIAN_POINT('Origin',(2.,2.,0.));
#14627=CARTESIAN_POINT('Origin',(2.,2.,-1.5));
#14628=CARTESIAN_POINT('Origin',(82.5000000000006,51.0000000000005,0.));
#14629=CARTESIAN_POINT('Origin',(82.5000000000006,51.0000000000005,-1.5));
#14630=CARTESIAN_POINT('Origin',(158.,11.,0.));
#14631=CARTESIAN_POINT('',(108.,11.,0.));
#14632=CARTESIAN_POINT('Origin',(108.,11.,0.));
#14633=CARTESIAN_POINT('Ctrl Pts',(162.8,99.8000000000001,40.));
#14634=CARTESIAN_POINT('Ctrl Pts',(163.024399475256,99.8448798950513,40.));
#14635=CARTESIAN_POINT('Ctrl Pts',(163.39699883206,99.9193997664121,39.8687882298428));
#14636=CARTESIAN_POINT('Ctrl Pts',(163.73154714764,99.9863094295281,39.4482267485702));
#14637=CARTESIAN_POINT('Ctrl Pts',(163.8,100.,39.1495996501709));
#14638=CARTESIAN_POINT('Ctrl Pts',(163.8,100.,39.));
#14639=CARTESIAN_POINT('Ctrl Pts',(162.8,99.8000000000001,40.));
#14640=CARTESIAN_POINT('Ctrl Pts',(162.990205269503,99.8790741008047,40.));
#14641=CARTESIAN_POINT('Ctrl Pts',(163.306425395946,100.009604866671,39.9167471917541));
#14642=CARTESIAN_POINT('Ctrl Pts',(163.690866585885,100.183178581188,39.5472740405982));
#14643=CARTESIAN_POINT('Ctrl Pts',(163.8,100.239359440274,39.1859453649709));
#14644=CARTESIAN_POINT('Ctrl Pts',(163.8,100.239359440274,39.));
#14645=CARTESIAN_POINT('Ctrl Pts',(162.8,99.8000000000001,40.));
#14646=CARTESIAN_POINT('Ctrl Pts',(162.930365409435,99.9389139608731,40.));
#14647=CARTESIAN_POINT('Ctrl Pts',(163.146884336641,100.169923014443,39.9517808232669));
#14648=CARTESIAN_POINT('Ctrl Pts',(163.479477652754,100.52664335442,39.6301507516273));
#14649=CARTESIAN_POINT('Ctrl Pts',(163.598943455143,100.653576124237,39.2171709642671));
#14650=CARTESIAN_POINT('Ctrl Pts',(163.598943455143,100.653576124237,39.));
#14651=CARTESIAN_POINT('Ctrl Pts',(162.8,99.8000000000001,40.));
#14652=CARTESIAN_POINT('Ctrl Pts',(162.870525549366,99.9987538209415,40.));
#14653=CARTESIAN_POINT('Ctrl Pts',(162.987790100867,100.329885005831,39.9048809312627));
#14654=CARTESIAN_POINT('Ctrl Pts',(163.134197419196,100.701291684528,39.5217864292147));
#14655=CARTESIAN_POINT('Ctrl Pts',(163.179519580205,100.8,39.1764980496636));
#14656=CARTESIAN_POINT('Ctrl Pts',(163.179519580205,100.8,39.));
#14657=CARTESIAN_POINT('Ctrl Pts',(162.8,99.8000000000001,40.));
#14658=CARTESIAN_POINT('Ctrl Pts',(162.844879895051,100.024399475257,40.));
#14659=CARTESIAN_POINT('Ctrl Pts',(162.919399766412,100.39699883206,39.8687882298428));
#14660=CARTESIAN_POINT('Ctrl Pts',(162.986309429528,100.73154714764,39.4482267485702));
#14661=CARTESIAN_POINT('Ctrl Pts',(163.,100.8,39.149599650171));
#14662=CARTESIAN_POINT('Ctrl Pts',(163.,100.8,39.));
#14663=CARTESIAN_POINT('',(163.,100.8,39.));
#14664=CARTESIAN_POINT('',(163.8,100.,39.));
#14665=CARTESIAN_POINT('Origin',(163.,100.,39.));
#14666=CARTESIAN_POINT('',(162.8,99.8000000000001,40.));
#14667=CARTESIAN_POINT('Origin',(162.8,99.8000000000001,39.));
#14668=CARTESIAN_POINT('Origin',(162.8,99.8000000000001,39.));
#14669=CARTESIAN_POINT('Ctrl Pts',(162.8,2.20000000000004,40.));
#14670=CARTESIAN_POINT('Ctrl Pts',(162.844879895051,1.97560052474362,40.));
#14671=CARTESIAN_POINT('Ctrl Pts',(162.919401482888,1.6029925855621,39.868808460815));
#14672=CARTESIAN_POINT('Ctrl Pts',(162.986310654103,1.26844672948356,39.4482367730599));
#14673=CARTESIAN_POINT('Ctrl Pts',(163.,1.2,39.1495996501709));
#14674=CARTESIAN_POINT('Ctrl Pts',(163.,1.2,39.));
#14675=CARTESIAN_POINT('Ctrl Pts',(162.8,2.20000000000005,40.));
#14676=CARTESIAN_POINT('Ctrl Pts',(162.879074100805,2.00979473049699,40.));
#14677=CARTESIAN_POINT('Ctrl Pts',(163.009651376911,1.69349094837834,39.9167449764541));
#14678=CARTESIAN_POINT('Ctrl Pts',(163.183213526146,1.30907228573413,39.5472749742349));
#14679=CARTESIAN_POINT('Ctrl Pts',(163.239359440274,1.2,39.1859453649709));
#14680=CARTESIAN_POINT('Ctrl Pts',(163.239359440274,1.2,39.));
#14681=CARTESIAN_POINT('Ctrl Pts',(162.8,2.20000000000007,40.));
#14682=CARTESIAN_POINT('Ctrl Pts',(162.938913960873,2.06963459056539,40.));
#14683=CARTESIAN_POINT('Ctrl Pts',(163.169982498235,1.85306533099167,39.951814148459));
#14684=CARTESIAN_POINT('Ctrl Pts',(163.526702828541,1.5204700044728,39.6302169830599));
#14685=CARTESIAN_POINT('Ctrl Pts',(163.65359066094,1.40104442951366,39.2171709642671));
#14686=CARTESIAN_POINT('Ctrl Pts',(163.65359066094,1.40104442951366,39.));
#14687=CARTESIAN_POINT('Ctrl Pts',(162.8,2.20000000000009,40.));
#14688=CARTESIAN_POINT('Ctrl Pts',(162.998753820942,2.12947445063378,40.));
#14689=CARTESIAN_POINT('Ctrl Pts',(163.32992223967,2.0121996511218,39.9048947692674));
#14690=CARTESIAN_POINT('Ctrl Pts',(163.70132328021,1.86579043913583,39.5218072341761));
#14691=CARTESIAN_POINT('Ctrl Pts',(163.8,1.82048041979487,39.1764980496636));
#14692=CARTESIAN_POINT('Ctrl Pts',(163.8,1.82048041979487,39.));
#14693=CARTESIAN_POINT('Ctrl Pts',(162.8,2.2000000000001,40.));
#14694=CARTESIAN_POINT('Ctrl Pts',(163.024399475257,2.15512010494881,40.));
#14695=CARTESIAN_POINT('Ctrl Pts',(163.397007414438,2.08059851711248,39.8688084608149));
#14696=CARTESIAN_POINT('Ctrl Pts',(163.731553270517,2.01368934589673,39.4482367730599));
#14697=CARTESIAN_POINT('Ctrl Pts',(163.8,2.,39.1495996501709));
#14698=CARTESIAN_POINT('Ctrl Pts',(163.8,2.,39.));
#14699=CARTESIAN_POINT('',(163.8,2.,39.));
#14700=CARTESIAN_POINT('',(163.,1.2,39.));
#14701=CARTESIAN_POINT('Origin',(163.,2.,39.));
#14702=CARTESIAN_POINT('',(162.8,2.20000000000004,40.));
#14703=CARTESIAN_POINT('Origin',(162.8,2.2,39.));
#14704=CARTESIAN_POINT('Origin',(162.8,2.2,39.));
#14705=CARTESIAN_POINT('Ctrl Pts',(2.20000000000001,2.19999999999999,40.));
#14706=CARTESIAN_POINT('Ctrl Pts',(1.97560052474359,2.15512010494871,40.));
#14707=CARTESIAN_POINT('Ctrl Pts',(1.60292968134625,2.08058593626924,39.8689636307065));
#14708=CARTESIAN_POINT('Ctrl Pts',(1.26840091728064,2.01368018345612,39.4483052388857));
#14709=CARTESIAN_POINT('Ctrl Pts',(1.19999999999999,1.99999999999999,39.1495996501709));
#14710=CARTESIAN_POINT('Ctrl Pts',(1.19999999999999,1.99999999999999,39.));
#14711=CARTESIAN_POINT('Ctrl Pts',(2.20000000000001,2.19999999999999,40.));
#14712=CARTESIAN_POINT('Ctrl Pts',(2.00979473049695,2.12092589919535,40.));
#14713=CARTESIAN_POINT('Ctrl Pts',(1.6928800569348,1.99001048300403,39.9167248117902));
#14714=CARTESIAN_POINT('Ctrl Pts',(1.30861276959007,1.81652239548413,39.5472856885474));
#14715=CARTESIAN_POINT('Ctrl Pts',(1.19999999999999,1.76064055972649,39.1859453649709));
#14716=CARTESIAN_POINT('Ctrl Pts',(1.19999999999999,1.76064055972649,39.));
#14717=CARTESIAN_POINT('Ctrl Pts',(2.20000000000001,2.19999999999999,40.));
#14718=CARTESIAN_POINT('Ctrl Pts',(2.06963459056533,2.06108603912697,40.));
#14719=CARTESIAN_POINT('Ctrl Pts',(1.8527251749486,1.82961171510706,39.9520020152209));
#14720=CARTESIAN_POINT('Ctrl Pts',(1.52005530768157,1.47282829712963,39.630794483818));
#14721=CARTESIAN_POINT('Ctrl Pts',(1.40093186874862,1.34627428201664,39.2171709642671));
#14722=CARTESIAN_POINT('Ctrl Pts',(1.40093186874862,1.34627428201664,39.));
#14723=CARTESIAN_POINT('Ctrl Pts',(2.20000000000001,2.19999999999998,40.));
#14724=CARTESIAN_POINT('Ctrl Pts',(2.12947445063371,2.00124617905859,40.));
#14725=CARTESIAN_POINT('Ctrl Pts',(2.01213208528626,1.66981271795031,39.9049791146266));
#14726=CARTESIAN_POINT('Ctrl Pts',(1.86569242926134,1.29843285320846,39.5219791142089));
#14727=CARTESIAN_POINT('Ctrl Pts',(1.82048041979486,1.2,39.1764980496636));
#14728=CARTESIAN_POINT('Ctrl Pts',(1.82048041979486,1.2,39.));
#14729=CARTESIAN_POINT('Ctrl Pts',(2.20000000000001,2.19999999999998,40.));
#14730=CARTESIAN_POINT('Ctrl Pts',(2.15512010494872,1.97560052474357,40.));
#14731=CARTESIAN_POINT('Ctrl Pts',(2.08058593626925,1.60292968134623,39.8689636307065));
#14732=CARTESIAN_POINT('Ctrl Pts',(2.01368018345612,1.26840091728064,39.4483052388857));
#14733=CARTESIAN_POINT('Ctrl Pts',(1.99999999999999,1.2,39.1495996501709));
#14734=CARTESIAN_POINT('Ctrl Pts',(1.99999999999999,1.2,39.));
#14735=CARTESIAN_POINT('',(1.99999999999999,1.2,39.));
#14736=CARTESIAN_POINT('',(1.19999999999999,1.99999999999999,39.));
#14737=CARTESIAN_POINT('Origin',(1.99999999999999,2.,39.));
#14738=CARTESIAN_POINT('',(2.20000000000001,2.19999999999999,40.));
#14739=CARTESIAN_POINT('Origin',(2.19999999999999,2.19999999999999,39.));
#14740=CARTESIAN_POINT('Origin',(2.19999999999999,2.2,39.));
#14741=CARTESIAN_POINT('Ctrl Pts',(2.19999999999999,99.8000000000001,40.));
#14742=CARTESIAN_POINT('Ctrl Pts',(2.15512010494871,100.024399475256,40.));
#14743=CARTESIAN_POINT('Ctrl Pts',(2.08059638503691,100.397018074816,39.8688338362539));
#14744=CARTESIAN_POINT('Ctrl Pts',(2.01368781814323,100.731560909284,39.448249045799));
#14745=CARTESIAN_POINT('Ctrl Pts',(2.00000000000003,100.8,39.1495996501709));
#14746=CARTESIAN_POINT('Ctrl Pts',(2.00000000000003,100.8,39.));
#14747=CARTESIAN_POINT('Ctrl Pts',(2.19999999999999,99.8000000000001,40.));
#14748=CARTESIAN_POINT('Ctrl Pts',(2.12092589919535,99.9902052695031,40.));
#14749=CARTESIAN_POINT('Ctrl Pts',(1.99029095002447,100.306612881617,39.9167420844605));
#14750=CARTESIAN_POINT('Ctrl Pts',(1.81674278384958,100.691004053342,39.5472762722273));
#14751=CARTESIAN_POINT('Ctrl Pts',(1.76064055972651,100.8,39.1859453649709));
#14752=CARTESIAN_POINT('Ctrl Pts',(1.76064055972651,100.8,39.));
#14753=CARTESIAN_POINT('Ctrl Pts',(2.19999999999999,99.8000000000001,40.));
#14754=CARTESIAN_POINT('Ctrl Pts',(2.06108603912697,99.9303654094347,40.));
#14755=CARTESIAN_POINT('Ctrl Pts',(1.82994469730366,100.146996157721,39.9518536067091));
#14756=CARTESIAN_POINT('Ctrl Pts',(1.47322212749325,100.479596114691,39.6303025229846));
#14757=CARTESIAN_POINT('Ctrl Pts',(1.3463902044664,100.598971517856,39.2171709642671));
#14758=CARTESIAN_POINT('Ctrl Pts',(1.3463902044664,100.598971517856,39.));
#14759=CARTESIAN_POINT('Ctrl Pts',(2.19999999999999,99.8000000000001,40.));
#14760=CARTESIAN_POINT('Ctrl Pts',(2.0012461790586,99.8705255493664,40.));
#14761=CARTESIAN_POINT('Ctrl Pts',(1.67003179214019,99.9878128085794,39.9049113476142));
#14762=CARTESIAN_POINT('Ctrl Pts',(1.29863703507698,100.134224964487,39.5218337692514));
#14763=CARTESIAN_POINT('Ctrl Pts',(1.19999999999999,100.179519580205,39.1764980496636));
#14764=CARTESIAN_POINT('Ctrl Pts',(1.19999999999999,100.179519580205,39.));
#14765=CARTESIAN_POINT('Ctrl Pts',(2.19999999999999,99.8000000000001,40.));
#14766=CARTESIAN_POINT('Ctrl Pts',(1.97560052474358,99.8448798950513,40.));
#14767=CARTESIAN_POINT('Ctrl Pts',(1.6029819251845,99.9194036149632,39.8688338362539));
#14768=CARTESIAN_POINT('Ctrl Pts',(1.26843909071602,99.9863121818568,39.4482490457989));
#14769=CARTESIAN_POINT('Ctrl Pts',(1.19999999999999,100.,39.1495996501709));
#14770=CARTESIAN_POINT('Ctrl Pts',(1.19999999999999,100.,39.));
#14771=CARTESIAN_POINT('',(1.19999999999999,100.,39.));
#14772=CARTESIAN_POINT('',(2.00000000000003,100.8,39.));
#14773=CARTESIAN_POINT('Origin',(2.00000000000002,100.,39.));
#14774=CARTESIAN_POINT('',(2.19999999999999,99.8000000000001,40.));
#14775=CARTESIAN_POINT('Origin',(2.19999999999999,99.8000000000001,39.));
#14776=CARTESIAN_POINT('Origin',(2.19999999999999,99.8000000000001,39.));
#14777=CARTESIAN_POINT('Origin',(122.75,99.8000000000001,39.));
#14778=CARTESIAN_POINT('',(122.75,99.8000000000001,40.));
#14779=CARTESIAN_POINT('',(122.75,100.8,39.));
#14780=CARTESIAN_POINT('Origin',(2.19999999999999,51.0000000000003,39.));
#14781=CARTESIAN_POINT('',(1.19999999999999,51.0000000000003,39.));
#14782=CARTESIAN_POINT('',(2.19999999999999,51.0000000000003,40.));
#14783=CARTESIAN_POINT('Origin',(42.2500000000003,2.2,39.));
#14784=CARTESIAN_POINT('',(42.2500000000003,1.2,39.));
#14785=CARTESIAN_POINT('',(42.2500000000003,2.2,40.));
#14786=CARTESIAN_POINT('Origin',(162.8,26.5000000000003,39.));
#14787=CARTESIAN_POINT('',(163.8,26.5000000000003,39.));
#14788=CARTESIAN_POINT('',(162.8,26.5000000000003,40.));
#14789=CARTESIAN_POINT('Origin',(163.8,1.99999999999996,36.0000996848943));
#14790=CARTESIAN_POINT('',(163.799999990066,100.,36.0000996848943));
#14791=CARTESIAN_POINT('',(163.8,100.,35.));
#14792=CARTESIAN_POINT('',(163.799999990066,1.99999999999996,36.0000996848943));
#14793=CARTESIAN_POINT('',(163.799999990066,1.99999999999996,36.0000996848943));
#14794=CARTESIAN_POINT('',(163.8,1.99999999999996,35.));
#14795=CARTESIAN_POINT('Origin',(163.,100.,38.0000498424471));
#14796=CARTESIAN_POINT('',(163.,100.799999990066,36.0000996848943));
#14797=CARTESIAN_POINT('',(163.,100.8,35.));
#14798=CARTESIAN_POINT('Origin',(163.,100.,36.0000996848943));
#14799=CARTESIAN_POINT('Origin',(163.,100.8,36.0000996848943));
#14800=CARTESIAN_POINT('',(2.00000000000003,100.799999990066,36.0000996848943));
#14801=CARTESIAN_POINT('',(2.00000000000006,100.8,35.));
#14802=CARTESIAN_POINT('',(163.,100.799999990066,36.0000996848943));
#14803=CARTESIAN_POINT('Origin',(1.99999999999998,100.,38.0000498424471));
#14804=CARTESIAN_POINT('',(1.20000000993408,100.,36.0000996848943));
#14805=CARTESIAN_POINT('',(1.19999999999994,100.,35.));
#14806=CARTESIAN_POINT('Origin',(1.99999999999999,100.,36.0000996848943));
#14807=CARTESIAN_POINT('Origin',(82.5000000000006,51.0000000000005,40.));
#14808=CARTESIAN_POINT('Origin',(82.5000000000006,51.0000000000005,40.));
#14809=CARTESIAN_POINT('',(-2.5,100.,40.));
#14810=CARTESIAN_POINT('',(-2.5,1.99999999999999,40.));
#14811=CARTESIAN_POINT('',(-2.5,100.,40.));
#14812=CARTESIAN_POINT('',(2.00000000000003,104.5,40.));
#14813=CARTESIAN_POINT('Origin',(1.99999999999999,100.,40.));
#14814=CARTESIAN_POINT('',(163.000001252561,104.500000000001,40.));
#14815=CARTESIAN_POINT('',(163.000001252561,104.500000000001,40.));
#14816=CARTESIAN_POINT('',(167.5,99.9999966928982,40.));
#14817=CARTESIAN_POINT('Origin',(163.,100.,40.));
#14818=CARTESIAN_POINT('',(167.5,2.00000000000001,40.));
#14819=CARTESIAN_POINT('',(167.5,2.00000000000001,40.));
#14820=CARTESIAN_POINT('',(163.,-2.5,40.));
#14821=CARTESIAN_POINT('Origin',(163.,2.,40.));
#14822=CARTESIAN_POINT('',(2.,-2.5,40.));
#14823=CARTESIAN_POINT('',(2.,-2.5,40.));
#14824=CARTESIAN_POINT('Origin',(2.,2.,40.));
#14825=CARTESIAN_POINT('',(2.00000000000003,101.8,40.));
#14826=CARTESIAN_POINT('',(0.199999999999969,100.,40.));
#14827=CARTESIAN_POINT('Origin',(1.99999999999999,100.,40.));
#14828=CARTESIAN_POINT('',(0.199999999999997,1.99999999999999,40.));
#14829=CARTESIAN_POINT('',(0.199999999999974,100.,40.));
#14830=CARTESIAN_POINT('',(2.,0.2,40.));
#14831=CARTESIAN_POINT('Origin',(2.,2.,40.));
#14832=CARTESIAN_POINT('',(163.,0.2,40.));
#14833=CARTESIAN_POINT('',(2.,0.2,40.));
#14834=CARTESIAN_POINT('',(164.8,1.99999999999999,40.));
#14835=CARTESIAN_POINT('Origin',(163.,1.99999999999998,40.));
#14836=CARTESIAN_POINT('',(164.8,100.,40.));
#14837=CARTESIAN_POINT('',(164.8,1.99999999999999,40.));
#14838=CARTESIAN_POINT('',(163.,101.8,40.));
#14839=CARTESIAN_POINT('Origin',(163.,100.,40.));
#14840=CARTESIAN_POINT('',(163.,101.8,40.));
#14841=CARTESIAN_POINT('Origin',(1.99999999999999,100.,40.));
#14842=CARTESIAN_POINT('',(-2.5,100.,41.5));
#14843=CARTESIAN_POINT('',(-2.5,100.,40.));
#14844=CARTESIAN_POINT('',(2.00000000000003,104.5,41.5));
#14845=CARTESIAN_POINT('Origin',(1.99999999999999,100.,41.5));
#14846=CARTESIAN_POINT('',(2.00000000000003,104.5,40.));
#14847=CARTESIAN_POINT('Origin',(163.000001252561,104.500000000001,40.));
#14848=CARTESIAN_POINT('',(163.000001252561,104.500000000001,41.5));
#14849=CARTESIAN_POINT('',(163.000001252561,104.500000000001,41.5));
#14850=CARTESIAN_POINT('',(163.000001252561,104.500000000001,40.));
#14851=CARTESIAN_POINT('Origin',(163.,100.,40.));
#14852=CARTESIAN_POINT('',(167.5,99.9999966928982,41.5));
#14853=CARTESIAN_POINT('Origin',(163.,100.,41.5));
#14854=CARTESIAN_POINT('',(167.5,99.9999966928982,40.));
#14855=CARTESIAN_POINT('Origin',(167.5,2.00000000000001,40.));
#14856=CARTESIAN_POINT('',(167.5,2.00000000000001,41.5));
#14857=CARTESIAN_POINT('',(167.5,2.00000000000001,41.5));
#14858=CARTESIAN_POINT('',(167.5,2.00000000000001,40.));
#14859=CARTESIAN_POINT('Origin',(163.,2.,40.));
#14860=CARTESIAN_POINT('',(163.,-2.5,41.5));
#14861=CARTESIAN_POINT('Origin',(163.,2.,41.5));
#14862=CARTESIAN_POINT('',(163.,-2.5,40.));
#14863=CARTESIAN_POINT('Origin',(2.,-2.5,40.));
#14864=CARTESIAN_POINT('',(2.,-2.5,41.5));
#14865=CARTESIAN_POINT('',(2.,-2.5,41.5));
#14866=CARTESIAN_POINT('',(2.,-2.5,40.));
#14867=CARTESIAN_POINT('Origin',(2.,2.,40.));
#14868=CARTESIAN_POINT('',(-2.5,1.99999999999999,41.5));
#14869=CARTESIAN_POINT('Origin',(2.,2.,41.5));
#14870=CARTESIAN_POINT('',(-2.5,1.99999999999999,40.));
#14871=CARTESIAN_POINT('Origin',(-2.5,100.,40.));
#14872=CARTESIAN_POINT('',(-2.5,100.,41.5));
#14873=CARTESIAN_POINT('Origin',(82.5000000000006,51.0000000000005,41.5));
#14874=CARTESIAN_POINT('Origin',(1.99999999999998,100.,38.5000000149012));
#14875=CARTESIAN_POINT('',(2.00000000000003,101.8,37.0000000298023));
#14876=CARTESIAN_POINT('',(2.00000000000003,101.8,40.));
#14877=CARTESIAN_POINT('',(0.199999999999969,100.,37.0000000298023));
#14878=CARTESIAN_POINT('Origin',(1.99999999999999,100.,37.0000000298023));
#14879=CARTESIAN_POINT('',(0.19999999999996,100.,40.));
#14880=CARTESIAN_POINT('Origin',(1.99999999999998,100.,36.0000000149012));
#14881=CARTESIAN_POINT('Origin',(2.00000000000003,101.8,36.0000000149012));
#14882=CARTESIAN_POINT('Origin',(0.19999999999996,100.,36.0000000149012));
#14883=CARTESIAN_POINT('Origin',(163.,101.8,40.));
#14884=CARTESIAN_POINT('',(163.,101.8,37.0000000298023));
#14885=CARTESIAN_POINT('',(163.,101.8,40.));
#14886=CARTESIAN_POINT('',(163.,101.8,37.0000000298023));
#14887=CARTESIAN_POINT('Origin',(163.,101.8,36.0000000149012));
#14888=CARTESIAN_POINT('Origin',(163.,101.8,36.0000000149012));
#14889=CARTESIAN_POINT('Origin',(163.,100.,38.5000000149012));
#14890=CARTESIAN_POINT('',(164.8,100.,37.0000000298023));
#14891=CARTESIAN_POINT('',(164.8,100.,40.));
#14892=CARTESIAN_POINT('Origin',(163.,100.,37.0000000298023));
#14893=CARTESIAN_POINT('Origin',(163.,100.,36.0000000149012));
#14894=CARTESIAN_POINT('Origin',(164.8,100.,36.0000000149012));
#14895=CARTESIAN_POINT('Origin',(164.8,1.99999999999999,40.));
#14896=CARTESIAN_POINT('',(164.8,1.99999999999999,37.0000000298023));
#14897=CARTESIAN_POINT('',(164.8,1.99999999999999,40.));
#14898=CARTESIAN_POINT('',(164.8,1.99999999999999,37.0000000298023));
#14899=CARTESIAN_POINT('Origin',(164.8,1.99999999999999,36.0000000149012));
#14900=CARTESIAN_POINT('Origin',(164.8,1.99999999999999,36.0000000149012));
#14901=CARTESIAN_POINT('Origin',(163.,2.,38.5000000149012));
#14902=CARTESIAN_POINT('',(163.,0.199999999999999,37.0000000298023));
#14903=CARTESIAN_POINT('',(163.,0.2,40.));
#14904=CARTESIAN_POINT('Origin',(163.,1.99999999999998,37.0000000298023));
#14905=CARTESIAN_POINT('Origin',(163.,2.,38.0000498424471));
#14906=CARTESIAN_POINT('',(163.,1.20000000993411,36.0000996848943));
#14907=CARTESIAN_POINT('Origin',(163.,1.99999999999998,36.0000996848943));
#14908=CARTESIAN_POINT('',(163.,1.2,35.));
#14909=CARTESIAN_POINT('Origin',(163.,2.,36.0000000149012));
#14910=CARTESIAN_POINT('Origin',(163.,0.2,36.0000000149012));
#14911=CARTESIAN_POINT('Origin',(2.,0.2,40.));
#14912=CARTESIAN_POINT('',(2.,0.2,37.0000000298023));
#14913=CARTESIAN_POINT('',(2.,0.2,40.));
#14914=CARTESIAN_POINT('',(2.,0.2,37.0000000298023));
#14915=CARTESIAN_POINT('Origin',(2.,1.2,36.0000996848943));
#14916=CARTESIAN_POINT('',(2.,1.20000000993411,36.0000996848943));
#14917=CARTESIAN_POINT('',(2.,1.20000000993411,36.0000996848943));
#14918=CARTESIAN_POINT('',(2.,1.2,35.));
#14919=CARTESIAN_POINT('Origin',(2.,0.2,36.0000000149012));
#14920=CARTESIAN_POINT('Origin',(2.,0.2,36.0000000149012));
#14921=CARTESIAN_POINT('Origin',(2.,2.,38.5000000149012));
#14922=CARTESIAN_POINT('',(0.199999999999997,1.99999999999999,37.0000000298023));
#14923=CARTESIAN_POINT('',(0.199999999999997,1.99999999999999,40.));
#14924=CARTESIAN_POINT('Origin',(2.,2.,37.0000000298023));
#14925=CARTESIAN_POINT('Origin',(2.,2.,38.0000498424471));
#14926=CARTESIAN_POINT('',(1.2000000099341,1.99999999999999,36.0000996848943));
#14927=CARTESIAN_POINT('Origin',(2.,2.,36.0000996848943));
#14928=CARTESIAN_POINT('',(1.2,1.99999999999999,35.));
#14929=CARTESIAN_POINT('Origin',(2.,2.,36.0000000149012));
#14930=CARTESIAN_POINT('Origin',(0.199999999999997,1.99999999999999,36.0000000149012));
#14931=CARTESIAN_POINT('Origin',(0.199999999999994,51.,40.));
#14932=CARTESIAN_POINT('',(0.199999999999974,100.,37.0000000298023));
#14933=CARTESIAN_POINT('Origin',(1.19999999999999,51.,36.0000996848943));
#14934=CARTESIAN_POINT('',(1.2000000099341,51.,36.0000996848943));
#14935=CARTESIAN_POINT('Origin',(0.199999999999994,51.,36.0000000149012));
#14936=CARTESIAN_POINT('Origin',(-7.50000000000001,61.2500011175871,24.5));
#14937=CARTESIAN_POINT('',(-4.75000000000001,61.2500011175871,25.));
#14938=CARTESIAN_POINT('Origin',(-7.50000000000001,61.2500011175871,25.));
#14939=CARTESIAN_POINT('',(-5.75000000000001,61.2500011175871,24.));
#14940=CARTESIAN_POINT('',(-5.25000000000001,61.2500011175871,24.5));
#14941=CARTESIAN_POINT('Origin',(-7.50000000000001,61.2500011175871,24.));
#14942=CARTESIAN_POINT('Origin',(-7.5,75.0000011175871,25.));
#14943=CARTESIAN_POINT('',(-12.5,55.0000011175871,25.));
#14944=CARTESIAN_POINT('',(-2.9,55.0000011175871,25.));
#14945=CARTESIAN_POINT('',(-12.5,55.0000011175871,25.));
#14946=CARTESIAN_POINT('',(-2.90000000000001,95.0000011175871,25.));
#14947=CARTESIAN_POINT('',(-2.9,65.0000011175871,25.));
#14948=CARTESIAN_POINT('',(-12.5,95.0000011175871,25.));
#14949=CARTESIAN_POINT('',(-2.50000000000001,95.0000011175871,25.));
#14950=CARTESIAN_POINT('',(-12.5,95.0000011175871,25.));
#14951=CARTESIAN_POINT('',(-4.75,88.7500011175871,25.));
#14952=CARTESIAN_POINT('Origin',(-7.5,88.7500011175871,25.));
#14953=CARTESIAN_POINT('Origin',(-7.50000000000001,61.2500011175871,28.));
#14954=CARTESIAN_POINT('',(-5.75000000000001,61.2500011175871,23.));
#14955=CARTESIAN_POINT('Origin',(-7.50000000000001,61.2500011175871,23.));
#14956=CARTESIAN_POINT('',(-5.75000000000001,61.2500011175871,28.));
#14957=CARTESIAN_POINT('Origin',(-7.5,88.7500011175871,24.5));
#14958=CARTESIAN_POINT('',(-5.75,88.7500011175871,24.));
#14959=CARTESIAN_POINT('',(-5.25,88.7500011175871,24.5));
#14960=CARTESIAN_POINT('Origin',(-7.5,88.7500011175871,24.));
#14961=CARTESIAN_POINT('Origin',(-7.5,88.7500011175871,28.));
#14962=CARTESIAN_POINT('',(-5.75,88.7500011175871,23.));
#14963=CARTESIAN_POINT('Origin',(-7.5,88.7500011175871,23.));
#14964=CARTESIAN_POINT('',(-5.75,88.7500011175871,28.));
#14965=CARTESIAN_POINT('Origin',(-2.5,70.4500010430813,15.25));
#14966=CARTESIAN_POINT('',(-12.5,70.2000010430813,15.5));
#14967=CARTESIAN_POINT('',(-12.5,70.7000010430813,15.));
#14968=CARTESIAN_POINT('',(-12.5,74.6500010617077,11.0499999813735));
#14969=CARTESIAN_POINT('',(-2.9,70.7000010430813,15.));
#14970=CARTESIAN_POINT('',(-2.5,70.7000010430813,15.));
#14971=CARTESIAN_POINT('',(-2.9,70.2000010430813,15.5));
#14972=CARTESIAN_POINT('',(-2.9,64.6500010617077,21.0499999813736));
#14973=CARTESIAN_POINT('',(-2.5,70.2000010430813,15.5));
#14974=CARTESIAN_POINT('Origin',(-2.5,70.2000010430813,15.));
#14975=CARTESIAN_POINT('',(-2.9,70.2000010430813,23.));
#14976=CARTESIAN_POINT('',(-2.9,70.2000010430813,19.));
#14977=CARTESIAN_POINT('',(-12.5,70.2000010430813,23.));
#14978=CARTESIAN_POINT('',(-5.,70.2000010430813,23.));
#14979=CARTESIAN_POINT('',(-12.5,70.2000010430813,19.));
#14980=CARTESIAN_POINT('Origin',(-2.9,55.0000011175871,23.));
#14981=CARTESIAN_POINT('',(-2.9,71.0000011175871,15.));
#14982=CARTESIAN_POINT('',(-2.9,63.2500011175871,15.));
#14983=CARTESIAN_POINT('',(-2.9,71.5357154033014,15.498722858706));
#14984=CARTESIAN_POINT('',(-2.9,68.8431068381256,12.9920407021711));
#14985=CARTESIAN_POINT('',(-2.9,78.4642868318728,15.498722858706));
#14986=CARTESIAN_POINT('Origin',(-2.9,75.0000011175871,15.));
#14987=CARTESIAN_POINT('',(-2.9,79.0000011175871,15.));
#14988=CARTESIAN_POINT('',(-2.9,70.442609682763,22.9664978762918));
#14989=CARTESIAN_POINT('',(-2.9,79.3000011175871,15.));
#14990=CARTESIAN_POINT('',(-2.9,67.5000011175871,15.));
#14991=CARTESIAN_POINT('',(-2.9,79.8000011175871,15.5));
#14992=CARTESIAN_POINT('',(-2.90000000000001,75.350001117587,11.05));
#14993=CARTESIAN_POINT('',(-2.9,79.8000011175871,23.));
#14994=CARTESIAN_POINT('',(-2.90000000000001,79.8000011175871,23.));
#14995=CARTESIAN_POINT('',(-2.90000000000001,95.0000011175871,23.));
#14996=CARTESIAN_POINT('',(-2.9,65.0000011175871,23.));
#14997=CARTESIAN_POINT('',(-2.90000000000001,95.0000011175871,23.));
#14998=CARTESIAN_POINT('',(-2.9,55.0000011175871,23.));
#14999=CARTESIAN_POINT('',(-2.9,55.0000011175871,23.));
#15000=CARTESIAN_POINT('',(-2.9,65.0000011175871,23.));
#15001=CARTESIAN_POINT('Origin',(-2.5,78.7321439747299,15.249361429353));
#15002=CARTESIAN_POINT('',(-12.5,78.4642868318728,15.498722858706));
#15003=CARTESIAN_POINT('',(-12.5,79.0000011175871,15.));
#15004=CARTESIAN_POINT('',(-12.5,81.1568953970486,12.9920407021711));
#15005=CARTESIAN_POINT('',(-2.5,79.0000011175871,15.));
#15006=CARTESIAN_POINT('',(-2.5,78.4642868318728,15.498722858706));
#15007=CARTESIAN_POINT('Origin',(-2.5,80.0000011175871,15.));
#15008=CARTESIAN_POINT('',(-12.5,79.3000011175871,15.));
#15009=CARTESIAN_POINT('',(-12.5,77.5000010989606,15.));
#15010=CARTESIAN_POINT('',(-2.5,79.3000011175871,15.));
#15011=CARTESIAN_POINT('Origin',(-2.5,79.5500011175871,15.25));
#15012=CARTESIAN_POINT('',(-12.5,79.8000011175871,15.5));
#15013=CARTESIAN_POINT('',(-12.5,85.3500011175871,21.05));
#15014=CARTESIAN_POINT('',(-2.5,79.8000011175871,15.5));
#15015=CARTESIAN_POINT('Origin',(-2.5,71.2678582604442,15.249361429353));
#15016=CARTESIAN_POINT('',(-12.5,71.0000011175871,15.));
#15017=CARTESIAN_POINT('',(-12.5,71.5357154033014,15.498722858706));
#15018=CARTESIAN_POINT('',(-12.5,79.5573925524111,22.9664978762918));
#15019=CARTESIAN_POINT('',(-2.5,71.5357154033014,15.498722858706));
#15020=CARTESIAN_POINT('',(-2.5,71.0000011175871,15.));
#15021=CARTESIAN_POINT('Origin',(-2.5,75.0000011175871,15.));
#15022=CARTESIAN_POINT('Origin',(-12.5,75.0000011175871,15.));
#15023=CARTESIAN_POINT('',(-3.50000005960455,71.5376324362607,15.5118623980818));
#15024=CARTESIAN_POINT('',(-3.50000005958776,78.4623697989135,15.5118623980818));
#15025=CARTESIAN_POINT('Origin',(-3.50000005960828,75.0000011175871,15.));
#15026=CARTESIAN_POINT('',(-4.50000005960474,78.4623697989135,15.5118623980818));
#15027=CARTESIAN_POINT('',(-2.5,78.4623697989135,15.5118623980818));
#15028=CARTESIAN_POINT('',(-4.50000005962153,71.5376324362607,15.5118623980818));
#15029=CARTESIAN_POINT('Origin',(-4.50000005960101,75.0000011175871,15.));
#15030=CARTESIAN_POINT('',(-2.5,71.5376324362607,15.5118623980818));
#15031=CARTESIAN_POINT('',(-8.50000013411036,71.5376324362607,15.5118623980818));
#15032=CARTESIAN_POINT('',(-8.50000013409356,78.4623697989135,15.5118623980818));
#15033=CARTESIAN_POINT('Origin',(-8.50000013411409,75.0000011175871,15.));
#15034=CARTESIAN_POINT('',(-9.50000013411054,78.4623697989135,15.5118623980818));
#15035=CARTESIAN_POINT('',(-2.5,78.4623697989135,15.5118623980818));
#15036=CARTESIAN_POINT('',(-9.50000013412734,71.5376324362607,15.5118623980818));
#15037=CARTESIAN_POINT('Origin',(-9.50000013410681,75.0000011175871,15.));
#15038=CARTESIAN_POINT('',(-2.5,71.5376324362607,15.5118623980818));
#15039=CARTESIAN_POINT('Origin',(-9.25000013411288,77.5000010989606,16.25));
#15040=CARTESIAN_POINT('',(-9.00000013410888,72.1458991513374,16.));
#15041=CARTESIAN_POINT('',(-9.50000013412435,72.7689475629804,16.5));
#15042=CARTESIAN_POINT('',(-9.00685127518397,72.1544363364458,16.0068511410581));
#15043=CARTESIAN_POINT('',(-9.50000013411353,77.2310546721938,16.5));
#15044=CARTESIAN_POINT('',(-9.50000013411288,77.5000010989612,16.5));
#15045=CARTESIAN_POINT('',(-9.00000013409504,77.8541030838368,16.));
#15046=CARTESIAN_POINT('',(-8.12999936041968,78.9382082841878,15.1299992263103));
#15047=CARTESIAN_POINT('',(-9.00000013410802,72.5000010617083,16.));
#15048=CARTESIAN_POINT('Origin',(-9.50000013410681,80.0000011175871,16.));
#15049=CARTESIAN_POINT('',(-9.50000013411007,78.6588089365506,15.3542188394383));
#15050=CARTESIAN_POINT('',(-9.50000013412044,74.3825268740176,17.7949068490378));
#15051=CARTESIAN_POINT('Origin',(-8.75000013410802,72.5000010617077,16.25));
#15052=CARTESIAN_POINT('',(-8.50000013409655,77.2310546721938,16.5));
#15053=CARTESIAN_POINT('',(-7.16358405391091,75.5657508400813,17.8364160801897));
#15054=CARTESIAN_POINT('',(-8.50000013410737,72.7689475629804,16.5));
#15055=CARTESIAN_POINT('',(-8.50000013410802,72.5000010617071,16.5));
#15056=CARTESIAN_POINT('',(-8.04043599479153,73.3416089770762,16.9595641393144));
#15057=CARTESIAN_POINT('Origin',(-8.50000013411409,70.0000010430813,16.));
#15058=CARTESIAN_POINT('',(-8.50000013411084,71.3411932759735,15.3542188212615));
#15059=CARTESIAN_POINT('',(-8.50000013410046,75.6174753385065,17.7949068672147));
#15060=CARTESIAN_POINT('Origin',(-4.25000005960707,77.5000010989606,16.25));
#15061=CARTESIAN_POINT('',(-4.00000005960308,72.1458991513374,16.));
#15062=CARTESIAN_POINT('',(-4.50000005961854,72.7689475629804,16.5));
#15063=CARTESIAN_POINT('',(-4.71053001436058,73.0312882707917,16.7105299547427));
#15064=CARTESIAN_POINT('',(-4.50000005960772,77.2310546721938,16.5));
#15065=CARTESIAN_POINT('',(-4.50000005960707,77.5000010989612,16.5));
#15066=CARTESIAN_POINT('',(-4.00000005958923,77.8541030838368,16.));
#15067=CARTESIAN_POINT('',(-3.8336780996024,78.0613563498396,15.8336780399967));
#15068=CARTESIAN_POINT('',(-4.00000005960222,72.5000010617083,16.));
#15069=CARTESIAN_POINT('Origin',(-4.50000005960101,80.0000011175871,16.));
#15070=CARTESIAN_POINT('',(-4.50000005960426,78.6588089365469,15.3542188394413));
#15071=CARTESIAN_POINT('',(-4.50000005961463,74.3825268740139,17.7949068490349));
#15072=CARTESIAN_POINT('Origin',(-3.75000005960222,72.5000010617077,16.25));
#15073=CARTESIAN_POINT('',(-3.50000005959075,77.2310546721938,16.5));
#15074=CARTESIAN_POINT('',(-2.86726279308752,76.4426027744272,17.1327372665051));
#15075=CARTESIAN_POINT('',(-3.50000005960157,72.7689475629804,16.5));
#15076=CARTESIAN_POINT('',(-3.50000005960222,72.5000010617071,16.5));
#15077=CARTESIAN_POINT('',(-3.74411473397426,72.464757042728,16.255885325628));
#15078=CARTESIAN_POINT('Origin',(-3.50000005960828,70.0000010430813,16.));
#15079=CARTESIAN_POINT('',(-3.50000005960503,71.3411932759698,15.3542188212585));
#15080=CARTESIAN_POINT('',(-3.50000005959466,75.6174753385028,17.7949068672176));
#15081=CARTESIAN_POINT('Origin',(-2.5,71.8417657937991,15.7559311990409));
#15082=CARTESIAN_POINT('Origin',(-2.5,78.1582364413751,15.7559311990409));
#15083=CARTESIAN_POINT('Origin',(-2.5,71.8417657937991,15.7559311990409));
#15084=CARTESIAN_POINT('Origin',(-2.5,78.1582364413751,15.7559311990409));
#15085=CARTESIAN_POINT('Origin',(-2.5,79.8000011175871,23.));
#15086=CARTESIAN_POINT('',(-12.5,79.8000011175871,23.));
#15087=CARTESIAN_POINT('',(-12.5,79.8000011175871,23.));
#15088=CARTESIAN_POINT('',(-5.,79.8000011175871,23.));
#15089=CARTESIAN_POINT('Origin',(-2.5,71.5000011175871,15.));
#15090=CARTESIAN_POINT('',(-12.5,73.2500010989606,15.));
#15091=CARTESIAN_POINT('Origin',(-7.5,75.0000011175871,23.));
#15092=CARTESIAN_POINT('',(-12.5,95.0000011175871,23.));
#15093=CARTESIAN_POINT('',(-12.5,95.0000011175871,23.));
#15094=CARTESIAN_POINT('',(-2.50000000000001,95.0000011175871,23.));
#15095=CARTESIAN_POINT('Origin',(-7.5,75.0000011175871,23.));
#15096=CARTESIAN_POINT('',(-12.5,55.0000011175871,23.));
#15097=CARTESIAN_POINT('',(-12.5,55.0000011175871,23.));
#15098=CARTESIAN_POINT('',(-12.5,95.0000011175871,23.));
#15099=CARTESIAN_POINT('Origin',(-12.5,95.0000011175871,23.));
#15100=CARTESIAN_POINT('',(-12.5,55.0000011175871,23.));
#15101=CARTESIAN_POINT('',(-12.5,95.0000011175871,23.));
#15102=CARTESIAN_POINT('Origin',(-2.50000000000001,95.0000011175871,23.));
#15103=CARTESIAN_POINT('Origin',(-12.5,55.0000011175871,23.));
#15104=CARTESIAN_POINT('Origin',(165.,75.0000011175871,15.));
#15105=CARTESIAN_POINT('',(168.500000059588,78.1614893593678,15.753320713297));
#15106=CARTESIAN_POINT('',(168.500000059604,71.8385128758064,15.753320713297));
#15107=CARTESIAN_POINT('Origin',(168.500000059608,75.0000011175871,15.));
#15108=CARTESIAN_POINT('',(169.500000059605,78.1614893593678,15.753320713297));
#15109=CARTESIAN_POINT('',(165.,78.1614893593678,15.753320713297));
#15110=CARTESIAN_POINT('',(169.500000059621,71.8385128758064,15.753320713297));
#15111=CARTESIAN_POINT('Origin',(169.500000059601,75.0000011175871,15.));
#15112=CARTESIAN_POINT('',(165.,71.8385128758064,15.753320713297));
#15113=CARTESIAN_POINT('Origin',(165.,75.0000011175871,15.));
#15114=CARTESIAN_POINT('',(173.500000134094,78.1614893593678,15.753320713297));
#15115=CARTESIAN_POINT('',(173.50000013411,71.8385128758064,15.753320713297));
#15116=CARTESIAN_POINT('Origin',(173.500000134114,75.0000011175871,15.));
#15117=CARTESIAN_POINT('',(174.500000134111,78.1614893593678,15.753320713297));
#15118=CARTESIAN_POINT('',(165.,78.1614893593678,15.753320713297));
#15119=CARTESIAN_POINT('',(174.500000134127,71.8385128758064,15.753320713297));
#15120=CARTESIAN_POINT('Origin',(174.500000134107,75.0000011175871,15.));
#15121=CARTESIAN_POINT('',(165.,71.8385128758064,15.753320713297));
#15122=CARTESIAN_POINT('Origin',(174.500000134107,80.0000011175871,16.));
#15123=CARTESIAN_POINT('',(174.500000134111,78.4623697989135,15.5118623980818));
#15124=CARTESIAN_POINT('',(174.50000013411,78.6588089365506,15.3542188394383));
#15125=CARTESIAN_POINT('',(174.500000134127,71.5376324362607,15.5118623980818));
#15126=CARTESIAN_POINT('Origin',(174.500000134107,75.0000011175871,15.));
#15127=CARTESIAN_POINT('',(174.50000013412,74.3825268740176,17.7949068490378));
#15128=CARTESIAN_POINT('Origin',(167.5,78.1582364413751,15.7559311990409));
#15129=CARTESIAN_POINT('',(173.500000134094,78.4623697989135,15.5118623980818));
#15130=CARTESIAN_POINT('',(173.5000001341,75.6174753385065,17.7949068672147));
#15131=CARTESIAN_POINT('',(167.5,78.4623697989135,15.5118623980818));
#15132=CARTESIAN_POINT('Origin',(169.500000059601,80.0000011175871,16.));
#15133=CARTESIAN_POINT('',(169.500000059605,78.4623697989135,15.5118623980818));
#15134=CARTESIAN_POINT('',(169.500000059604,78.6588089365469,15.3542188394413));
#15135=CARTESIAN_POINT('',(169.500000059621,71.5376324362607,15.5118623980818));
#15136=CARTESIAN_POINT('Origin',(169.500000059601,75.0000011175871,15.));
#15137=CARTESIAN_POINT('',(169.500000059615,74.3825268740139,17.7949068490349));
#15138=CARTESIAN_POINT('Origin',(167.5,78.1582364413751,15.7559311990409));
#15139=CARTESIAN_POINT('',(168.500000059588,78.4623697989135,15.5118623980818));
#15140=CARTESIAN_POINT('',(168.500000059595,75.6174753385028,17.7949068672176));
#15141=CARTESIAN_POINT('',(167.5,78.4623697989135,15.5118623980818));
#15142=CARTESIAN_POINT('Origin',(172.5,61.2500011175871,24.5));
#15143=CARTESIAN_POINT('',(169.75,61.2500011175871,25.));
#15144=CARTESIAN_POINT('Origin',(172.5,61.2500011175871,25.));
#15145=CARTESIAN_POINT('',(170.75,61.2500011175871,24.));
#15146=CARTESIAN_POINT('',(170.25,61.2500011175871,24.5));
#15147=CARTESIAN_POINT('Origin',(172.5,61.2500011175871,24.));
#15148=CARTESIAN_POINT('Origin',(172.5,75.0000011175871,25.));
#15149=CARTESIAN_POINT('',(177.5,55.0000011175871,25.));
#15150=CARTESIAN_POINT('',(167.9,55.0000011175871,25.));
#15151=CARTESIAN_POINT('',(177.5,55.0000011175871,25.));
#15152=CARTESIAN_POINT('',(177.5,95.0000011175871,25.));
#15153=CARTESIAN_POINT('',(177.5,95.0000011175871,25.));
#15154=CARTESIAN_POINT('',(167.9,95.0000011175871,25.));
#15155=CARTESIAN_POINT('',(167.5,95.0000011175871,25.));
#15156=CARTESIAN_POINT('',(167.9,65.0000011175871,25.));
#15157=CARTESIAN_POINT('',(169.75,88.7500011175871,25.));
#15158=CARTESIAN_POINT('Origin',(172.5,88.7500011175871,25.));
#15159=CARTESIAN_POINT('Origin',(172.5,61.2500011175871,28.));
#15160=CARTESIAN_POINT('',(170.75,61.2500011175871,23.));
#15161=CARTESIAN_POINT('Origin',(172.5,61.2500011175871,23.));
#15162=CARTESIAN_POINT('',(170.75,61.2500011175871,28.));
#15163=CARTESIAN_POINT('Origin',(172.5,88.7500011175871,24.5));
#15164=CARTESIAN_POINT('',(170.75,88.7500011175871,24.));
#15165=CARTESIAN_POINT('',(170.25,88.7500011175871,24.5));
#15166=CARTESIAN_POINT('Origin',(172.5,88.7500011175871,24.));
#15167=CARTESIAN_POINT('Origin',(172.5,88.7500011175871,28.));
#15168=CARTESIAN_POINT('',(170.75,88.7500011175871,23.));
#15169=CARTESIAN_POINT('Origin',(172.5,88.7500011175871,23.));
#15170=CARTESIAN_POINT('',(170.75,88.7500011175871,28.));
#15171=CARTESIAN_POINT('Origin',(167.5,70.4500010430813,15.25));
#15172=CARTESIAN_POINT('',(177.5,70.2000010430813,15.5));
#15173=CARTESIAN_POINT('',(177.5,70.7000010430813,15.));
#15174=CARTESIAN_POINT('',(177.5,74.6500010617077,11.0499999813735));
#15175=CARTESIAN_POINT('',(167.9,70.2000010430813,15.5));
#15176=CARTESIAN_POINT('',(167.5,70.2000010430813,15.5));
#15177=CARTESIAN_POINT('',(167.9,70.7000010430813,15.));
#15178=CARTESIAN_POINT('',(167.9,64.6500010617077,21.0499999813736));
#15179=CARTESIAN_POINT('',(167.5,70.7000010430813,15.));
#15180=CARTESIAN_POINT('Origin',(167.5,70.2000010430813,15.));
#15181=CARTESIAN_POINT('',(177.5,70.2000010430813,23.));
#15182=CARTESIAN_POINT('',(177.5,70.2000010430813,19.));
#15183=CARTESIAN_POINT('',(167.9,70.2000010430813,23.));
#15184=CARTESIAN_POINT('',(170.,70.2000010430813,23.));
#15185=CARTESIAN_POINT('',(167.9,70.2000010430813,19.));
#15186=CARTESIAN_POINT('Origin',(167.9,55.0000011175871,23.));
#15187=CARTESIAN_POINT('',(167.9,55.0000011175871,23.));
#15188=CARTESIAN_POINT('',(167.9,65.0000011175871,23.));
#15189=CARTESIAN_POINT('',(167.9,55.0000011175871,23.));
#15190=CARTESIAN_POINT('',(167.9,95.0000011175871,23.));
#15191=CARTESIAN_POINT('',(167.9,95.0000011175871,23.));
#15192=CARTESIAN_POINT('',(167.9,79.8000011175871,23.));
#15193=CARTESIAN_POINT('',(167.9,65.0000011175871,23.));
#15194=CARTESIAN_POINT('',(167.9,79.8000011175871,15.5));
#15195=CARTESIAN_POINT('',(167.9,79.8000011175871,23.));
#15196=CARTESIAN_POINT('',(167.9,79.3000011175871,15.));
#15197=CARTESIAN_POINT('',(167.9,75.350001117587,11.05));
#15198=CARTESIAN_POINT('',(167.9,79.0000011175871,15.));
#15199=CARTESIAN_POINT('',(167.9,67.5000011175871,15.));
#15200=CARTESIAN_POINT('',(167.9,78.4642868318728,15.498722858706));
#15201=CARTESIAN_POINT('',(167.9,70.442609682763,22.9664978762918));
#15202=CARTESIAN_POINT('',(167.9,71.5357154033014,15.498722858706));
#15203=CARTESIAN_POINT('Origin',(167.9,75.0000011175871,15.));
#15204=CARTESIAN_POINT('',(167.9,71.0000011175871,15.));
#15205=CARTESIAN_POINT('',(167.9,68.8431068381256,12.9920407021711));
#15206=CARTESIAN_POINT('',(167.9,63.2500011175871,15.));
#15207=CARTESIAN_POINT('Origin',(167.5,78.7321439747299,15.249361429353));
#15208=CARTESIAN_POINT('',(177.5,78.4642868318728,15.498722858706));
#15209=CARTESIAN_POINT('',(177.5,79.0000011175871,15.));
#15210=CARTESIAN_POINT('',(177.5,81.1568953970486,12.9920407021711));
#15211=CARTESIAN_POINT('',(167.5,78.4642868318728,15.498722858706));
#15212=CARTESIAN_POINT('',(167.5,79.0000011175871,15.));
#15213=CARTESIAN_POINT('Origin',(167.5,80.0000011175871,15.));
#15214=CARTESIAN_POINT('',(177.5,79.3000011175871,15.));
#15215=CARTESIAN_POINT('',(167.5,79.3000011175871,15.));
#15216=CARTESIAN_POINT('',(177.5,77.5000010989606,15.));
#15217=CARTESIAN_POINT('Origin',(167.5,79.5500011175871,15.25));
#15218=CARTESIAN_POINT('',(177.5,79.8000011175871,15.5));
#15219=CARTESIAN_POINT('',(177.5,85.3500011175871,21.05));
#15220=CARTESIAN_POINT('',(167.5,79.8000011175871,15.5));
#15221=CARTESIAN_POINT('Origin',(167.5,71.2678582604442,15.249361429353));
#15222=CARTESIAN_POINT('',(177.5,71.0000011175871,15.));
#15223=CARTESIAN_POINT('',(177.5,71.5357154033014,15.498722858706));
#15224=CARTESIAN_POINT('',(177.5,79.5573925524111,22.9664978762918));
#15225=CARTESIAN_POINT('',(167.5,71.0000011175871,15.));
#15226=CARTESIAN_POINT('',(167.5,71.5357154033014,15.498722858706));
#15227=CARTESIAN_POINT('Origin',(167.5,75.0000011175871,15.));
#15228=CARTESIAN_POINT('Origin',(177.5,75.0000011175871,15.));
#15229=CARTESIAN_POINT('',(168.500000059605,71.5376324362607,15.5118623980818));
#15230=CARTESIAN_POINT('Origin',(168.500000059608,75.0000011175871,15.));
#15231=CARTESIAN_POINT('',(167.5,71.5376324362607,15.5118623980818));
#15232=CARTESIAN_POINT('',(173.50000013411,71.5376324362607,15.5118623980818));
#15233=CARTESIAN_POINT('Origin',(173.500000134114,75.0000011175871,15.));
#15234=CARTESIAN_POINT('',(167.5,71.5376324362607,15.5118623980818));
#15235=CARTESIAN_POINT('Origin',(173.500000134114,70.0000010430813,16.));
#15236=CARTESIAN_POINT('',(173.500000134111,71.3411932759735,15.3542188212615));
#15237=CARTESIAN_POINT('Origin',(168.500000059608,70.0000010430813,16.));
#15238=CARTESIAN_POINT('',(168.500000059605,71.3411932759698,15.3542188212585));
#15239=CARTESIAN_POINT('Origin',(167.5,71.8417657937991,15.7559311990409));
#15240=CARTESIAN_POINT('Origin',(167.5,71.8417657937991,15.7559311990409));
#15241=CARTESIAN_POINT('Origin',(167.5,79.8000011175871,23.));
#15242=CARTESIAN_POINT('',(177.5,79.8000011175871,23.));
#15243=CARTESIAN_POINT('',(170.,79.8000011175871,23.));
#15244=CARTESIAN_POINT('',(177.5,79.8000011175871,23.));
#15245=CARTESIAN_POINT('Origin',(167.5,71.5000011175871,15.));
#15246=CARTESIAN_POINT('',(177.5,73.2500010989606,15.));
#15247=CARTESIAN_POINT('Origin',(172.5,75.0000011175871,23.));
#15248=CARTESIAN_POINT('',(177.5,95.0000011175871,23.));
#15249=CARTESIAN_POINT('',(167.5,95.0000011175871,23.));
#15250=CARTESIAN_POINT('',(177.5,95.0000011175871,23.));
#15251=CARTESIAN_POINT('Origin',(172.5,75.0000011175871,23.));
#15252=CARTESIAN_POINT('',(177.5,55.0000011175871,23.));
#15253=CARTESIAN_POINT('',(177.5,95.0000011175871,23.));
#15254=CARTESIAN_POINT('',(177.5,55.0000011175871,23.));
#15255=CARTESIAN_POINT('Origin',(177.5,95.0000011175871,23.));
#15256=CARTESIAN_POINT('',(177.5,95.0000011175871,23.));
#15257=CARTESIAN_POINT('',(177.5,55.0000011175871,23.));
#15258=CARTESIAN_POINT('Origin',(167.5,95.0000011175871,23.));
#15259=CARTESIAN_POINT('Origin',(177.5,55.0000011175871,23.));
#15260=UNCERTAINTY_MEASURE_WITH_UNIT(LENGTH_MEASURE(0.01),#15264,
'DISTANCE_ACCURACY_VALUE',
'Maximum model space distance between geometric entities at asserted c
onnectivities');
#15261=UNCERTAINTY_MEASURE_WITH_UNIT(LENGTH_MEASURE(0.01),#15264,
'DISTANCE_ACCURACY_VALUE',
'Maximum model space distance between geometric entities at asserted c
onnectivities');
#15262=(
GEOMETRIC_REPRESENTATION_CONTEXT(3)
GLOBAL_UNCERTAINTY_ASSIGNED_CONTEXT((#15260))
GLOBAL_UNIT_ASSIGNED_CONTEXT((#15264,#15266,#15267))
REPRESENTATION_CONTEXT('','3D')
);
#15263=(
GEOMETRIC_REPRESENTATION_CONTEXT(3)
GLOBAL_UNCERTAINTY_ASSIGNED_CONTEXT((#15261))
GLOBAL_UNIT_ASSIGNED_CONTEXT((#15264,#15266,#15267))
REPRESENTATION_CONTEXT('','3D')
);
#15264=(
LENGTH_UNIT()
NAMED_UNIT(*)
SI_UNIT(.MILLI.,.METRE.)
);
#15265=(
LENGTH_UNIT()
NAMED_UNIT(*)
SI_UNIT($,.METRE.)
);
#15266=(
NAMED_UNIT(*)
PLANE_ANGLE_UNIT()
SI_UNIT($,.RADIAN.)
);
#15267=(
NAMED_UNIT(*)
SI_UNIT($,.STERADIAN.)
SOLID_ANGLE_UNIT()
);
#15268=SHAPE_DEFINITION_REPRESENTATION(#15269,#15270);
#15269=PRODUCT_DEFINITION_SHAPE('',$,#15272);
#15270=SHAPE_REPRESENTATION('',(#9404),#15262);
#15271=PRODUCT_DEFINITION_CONTEXT('part definition',#15276,'design');
#15272=PRODUCT_DEFINITION('WLED_Case_5V/10A_ESP32',
'WLED_Case_5V/10A_ESP32 v3',#15273,#15271);
#15273=PRODUCT_DEFINITION_FORMATION('',$,#15278);
#15274=PRODUCT_RELATED_PRODUCT_CATEGORY('WLED_Case_5V/10A_ESP32 v3',
'WLED_Case_5V/10A_ESP32 v3',(#15278));
#15275=APPLICATION_PROTOCOL_DEFINITION('international standard',
'automotive_design',2009,#15276);
#15276=APPLICATION_CONTEXT(
'Core Data for Automotive Mechanical Design Process');
#15277=PRODUCT_CONTEXT('part definition',#15276,'mechanical');
#15278=PRODUCT('WLED_Case_5V/10A_ESP32','WLED_Case_5V/10A_ESP32 v3',$,(#15277));
#15279=PRESENTATION_STYLE_ASSIGNMENT((#15280));
#15280=SURFACE_STYLE_USAGE(.BOTH.,#15281);
#15281=SURFACE_SIDE_STYLE('',(#15282));
#15282=SURFACE_STYLE_FILL_AREA(#15283);
#15283=FILL_AREA_STYLE('Stahl - satiniert',(#15284));
#15284=FILL_AREA_STYLE_COLOUR('Stahl - satiniert',#15285);
#15285=COLOUR_RGB('Stahl - satiniert',0.627450980392157,0.627450980392157,
0.627450980392157);
ENDSEC;
END-ISO-10303-21;
